CODIGO_SINIESTRO,FECHA_SINIESTRO,HORA_SINIESTRO,CLASE_SINIESTRO,CANTIDAD_DE_FALLECIDOS,CANTIDAD_DE_LESIONADOS,CANTIDAD_DE_VEHICULOS_DANADOS,DEPARTAMENTO,PROVINCIA,DISTRITO,ZONA,TIPO_DE_VIA,RED_VIAL,COD_CARRETERA,EXISTE_CICLOVIA,COORDENADAS_LATITUD,COORDENADAS_LONGITUD,CONDICION_CLIMATICA,ZONIFICACION,CARACTERISTICAS_DE_VIA,PERFIL_LONGITUDINAL_VIA,SUPERFICIE_DE_CALZADA,EXISTE_SENAL_VERTICAL,CLASIFICACION_DE_LA_SENAL_VERTICAL_N_1,CLASIFICACION_DE_LA_SENAL_VERTICAL_N_2,EXISTE_SENAL_HORIZONTAL,CAUSA_FACTOR_PRINCIPAL,CAUSA_ESPECIFICA
A-2023-06-37,04/06/2023,05:20,ATROPELLO,1,0,1,LA LIBERTAD,TRUJILLO,LAREDO,RURAL,CARRETERA,NACIONAL,PE-10A,NO,-8.097259,-78.973816,DESPEJADO,RURAL,TRAMO RECTO,PLANA ,ASFALTADA,,,,,NO IDENTIFICA LA CAUSA,
A-2023-06-41,04/06/2023,06:00,CHOQUE FUGA,1,0,1,LA LIBERTAD,PACASMAYO,SAN PEDRO DE LLOC,RURAL,CARRETERA,NACIONAL,PE-1N,NO,-7.466729,-79.437885,DESPEJADO,RURAL,TRAMO RECTO,PLANA ,ASFALTADA,,,,,NO IDENTIFICA LA CAUSA,
A-2023-06-183,04/06/2023,06:20,DESPISTE,1,0,1,CAJAMARCA,CUTERVO,SOCOTA,RURAL,CARRETERA,NACIONAL,PE-3ND,NO,-6.328544,-78.709728,DESPEJADO,RURAL,CURVA,INCLINADA,ASFALTADA,NO,,,SI,IMPRUDENCIA DEL CONDUCTOR,CONDUCIR EN ESTADO DE EBRIEDAD Y/O DROGADICCIÓN
A-2023-06-118,04/06/2023,07:20,ATROPELLO FUGA,1,0,,LIMA,LIMA,VILLA EL SALVADOR,RURAL,CARRETERA,NACIONAL,PE-1S,NO,-12.235937,-76.956483,DESPEJADO,RURAL,TRAMO RECTO,PLANA ,ASFALTADA,,,,,EN PROCESO DE INVESTIGACIÓN,NO CUENTA CON CAUSA ESPECIFICA
A-2023-06-119,04/06/2023,07:45,ATROPELLO FUGA,1,0,,LIMA,LIMA,SANTIAGO DE SURCO,URBANA,CARRETERA,NACIONAL,PE-1S,NO,-12.136873,-76.980469,DESPEJADO,RESIDENCIAL,TRAMO RECTO,PLANA ,ASFALTADA,SI,PREVENTIVA (P),,NO,EN PROCESO DE INVESTIGACIÓN,NO CUENTA CON CAUSA ESPECIFICA
A-2023-06-11,04/06/2023,07:50,DESPISTE,1,1,1,PUNO,PUNO,PUNO,RURAL,CARRETERA,NACIONAL,PE-3S,NO,-15.798502,-70.035459,DESPEJADO,RURAL,TRAMO RECTO,PLANA ,ASFALTADA,,,,,IMPRUDENCIA DEL CONDUCTOR,FATIGA Y/O CANSANCIO
A-2023-06-2,04/06/2023,08:15,CHOQUE,1,2,3,ICA,ICA,SANTIAGO,URBANA,CARRETERA,NACIONAL,PE-1S,NO,-14.217789,-75.707994,DESPEJADO,RURAL,CURVA,PLANA ,ASFALTADA,,,,,NO IDENTIFICA LA CAUSA,
A-2023-06-40,04/06/2023,13:00,DESPISTE,1,1,1,CUSCO,PAUCARTAMBO,KOSÑIPATA,RURAL,CARRETERA,DEPARTAMENTAL,CU-113,NO,-12.92736834,-71.40133774,DESPEJADO,RURAL,TRAMO RECTO,PLANA ,ASFALTADA,,,,,IMPRUDENCIA DEL CONDUCTOR,EXCESO DE VELOCIDAD
A-2023-06-46,04/06/2023,13:30,DESPISTE,3,5,1,LA LIBERTAD,TRUJILLO,SALAVERRY,RURAL,CARRETERA,NACIONAL,PE-1N,NO,-8.204235,-78.959428,DESPEJADO,RURAL,TRAMO RECTO,PLANA ,ASFALTADA,,,,,NEGLIGENCIA DEL CONDUCTOR,CONDUCIR CON FALLAS DE DIRECCIÓN
A-2023-06-177,04/06/2023,14:14,CHOQUE,2,0,2,CAJAMARCA,CAJABAMBA,CONDEBAMBA,URBANA,CARRETERA,NACIONAL,PE-3N,NO,-7.491161,-78.129118,DESPEJADO,COMERCIAL,TRAMO RECTO,INCLINADA,ASFALTADA,SI,PREVENTIVA (P),,SI,IMPRUDENCIA DEL CONDUCTOR,INVASIÓN DE CARRIL
A-2023-06-47,04/06/2023,14:20,DESPISTE,1,0,1,LA LIBERTAD,PATAZ,HUANCASPATA,RURAL,CARRETERA,NACIONAL,PE-10C,NO,-8.456675,-77.309041,DESPEJADO,RURAL,CURVA,PLANA ,TROCHA,,,,,IMPRUDENCIA DEL CONDUCTOR,FATIGA Y/O CANSANCIO
A-2023-06-184,04/06/2023,15:30,VOLCADURA,1,1,1,CAJAMARCA,JAEN,BELLAVISTA,RURAL,CARRETERA,VECINAL,CA-745,NO,-5.663365,-78.653974,DESPEJADO,RURAL,TRAMO RECTO,PLANA ,ASFALTADA,NO,,,SI,IMPERICIA DEL CONDUCTOR,
A-2023-06-7,04/06/2023,21:20,ATROPELLO,1,1,,ICA,ICA,SANTIAGO,RURAL,AVENIDA,URBANO,NO CORRESPONDE,NO,-14.272908,-75.672082,DESPEJADO,RURAL,TRAMO RECTO,PLANA ,ASFALTADA,,,,,IMPRUDENCIA DEL CONDUCTOR,CONDUCIR EN ESTADO DE EBRIEDAD Y/O DROGADICCIÓN
A-2023-06-120,04/06/2023,22:30,CHOQUE,1,0,,LIMA,LIMA,ANCON,RURAL,CARRETERA,NACIONAL,PE-1N,NO,-11.79253,-77.146759,DESPEJADO,RURAL,TRAMO RECTO,PLANA ,ASFALTADA,,,,,EN PROCESO DE INVESTIGACIÓN,NO CUENTA CON CAUSA ESPECIFICA
A-2021-07-169,04/07/2021,01:50,CHOQUE FUGA,1,0,0,AYACUCHO,CANGALLO,LOS MOROCHUCOS,RURAL,CARRETERA,SIN CLASIFICAR,SIN CLASIFICAR,NO,-13.57731,-74.18991,DESPEJADO,RURAL,CURVA,INCLINADA,ASFALTADA,,,,,IMPRUDENCIA DEL CONDUCTOR,EXCESO DE VELOCIDAD
A-2021-07-17,04/07/2021,03:30,VOLCADURA,1,0,0,LIMA,LIMA,SANTIAGO DE SURCO,URBANA,CARRETERA,NACIONAL,PE-1S,NO,-12.131299,-76.978347,DESPEJADO,RESIDENCIAL,TRAMO RECTO,PLANA ,ASFALTADA,,,,,NO IDENTIFICA LA CAUSA,
A-2021-07-84,04/07/2021,08:10,CHOQUE,1,0,2,PUNO,SANDIA,SAN JUAN DEL ORO,RURAL,CARRETERA,NACIONAL,PE-34H,NO,-14.2102391127826,-69.1427779144306,DESPEJADO,RURAL,CURVA,INCLINADA,ASFALTADA,,,,,IMPRUDENCIA DEL CONDUCTOR,EXCESO DE VELOCIDAD
A-2021-07-132,04/07/2021,13:31,CHOQUE,1,0,2,CUSCO,CANAS,LANGUI,URBANA,CARRETERA,VECINAL,CU-1719,NO,-14.4832,-71.255,DESPEJADO,RESIDENCIAL,TRAMO RECTO,PLANA ,ASFALTADA,,,,,IMPRUDENCIA DEL CONDUCTOR,INVASIÓN DE CARRIL
A-2021-07-9,04/07/2021,16:55,ATROPELLO,1,2,1,AREQUIPA,AREQUIPA,JOSE LUIS BUSTAMANTE Y RIVERO,URBANA,CALLE,URBANO,NO CORRESPONDE,NO,-16.44527,-71.51142,DESPEJADO,RESIDENCIAL,TRAMO RECTO,PLANA ,ASFALTADA,,,,,,
A-2021-07-8,04/07/2021,17:30,CHOQUE,1,0,2,AREQUIPA,ISLAY,COCACHACRA,RURAL,CARRETERA,NACIONAL,PE-1S,NO,-16.88814,-71.846429,DESPEJADO,RURAL,TRAMO RECTO,PLANA ,ASFALTADA,NO,,,SI,,
A-2021-07-65,04/07/2021,17:50,DESPISTE,1,1,1,APURIMAC,ANDAHUAYLAS,ANDARAPA,RURAL,CARRETERA,VECINAL,AP-575,NO,-13.516836,-73.356453,SOLEADO,RURAL,CURVA,INCLINADA,CASCAJO/RIPIO,,,,,NEGLIGENCIA DEL CONDUCTOR,OTRO (NEGLIGENCIA DEL CONDUCTOR)
A-2021-07-284,04/07/2021,18:00,DESPISTE,1,0,1,HUANUCO,HUANUCO,QUISQUI (KICHKI),RURAL,CARRETERA,VECINAL,HU-1105,NO,-9.899559,-76.434697,DESPEJADO,RURAL,CURVA,INCLINADA,TROCHA,,,,,NO IDENTIFICA LA CAUSA,
A-2021-07-24,04/07/2021,18:30,CHOQUE,1,0,2,SAN MARTIN,MOYOBAMBA,MOYOBAMBA,URBANA,CARRETERA,NACIONAL,PE-5N,NO,-6.065207,-76.923387,DESPEJADO,RURAL,TRAMO RECTO,PLANA ,ASFALTADA,,,,,IMPRUDENCIA DEL CONDUCTOR,GIRAR IMPRUDENTEMENTE
A-2021-07-10,04/07/2021,19:00,ATROPELLO,1,0,,CALLAO,CALLAO,VENTANILLA,URBANA,CARRETERA,NACIONAL,PE-20,NO,-11.915812389435,-77.1285259573562,DESPEJADO,INDUSTRIAL,TRAMO RECTO,PLANA ,ASFALTADA,,,,,IMPRUDENCIA DEL CONDUCTOR,OTRO (IMPRUDENCIA DEL CONDUCTOR)
A-2021-07-189,04/07/2021,22:18,ATROPELLO FUGA,1,0,1,CUSCO,CANCHIS,SICUANI,RURAL,CARRETERA,NACIONAL,PE-3S,NO,-14.305062,-71.210537,DESPEJADO,RURAL,TRAMO RECTO,PLANA ,ASFALTADA,,,,,NO IDENTIFICA LA CAUSA,
A-2022-07-185,04/07/2022,03:50,CHOQUE CON OBJETO FIJO,1,0,1,LIMA,LIMA,BARRANCO,URBANA,OTRO,URBANO,NO CORRESPONDE,NO,-12.1522147,-77.0244595,DESPEJADO,RESIDENCIAL,TRAMO RECTO,PLANA ,ASFALTADA,,,,,NO IDENTIFICA LA CAUSA,
A-2022-07-142,04/07/2022,14:40,DESPISTE,1,0,,PIURA,PIURA,VEINTISEIS DE OCTUBRE,URBANA,AVENIDA,URBANO,NO CORRESPONDE,NO,-5.183466,-80.664198,DESPEJADO,RURAL,TRAMO RECTO,PLANA ,ASFALTADA,,,,,NO IDENTIFICA LA CAUSA,
A-2023-07-128,04/07/2023,18:30,ATROPELLO,1,0,,LIMA,LIMA,CHORRILLOS,URBANA,AVENIDA,URBANO,NO CORRESPONDE,NO,-12.19904625,-76.9973279,DESPEJADO,RESIDENCIAL,INTERSECCIÓN,PLANA ,ASFALTADA,,,,,IMPRUDENCIA DEL PEATÓN,OTRO (IMPRUDENCIA DEL PEATÓN)
A-2021-08-321,04/08/2021,03:03,CHOQUE,1,2,2,SAN MARTIN,SAN MARTIN,TARAPOTO,URBANA,JIRÓN,URBANO,NO CORRESPONDE,NO,-6.484362,-76.372188,DESPEJADO,COMERCIAL,INTERSECCIÓN,PLANA ,ASFALTADA,,,,,IMPRUDENCIA DEL CONDUCTOR,OTRO (IMPRUDENCIA DEL CONDUCTOR)
A-2021-08-123,04/08/2021,05:05,CHOQUE,1,1,2,LAMBAYEQUE,LAMBAYEQUE,OLMOS,RURAL,CARRETERA,NACIONAL,PE-1N,NO,-6.28179201821977,-80.3068667466851,NUBLADO,RURAL,TRAMO RECTO,PLANA ,ASFALTADA,SI,PREVENTIVA (P),REGULADORA (R),NO,IMPRUDENCIA DEL CONDUCTOR,INVASIÓN DE CARRIL
A-2021-08-112,04/08/2021,08:20,ATROPELLO,1,0,0,LAMBAYEQUE,CHICLAYO,JOSE LEONARDO ORTIZ,URBANA,AVENIDA,URBANO,NO CORRESPONDE,NO,-6.7559365,-79.8246708,DESPEJADO,RESIDENCIAL,TRAMO RECTO,PLANA ,ASFALTADA,,,,,NO IDENTIFICA LA CAUSA,
A-2021-08-187,04/08/2021,09:00,CHOQUE FUGA,1,1,4,PUNO,AZANGARO,ARAPA,RURAL,CARRETERA,DEPARTAMENTAL,PU-114,NO,-15.1228663893459,-70.0709694014909,SOLEADO,RURAL,TRAMO RECTO,PLANA ,ASFALTADA,,,,,INFRAESTRUCTURA Y ENTORNO VIAL,OBRAS TEMPORALES
A-2021-08-225,04/08/2021,13:00,ATROPELLO FUGA,1,0,0,LIMA,LIMA,CHORRILLOS,URBANA,CALLE,URBANO,NO CORRESPONDE,NO,-12.17003,-77.02477,DESPEJADO,RESIDENCIAL,INTERSECCIÓN,PLANA ,ASFALTADA,,,,,NO IDENTIFICA LA CAUSA,
A-2021-08-51,04/08/2021,18:45,CHOQUE,1,1,2,LA LIBERTAD,CHEPEN,PACANGA,RURAL,CARRETERA,NACIONAL,PE-1N,NO,-7.168367,-79.440414,DESPEJADO,RURAL,TRAMO RECTO,PLANA ,ASFALTADA,,,,,IMPRUDENCIA DEL CONDUCTOR,CONDUCIR EN ESTADO DE EBRIEDAD Y/O DROGADICCIÓN
A-2021-08-21,04/08/2021,22:41,ATROPELLO FUGA,1,0,,CAJAMARCA,CELENDIN,CELENDIN,URBANA,AVENIDA,URBANO,NO CORRESPONDE,NO,-6.875732,-78.140011,DESPEJADO,RESIDENCIAL,TRAMO RECTO,INCLINADA,AFIRMADO,,,,,IMPRUDENCIA DEL CONDUCTOR,OTRO (IMPRUDENCIA DEL CONDUCTOR)
A-2022-08-19,04/08/2022,01:15,ATROPELLO FUGA,1,0,1,LA LIBERTAD,TRUJILLO,HUANCHACO,RURAL,CARRETERA,NACIONAL,PE-1N,NO,-8.120221,-79.084022,DESPEJADO,RURAL,TRAMO RECTO,PLANA ,ASFALTADA,,,,,NO IDENTIFICA LA CAUSA,
A-2022-08-64,04/08/2022,03:00,ATROPELLO,1,1,1,LAMBAYEQUE,CHICLAYO,LA VICTORIA,URBANA,CARRETERA,DEPARTAMENTAL,LA-111,NO,-6.79779,-79.83071,LLUVIOSO,RESIDENCIAL,TRAMO RECTO,PLANA ,ASFALTADA,,,,,NO IDENTIFICA LA CAUSA,
A-2022-08-176,04/08/2022,09:00,DESPISTE,1,1,,ANCASH,PALLASCA,SANTA ROSA,RURAL,CARRETERA,NACIONAL,PE-3N,NO,-8.45605682708533,-78.0814475880864,DESPEJADO,RURAL,SINUOSA,INCLINADA,AFIRMADO,,,,,NO IDENTIFICA LA CAUSA,
A-2022-08-170,04/08/2022,15:00,ATROPELLO,1,0,,LIMA,LIMA,LA VICTORIA,URBANA,AVENIDA,URBANO,NO CORRESPONDE,NO,-12.0643862387219,-77.0292184772187,DESPEJADO,COMERCIAL,INTERSECCIÓN,PLANA ,ASFALTADA,NO,,,SI,NO IDENTIFICA LA CAUSA,
A-2022-08-192,04/08/2022,19:30,CHOQUE FUGA,1,0,,CAJAMARCA,SAN IGNACIO,CHIRINOS,RURAL,CARRETERA,NACIONAL,PE-5N,NO,-5.358821,-78.791773,DESPEJADO,RURAL,TRAMO RECTO,PLANA ,ASFALTADA,,,,,NO IDENTIFICA LA CAUSA,
A-2022-08-2,04/08/2022,23:00,CAÍDA DE PASAJERO,1,1,,CALLAO,CALLAO,VENTANILLA,URBANA,CARRETERA,NACIONAL,PE-20,NO,-11.889928212601,-77.1260516614948,DESPEJADO,INDUSTRIAL,OTRO,PLANA ,CONCRETO,,,,,NO IDENTIFICA LA CAUSA,
A-2023-08-86,04/08/2023,06:40,CHOQUE,1,0,,LIMA,LIMA,VILLA EL SALVADOR,URBANA,AVENIDA,URBANO,NO CORRESPONDE,NO,-12.19513605,-76.93483296,DESPEJADO,COMERCIAL,INTERSECCIÓN,INCLINADA,ASFALTADA,,,,,IMPRUDENCIA DEL CONDUCTOR,EXCESO DE VELOCIDAD
A-2023-08-5,04/08/2023,07:00,CHOQUE,1,1,2,ICA,NASCA,EL INGENIO,RURAL,CARRETERA,NACIONAL,PE-1S,NO,-14.783702,-75.026913,DESPEJADO,RURAL,TRAMO RECTO,PLANA ,ASFALTADA,,,,,EN PROCESO DE INVESTIGACIÓN,NO CUENTA CON CAUSA ESPECIFICA
A-2023-08-11,04/08/2023,22:30,ATROPELLO FUGA,1,0,,SAN MARTIN,MOYOBAMBA,JEPELACIO,RURAL,CARRETERA,NACIONAL,PE-5N,NO,-6.147372,-76.841338,DESPEJADO,RURAL,CURVA,INCLINADA,ASFALTADA,SI,PREVENTIVA (P),REGULADORA (R),NO,EN PROCESO DE INVESTIGACIÓN,NO CUENTA CON CAUSA ESPECIFICA
A-2023-08-69,04/08/2023,23:45,CHOQUE,1,0,,PUNO,HUANCANE,TARACO,RURAL,CARRETERA,NACIONAL,PE-34H,NO,-15.2887843836486,-69.9465532871617,DESPEJADO,RURAL,TRAMO RECTO,PLANA ,ASFALTADA,,,,,IMPRUDENCIA DEL CONDUCTOR,INVASIÓN DE CARRIL
A-2021-09-10,04/09/2021,06:40,ATROPELLO FUGA,1,0,0,TUMBES,TUMBES,TUMBES,RURAL,CARRETERA,NACIONAL,PE-1N,NO,-3.54599089804604,-80.3961251390516,DESPEJADO,RURAL,TRAMO RECTO,PLANA ,ASFALTADA,,,,,NO IDENTIFICA LA CAUSA,
A-2021-09-54,04/09/2021,16:45,ATROPELLO,1,0,,LIMA,LIMA,EL AGUSTINO,URBANA,AVENIDA,URBANO,NO CORRESPONDE,NO,-12.0307949800909,-76.9990109872866,DESPEJADO,RESIDENCIAL,INTERSECCIÓN,PLANA ,ASFALTADA,,,,,IMPRUDENCIA DEL PEATÓN,OTRO (IMPRUDENCIA DEL PEATÓN)
A-2022-09-88,04/09/2022,01:30,DESPISTE,1,4,1,CUSCO,ESPINAR,CONDOROMA,RURAL,CARRETERA,NACIONAL,PE-34J,NO,-15.245361,-71.151901,DESPEJADO,RURAL,CURVA,INCLINADA,ASFALTADA,SI,PREVENTIVA (P),PREVENTIVA (P),SI,IMPRUDENCIA DEL CONDUCTOR,EXCESO DE VELOCIDAD
A-2022-09-155,04/09/2022,02:00,CHOQUE,1,0,,LIMA,LIMA,LA VICTORIA,URBANA,AVENIDA,URBANO,NO CORRESPONDE,NO,-12.05921,-77.029814,DESPEJADO,COMERCIAL,INTERSECCIÓN,PLANA ,ASFALTADA,,,,,NO IDENTIFICA LA CAUSA,
A-2022-09-156,04/09/2022,02:10,ATROPELLO FUGA,1,0,,LIMA,LIMA,PUNTA HERMOSA,RURAL,CARRETERA,VECINAL,LM-801,NO,-12.2940485554035,-76.775075001761,DESPEJADO,RURAL,TRAMO RECTO,PLANA ,TROCHA,,,,,NO IDENTIFICA LA CAUSA,
A-2022-09-273,04/09/2022,05:20,CHOQUE,1,0,,LORETO,MAYNAS,SAN JUAN BAUTISTA,URBANA,AVENIDA,URBANO,NO CORRESPONDE,,-3.7865519,-73.291107,,,,,,,,,,,
A-2022-09-65,04/09/2022,05:37,DESPISTE,2,2,1,CUSCO,CANAS,YANAOCA,RURAL,CARRETERA,VECINAL,CU-1609,NO,-14.216644,-71.438229,DESPEJADO,RURAL,CURVA,INCLINADA,ASFALTADA,,,,,IMPRUDENCIA DEL CONDUCTOR,EXCESO DE VELOCIDAD
A-2022-09-31,04/09/2022,05:50,CHOQUE,1,0,2,AREQUIPA,ISLAY,PUNTA DE BOMBON,URBANA,CARRETERA,VECINAL,AR-826,NO,-17.175206,-71.791538,DESPEJADO,RESIDENCIAL,TRAMO RECTO,PLANA ,ASFALTADA,,,,,NO IDENTIFICA LA CAUSA,
A-2022-09-231,04/09/2022,06:00,ATROPELLO FUGA,1,0,,JUNIN,JAUJA,SINCOS,URBANA,CARRETERA,NACIONAL,PE-3SB,NO,-11.8816666168684,-75.3962256601624,DESPEJADO,RURAL,TRAMO RECTO,PLANA ,ASFALTADA,NO,,,SI,IMPRUDENCIA DEL CONDUCTOR,EXCESO DE VELOCIDAD
A-2022-09-141,04/09/2022,10:00,CHOQUE,1,0,2,PUNO,LAMPA,SANTA LUCIA,RURAL,CARRETERA,NACIONAL,PE-34A,NO,-15.6534716,-70.6776218,DESPEJADO,RURAL,TRAMO RECTO,PLANA ,ASFALTADA,,,,,IMPRUDENCIA DEL CONDUCTOR,INVASIÓN DE CARRIL
A-2022-09-51,04/09/2022,11:30,CHOQUE,1,1,2,HUANUCO,LEONCIO PRADO,PUEBLO NUEVO,RURAL,CARRETERA,NACIONAL,PE-5N,NO,-9.079752,-76.063805,SOLEADO,RURAL,TRAMO RECTO,PLANA ,ASFALTADA,SI,PREVENTIVA (P),PREVENTIVA (P),NO,IMPRUDENCIA DEL CONDUCTOR,EXCESO DE VELOCIDAD
A-2022-09-136,04/09/2022,14:35,DESPISTE,1,0,1,CUSCO,QUISPICANCHI,CAMANTI,RURAL,CARRETERA,NACIONAL,PE-30C,NO,-13.21818,-70.727843,DESPEJADO,RURAL,CURVA,PLANA ,ASFALTADA,,,,,IMPRUDENCIA DEL CONDUCTOR,EXCESO DE VELOCIDAD
A-2022-09-163,04/09/2022,18:35,ATROPELLO FUGA,1,0,,TACNA,TACNA,LA YARADA LOS PALOS,RURAL,CARRETERA,NACIONAL,PE-1SD,NO,-18.160299,-70.466707,DESPEJADO,RURAL,TRAMO RECTO,PLANA ,ASFALTADA,,,,,IMPRUDENCIA DEL PEATÓN,ESTADO DE EBRIEDAD Y/O DROGADICCIÓN
A-2022-09-171,04/09/2022,18:40,CHOQUE,3,0,2,AMAZONAS,UTCUBAMBA,JAMALCA,RURAL,CARRETERA,NACIONAL,PE-5N,NO,-5.819257,-78.2851812,DESPEJADO,RURAL,TRAMO RECTO,PLANA ,ASFALTADA,,,,,NO IDENTIFICA LA CAUSA,
A-2022-09-252,04/09/2022,19:00,DESPISTE,1,1,1,ICA,CHINCHA,CHINCHA BAJA,RURAL,CARRETERA,NACIONAL,PE-1SE,NO,-13.516056,-76.183805,DESPEJADO,RURAL,TRAMO RECTO,PLANA ,ASFALTADA,,,,,IMPRUDENCIA DEL CONDUCTOR,EXCESO DE VELOCIDAD
A-2022-09-34,04/09/2022,20:00,CHOQUE,1,0,2,LA LIBERTAD,PACASMAYO,SAN PEDRO DE LLOC,RURAL,CARRETERA,NACIONAL,PE-1N,NO,-7.418508,-79.503362,DESPEJADO,RURAL,INTERSECCIÓN,PLANA ,ASFALTADA,,,,,NO IDENTIFICA LA CAUSA,
A-2022-09-46,04/09/2022,20:20,ATROPELLO,1,0,1,ANCASH,CARHUAZ,ANTA,URBANA,CARRETERA,NACIONAL,PE-3N,NO,-9.36272762958612,-77.5948208322117,DESPEJADO,RURAL,TRAMO RECTO,PLANA ,ASFALTADA,,,,,IMPRUDENCIA DEL PEATÓN,ESTADO DE EBRIEDAD Y/O DROGADICCIÓN
A-2022-09-35,04/09/2022,23:30,DESPISTE,1,0,1,LA LIBERTAD,TRUJILLO,LAREDO,URBANA,CALLE,URBANO,NO CORRESPONDE,NO,-8.06197747521895,-78.9748930715927,DESPEJADO,ESCOLAR,INTERSECCIÓN,PLANA ,ASFALTADA,,,,,NO IDENTIFICA LA CAUSA,
A-2023-09-62,04/09/2023,07:40,ATROPELLO,1,0,,PUNO,SAN ROMAN,JULIACA,URBANA,AVENIDA,URBANO,NO CORRESPONDE,NO,-15.4821872857376,-70.1211511450458,DESPEJADO,RESIDENCIAL,INTERSECCIÓN,PLANA ,ASFALTADA,,,,,IMPRUDENCIA DEL PEATÓN,CRUCE INDEBIDO POR LA CALZADA
A-2023-09-61,04/09/2023,15:20,ATROPELLO,1,0,1,LA LIBERTAD,SANCHEZ CARRION,HUAMACHUCO,URBANA,PASAJE,URBANO,NO CORRESPONDE,NO,-7.82176425192126,-78.0380744304714,DESPEJADO,RURAL,INTERSECCIÓN,PLANA ,ASFALTADA,,,,,IMPRUDENCIA DEL CONDUCTOR,OTRO (IMPRUDENCIA DEL CONDUCTOR)
A-2023-09-2,04/09/2023,20:00,CHOQUE,1,0,2,ICA,NASCA,EL INGENIO,URBANA,CARRETERA,NACIONAL,PE-1S,NO,-14.7023521333493,-75.105315495226,DESPEJADO,RURAL,TRAMO RECTO,PLANA ,ASFALTADA,,,,,EN PROCESO DE INVESTIGACIÓN,NO CUENTA CON CAUSA ESPECIFICA
A-2023-09-91,04/09/2023,20:50,ATROPELLO,1,0,,PIURA,PIURA,VEINTISEIS DE OCTUBRE,RURAL,CARRETERA,NACIONAL,PE-1N,NO,-5.153668,-80.695158,DESPEJADO,RURAL,TRAMO RECTO,PLANA ,ASFALTADA,,,,,,
A-2021-10-21,04/10/2021,03:00,DESPISTE,1,0,1,CAJAMARCA,CUTERVO,CUTERVO,RURAL,CARRETERA,VECINAL,CA-825,NO,-6.34424784,-78.90665524,DESPEJADO,RURAL,CURVA,PLANA ,AFIRMADO,,,,,IMPRUDENCIA DEL CONDUCTOR,CONDUCIR EN ESTADO DE EBRIEDAD Y/O DROGADICCIÓN
A-2021-10-7,04/10/2021,05:50,CHOQUE,1,9,,CAJAMARCA,CAJAMARCA,SAN JUAN,RURAL,CARRETERA,NACIONAL,PE-08,NO,-7.257916,-78.506222,DESPEJADO,RURAL,TRAMO RECTO,INCLINADA,ASFALTADA,,,,,IMPRUDENCIA DEL CONDUCTOR,INVASIÓN DE CARRIL
A-2021-10-155,04/10/2021,10:45,ESPECIAL,1,0,,CUSCO,ESPINAR,PALLPATA,,CARRETERA,VECINAL,CU-1758,NO,-14.9016271704466,-71.0932693741877,DESPEJADO,RURAL,TRAMO RECTO,PLANA ,ASFALTADA,,,,,NEGLIGENCIA DEL CONDUCTOR,OTRO (NEGLIGENCIA DEL CONDUCTOR)
A-2021-10-265,04/10/2021,14:30,CHOQUE,1,0,2,LIMA,BARRANCA,PATIVILCA,RURAL,CARRETERA,NACIONAL,PE-16A,NO,-10.6609127311048,-77.6141952812983,SOLEADO,RURAL,TRAMO RECTO,PLANA ,ASFALTADA,,,,,NO IDENTIFICA LA CAUSA,
A-2021-10-199,04/10/2021,18:51,DESPISTE,1,0,1,CUSCO,URUBAMBA,OLLANTAYTAMBO,RURAL,CARRETERA,DEPARTAMENTAL,CU-106,NO,-13.2484477196154,-72.2541176278886,DESPEJADO,RURAL,CURVA,PLANA ,AFIRMADO,,,,,IMPRUDENCIA DEL CONDUCTOR,EXCESO DE VELOCIDAD
A-2021-10-12,04/10/2021,19:30,CHOQUE FUGA,1,1,1,PUNO,EL COLLAO,ILAVE,RURAL,CARRETERA,NACIONAL,PE-38A,NO,-16.0960621978583,-69.6334075435649,DESPEJADO,RURAL,TRAMO RECTO,PLANA ,ASFALTADA,SI,PREVENTIVA (P),REGULADORA (R),SI,IMPRUDENCIA DEL CONDUCTOR,OTRO (IMPRUDENCIA DEL CONDUCTOR)
A-2021-10-240,04/10/2021,21:00,DESPISTE,1,1,1,LAMBAYEQUE,CHICLAYO,TUMAN,RURAL,CARRETERA,VECINAL,LA-758,NO,-6.80105,-79.685641,DESPEJADO,RURAL,CURVA,INCLINADA,ASFALTADA,,,,,IMPRUDENCIA DEL CONDUCTOR,CONDUCIR EN ESTADO DE EBRIEDAD Y/O DROGADICCIÓN
A-2022-10-142,04/10/2022,17:30,ATROPELLO,1,0,,LIMA,LIMA,LA MOLINA,URBANA,CARRETERA,DEPARTAMENTAL,LM-117,NO,-12.0859300197097,-76.8979883010598,DESPEJADO,RESIDENCIAL,TRAMO RECTO,PLANA ,ASFALTADA,,,,,NO IDENTIFICA LA CAUSA,
A-2022-10-197,04/10/2022,19:00,CHOQUE,1,2,,MADRE DE DIOS,TAMBOPATA,TAMBOPATA,URBANA,AVENIDA,URBANO,NO CORRESPONDE,,-12.584593,-69.191509,,,,,,,,,,,
A-2022-10-6,04/10/2022,20:30,CHOQUE,1,0,1,SAN MARTIN,RIOJA,RIOJA,RURAL,CARRETERA,NACIONAL,PE-5N,NO,-6.050985,-77.151191,DESPEJADO,RURAL,TRAMO RECTO,PLANA ,ASFALTADA,,,,,NEGLIGENCIA DEL CONDUCTOR,OTRO (NEGLIGENCIA DEL CONDUCTOR)