CODIGO_SINIESTRO,FECHA_SINIESTRO,HORA_SINIESTRO,CLASE_SINIESTRO,CANTIDAD_DE_FALLECIDOS,CANTIDAD_DE_LESIONADOS,CANTIDAD_DE_VEHICULOS_DANADOS,DEPARTAMENTO,PROVINCIA,DISTRITO,ZONA,TIPO_DE_VIA,RED_VIAL,COD_CARRETERA,EXISTE_CICLOVIA,COORDENADAS_LATITUD,COORDENADAS_LONGITUD,CONDICION_CLIMATICA,ZONIFICACION,CARACTERISTICAS_DE_VIA,PERFIL_LONGITUDINAL_VIA,SUPERFICIE_DE_CALZADA,EXISTE_SENAL_VERTICAL,CLASIFICACION_DE_LA_SENAL_VERTICAL_N_1,CLASIFICACION_DE_LA_SENAL_VERTICAL_N_2,EXISTE_SENAL_HORIZONTAL,CAUSA_FACTOR_PRINCIPAL,CAUSA_ESPECIFICA
A-2022-10-2,04/10/2022,22:20,ATROPELLO FUGA,1,0,,PUNO,CHUCUITO,ZEPITA,RURAL,CARRETERA,NACIONAL,PE-36A,NO,-16.5697876842582,-69.2571526150825,DESPEJADO,RURAL,TRAMO RECTO,PLANA ,ASFALTADA,,,,,NO IDENTIFICA LA CAUSA,
A-2023-10-97,04/10/2023,10:48,ATROPELLO FUGA,1,0,,LIMA,LIMA,ATE,URBANA,AVENIDA,URBANO,NO CORRESPONDE,NO,-12.0268189,-76.9497764,DESPEJADO,RESIDENCIAL,TRAMO RECTO,PLANA ,ASFALTADA,,,,,NO IDENTIFICA LA CAUSA,
A-2021-11-230,04/11/2021,04:00,DESPISTE,1,1,1,AREQUIPA,CAMANA,OCOÑA,RURAL,CARRETERA,NACIONAL,PE-1S,NO,-16.4483901891456,-73.1175647661999,DESPEJADO,RURAL,CURVA,INCLINADA,ASFALTADA,,,,,NO IDENTIFICA LA CAUSA,
A-2021-11-194,04/11/2021,17:10,ATROPELLO,1,0,1,LAMBAYEQUE,LAMBAYEQUE,LAMBAYEQUE,RURAL,CARRETERA,NACIONAL,PE-1N,NO,-6.72587132937979,-79.8909311994564,DESPEJADO,RURAL,TRAMO RECTO,PLANA ,ASFALTADA,,,,,NO IDENTIFICA LA CAUSA,
A-2021-11-138,04/11/2021,21:50,ATROPELLO,1,1,1,CUSCO,URUBAMBA,URUBAMBA,RURAL,CARRETERA,NACIONAL,PE-28B,NO,-13.2787531249285,-72.1978231277228,DESPEJADO,RURAL,CURVA,PLANA ,ASFALTADA,,,,,IMPRUDENCIA DEL CONDUCTOR,CONDUCIR EN ESTADO DE EBRIEDAD Y/O DROGADICCIÓN
A-2021-11-20,04/11/2021,22:00,CHOQUE,1,1,,LORETO,MAYNAS,SAN JUAN BAUTISTA,URBANA,AVENIDA,URBANO,NO CORRESPONDE,,-3.77876464798037,-73.2783204084977,,,,,,,,,,,
A-2022-11-88,04/11/2022,12:50,ATROPELLO,1,0,1,TUMBES,TUMBES,TUMBES,RURAL,CARRETERA,NACIONAL,PE-1N,NO,-3.53492280464928,-80.3770914998379,SOLEADO,RURAL,TRAMO RECTO,PLANA ,ASFALTADA,,,,,IMPRUDENCIA DEL CONDUCTOR,NO DAR PASO PREFERENTE AL PEATÓN
A-2022-11-48,04/11/2022,13:30,CHOQUE,1,26,2,PUNO,PUNO,CHUCUITO,RURAL,CARRETERA,NACIONAL,PE-3S,NO,-15.886,-69.902,DESPEJADO,RURAL,CURVA,PLANA ,ASFALTADA,,,,,IMPRUDENCIA DEL CONDUCTOR,GIRAR IMPRUDENTEMENTE
A-2022-11-71,04/11/2022,20:00,CHOQUE,1,1,2,HUANUCO,LEONCIO PRADO,SANTO DOMINGO DE ANDA,URBANA,CARRETERA,NACIONAL,PE-5N,NO,-9.062008,-76.075449,DESPEJADO,RESIDENCIAL,CURVA,PLANA ,ASFALTADA,SI,INFORMATIVA (I),,SI,IMPRUDENCIA DEL CONDUCTOR,CONDUCIR EN ESTADO DE EBRIEDAD Y/O DROGADICCIÓN
A-2023-11-3,04/11/2023,02:10,CHOQUE,1,1,2,ICA,ICA,ICA,URBANA,CARRETERA,NACIONAL,PE-1S,NO,-14.090215,-75.71941,DESPEJADO,COMERCIAL,TRAMO RECTO,PLANA ,ASFALTADA,SI,PREVENTIVA (P),INFORMATIVA (I),NO,EN PROCESO DE INVESTIGACIÓN,NO CUENTA CON CAUSA ESPECIFICA
A-2023-11-80,04/11/2023,05:30,DESPISTE,1,5,,JUNIN,YAULI,LA OROYA,RURAL,CARRETERA,NACIONAL,PE-3S,NO,-11.586712004795,-75.8458488850007,LLUVIOSO,RURAL,TRAMO RECTO,PLANA ,ASFALTADA,SI,PREVENTIVA (P),,SI,IMPRUDENCIA DEL CONDUCTOR,OTRO (IMPRUDENCIA DEL CONDUCTOR)
A-2023-11-45,04/11/2023,09:30,DESPISTE,1,4,1,LA LIBERTAD,PATAZ,PATAZ,RURAL,CARRETERA,VECINAL,LI-860,NO,-7.75859720014111,-77.568168243208,DESPEJADO,RURAL,TRAMO RECTO,PLANA ,TROCHA,,,,,NO IDENTIFICA LA CAUSA,
A-2023-11-10,04/11/2023,18:00,CHOQUE,1,0,,PIURA,PIURA,CASTILLA,URBANA,AVENIDA,URBANO,NO CORRESPONDE,NO,-5.183442,-80.61185,DESPEJADO,RURAL,TRAMO RECTO,PLANA ,ASFALTADA,,,,,,
A-2023-11-25,04/11/2023,19:30,DESPISTE,1,0,1,CUSCO,CHUMBIVILCAS,COLQUEMARCA,RURAL,CARRETERA,VECINAL,CU-1536,NO,-14.174067,-72.005272,DESPEJADO,RURAL,CURVA,INCLINADA,TROCHA,,,,,IMPRUDENCIA DEL CONDUCTOR,EXCESO DE VELOCIDAD
A-2021-12-287,04/12/2021,12:00,DESPISTE,1,0,1,AREQUIPA,CASTILLA,URACA,RURAL,CARRETERA,DEPARTAMENTAL,AR-105,NO,-16.3212510734825,-72.4468522406364,DESPEJADO,RURAL,SINUOSA,INCLINADA,ASFALTADA,,,,,NO IDENTIFICA LA CAUSA,
A-2021-12-116,04/12/2021,19:40,DESPISTE,1,0,2,LIMA,LIMA,LOS OLIVOS,URBANA,AVENIDA,URBANO,NO CORRESPONDE,NO,-11.9768291345412,-77.0814290020592,DESPEJADO,RESIDENCIAL,INTERSECCIÓN,PLANA ,ASFALTADA,,,,,IMPRUDENCIA DEL CONDUCTOR,CONDUCIR EN ESTADO DE EBRIEDAD Y/O DROGADICCIÓN
A-2022-12-148,04/12/2022,02:10,DESPISTE,1,1,,LIMA,LIMA,MIRAFLORES,URBANA,OTRO,URBANO,NO CORRESPONDE,SI,-12.1248267416345,-77.0395083079837,DESPEJADO,COMERCIAL,TRAMO RECTO,PLANA ,ASFALTADA,SI,PREVENTIVA (P),,SI,NO IDENTIFICA LA CAUSA,
A-2022-12-18,04/12/2022,06:00,DESPISTE,1,0,1,AREQUIPA,AREQUIPA,SAN JUAN DE SIGUAS,RURAL,CARRETERA,NACIONAL,PE-1S,NO,-16.370604,-72.137765,DESPEJADO,RURAL,CURVA,PLANA ,ASFALTADA,NO,,,SI,NO IDENTIFICA LA CAUSA,
A-2022-12-233,04/12/2022,13:00,DESPISTE,1,0,1,AYACUCHO,HUAMANGA,VINCHOS,RURAL,CARRETERA,DEPARTAMENTAL,AY-106,NO,-13.372259859606,-74.3378963266827,DESPEJADO,RURAL,CURVA,INCLINADA,AFIRMADO,SI,PREVENTIVA (P),,NO,IMPRUDENCIA DEL CONDUCTOR,FATIGA Y/O CANSANCIO
A-2022-12-78,04/12/2022,13:08,ESPECIAL,1,0,,TUMBES,ZARUMILLA,AGUAS VERDES,RURAL,CARRETERA,VECINAL,TU-513,NO,-3.52712168541467,-80.2125709334412,DESPEJADO,RURAL,TRAMO RECTO,PLANA ,TROCHA,,,,,NO IDENTIFICA LA CAUSA,
A-2022-12-82,04/12/2022,13:40,CHOQUE,1,2,,ANCASH,SANTA,SAMANCO,RURAL,CARRETERA,VECINAL,AN-930,NO,-9.19580510565285,-78.4742164446316,DESPEJADO,RURAL,TRAMO RECTO,PLANA ,ASFALTADA,,,,,IMPRUDENCIA DEL CONDUCTOR,INVASIÓN DE CARRIL
A-2022-12-110,04/12/2022,19:45,ATROPELLO,1,0,0,CALLAO,CALLAO,CALLAO,URBANA,AVENIDA,URBANO,NO CORRESPONDE,NO,-12.0414112,-77.101385617,DESPEJADO,RESIDENCIAL,TRAMO RECTO,PLANA ,ASFALTADA,NO,,,SI,IMPRUDENCIA DEL CONDUCTOR,CONDUCIR EN ESTADO DE EBRIEDAD Y/O DROGADICCIÓN
A-2022-12-6,04/12/2022,23:20,DESPISTE,1,0,1,PUNO,YUNGUYO,CUTURAPI,RURAL,CARRETERA,DEPARTAMENTAL,PU-130,NO,-16.2702969202042,-69.1999625936946,DESPEJADO,RURAL,TRAMO RECTO,PLANA ,ASFALTADA,,,,,IMPRUDENCIA DEL CONDUCTOR,EXCESO DE VELOCIDAD
A-2022-12-104,04/12/2022,23:30,ATROPELLO FUGA,1,0,0,PUNO,AZANGARO,SANTIAGO DE PUPUJA,RURAL,CARRETERA,NACIONAL,PE-34B,NO,-15.1305746379619,-70.2160530660355,DESPEJADO,RURAL,TRAMO RECTO,PLANA ,ASFALTADA,,,,,INFRAESTRUCTURA Y ENTORNO VIAL,FACTOR AMBIENTAL
A-2023-12-39,04/12/2023,00:10,DESPISTE,1,0,1,LA LIBERTAD,TRUJILLO,HUANCHACO,RURAL,CARRETERA,NACIONAL,PE-1N,NO,-8.047964,-79.0859653,DESPEJADO,RURAL,TRAMO RECTO,PLANA ,ASFALTADA,,,,,NO IDENTIFICA LA CAUSA,
A-2023-12-90,04/12/2023,00:23,DESPISTE,1,0,,LIMA,LIMA,COMAS,URBANA,AVENIDA,URBANO,NO CORRESPONDE,NO,-11.90797158,-77.04385492,DESPEJADO,ESCOLAR,TRAMO RECTO,PLANA ,ASFALTADA,SI,REGULADORA (R),,SI,,
A-2023-12-91,04/12/2023,02:30,ATROPELLO,1,0,,LIMA,LIMA,LOS OLIVOS,URBANA,CARRETERA,NACIONAL,PE-1N,NO,-11.96652,-77.067755,DESPEJADO,COMERCIAL,TRAMO RECTO,PLANA ,ASFALTADA,NO,,,SI,,
A-2023-12-123,04/12/2023,04:30,DESPISTE,1,0,1,AYACUCHO,HUANTA,HUAMANGUILLA,RURAL,CARRETERA,VECINAL,AY-646,NO,-13.0072799300186,-74.1501400754275,DESPEJADO,RURAL,CURVA,INCLINADA,ASFALTADA,SI,PREVENTIVA (P),,NO,IMPRUDENCIA DEL CONDUCTOR,CONDUCIR EN ESTADO DE EBRIEDAD Y/O DROGADICCIÓN
A-2023-12-1,04/12/2023,10:30,CHOQUE,1,0,2,PUNO,EL COLLAO,ILAVE,RURAL,CARRETERA,NACIONAL,PE-3S,NO,-16.134258,-69.579571,DESPEJADO,RURAL,CURVA,PLANA ,ASFALTADA,,,,,NEGLIGENCIA DEL CONDUCTOR,CONDUCIR CON FALLAS DE NEUMÁTICOS
A-2023-12-58,04/12/2023,15:10,ATROPELLO FUGA,1,0,,JUNIN,CHUPACA,CHUPACA,RURAL,CARRETERA,VECINAL,JU-931,NO,-12.064318,-75.300338,DESPEJADO,RURAL,TRAMO RECTO,PLANA ,ASFALTADA,,,,,,
A-2023-12-92,04/12/2023,18:30,ATROPELLO,1,0,,LIMA,LIMA,ATE,URBANA,CARRETERA,NACIONAL,PE-22,NO,-12.006244,-76.848847,DESPEJADO,COMERCIAL,CURVA,PLANA ,ASFALTADA,,,,,,
A-2023-12-59,04/12/2023,23:58,ATROPELLO FUGA,1,0,,JUNIN,YAULI,LA OROYA,URBANA,CARRETERA,NACIONAL,PE-22,NO,-11.5247790430099,-75.9124270200028,DESPEJADO,RESIDENCIAL,TRAMO RECTO,PLANA ,ASFALTADA,SI,PREVENTIVA (P),,SI,,
A-2021-01-57,05/01/2021,10:55,CAÍDA DE PASAJERO,1,0,0,JUNIN,CHUPACA,CHUPACA,URBANA,AVENIDA,URBANO,NO CORRESPONDE,NO,-12.0596872,-75.2879895,DESPEJADO,COMERCIAL,CURVA,INCLINADA,ASFALTADA,SI,REGULADORA (R),,SI,NEGLIGENCIA DEL CONDUCTOR,OTRO (NEGLIGENCIA DEL CONDUCTOR)
A-2021-01-29,05/01/2021,17:00,ATROPELLO,1,0,0,APURIMAC,AYMARAES,COTARUSE,RURAL,CARRETERA,NACIONAL,PE-30A,NO,-14.5188972201726,-73.2761202903143,DESPEJADO,RURAL,TRAMO RECTO,PLANA ,ASFALTADA,SI,INFORMATIVA (I),PREVENTIVA (P),NO,IMPRUDENCIA DEL PEATÓN,OTRO (IMPRUDENCIA DEL PEATÓN)
A-2021-01-25,05/01/2021,23:00,ATROPELLO FUGA,1,0,0,LIMA,BARRANCA,SUPE,URBANA,CARRETERA,NACIONAL,PE-1N,NO,-10.7889814421739,-77.7114258515654,DESPEJADO,RURAL,TRAMO RECTO,INCLINADA,ASFALTADA,,,,,NO IDENTIFICA LA CAUSA,
A-2022-01-110,05/01/2022,06:50,CHOQUE,1,0,0,LIMA,LIMA,SAN JUAN DE MIRAFLORES,URBANA,CARRETERA,NACIONAL,PE-1S,NO,-12.1720182976076,-76.9787317124058,DESPEJADO,RESIDENCIAL,TRAMO RECTO,PLANA ,ASFALTADA,,,,,NO IDENTIFICA LA CAUSA,
A-2022-01-144,05/01/2022,09:00,DESPISTE,1,0,1,PUNO,SAN ROMAN,CARACOTO,RURAL,CARRETERA,NACIONAL,PE-3S,NO,-15.5995230189536,-70.0952705080668,DESPEJADO,RURAL,TRAMO RECTO,PLANA ,ASFALTADA,,,,,IMPRUDENCIA DEL CONDUCTOR,CONDUCIR EN ESTADO DE EBRIEDAD Y/O DROGADICCIÓN
A-2022-01-150,05/01/2022,09:10,CHOQUE,1,0,2,PUNO,AZANGARO,AZANGARO,RURAL,CARRETERA,SIN CLASIFICAR,SIN CLASIFICAR,NO,-14.9167007603061,-70.1583373119508,DESPEJADO,RURAL,CURVA,PLANA ,TROCHA,,,,,IMPRUDENCIA DEL CONDUCTOR,EXCESO DE VELOCIDAD
A-2022-01-8,05/01/2022,19:00,VOLCADURA,1,1,1,AREQUIPA,ISLAY,ISLAY,RURAL,CARRETERA,NACIONAL,PE-34,NO,-16.920378,-72.050103,DESPEJADO,RURAL,CURVA,INCLINADA,ASFALTADA,NO,,,SI,NO IDENTIFICA LA CAUSA,
A-2022-01-318,05/01/2022,19:20,ATROPELLO,1,0,,ANCASH,SANTA,CHIMBOTE,URBANA,JIRÓN,URBANO,NO CORRESPONDE,NO,-9.06232,-78.58501,DESPEJADO,RESIDENCIAL,INTERSECCIÓN,PLANA ,ASFALTADA,,,,,NO IDENTIFICA LA CAUSA,
A-2022-01-170,05/01/2022,20:30,CHOQUE,1,0,2,LA LIBERTAD,TRUJILLO,SALAVERRY,RURAL,CARRETERA,NACIONAL,PE-1N,NO,-8.204563,-78.958988,DESPEJADO,RURAL,TRAMO RECTO,PLANA ,ASFALTADA,,,,,NO IDENTIFICA LA CAUSA,
A-2023-01-61,05/01/2023,20:44,ATROPELLO FUGA,1,0,0,JUNIN,HUANCAYO,SAÑO,URBANA,CARRETERA,NACIONAL,PE-3S,NO,-11.96927,-75.269729,DESPEJADO,COMERCIAL,TRAMO RECTO,INCLINADA,ASFALTADA,,,,,IMPRUDENCIA DEL PEATÓN,ESTADO DE EBRIEDAD Y/O DROGADICCIÓN
A-2021-02-276,05/02/2021,09:00,DESPISTE,1,0,1,PIURA,PIURA,TAMBO GRANDE,RURAL,CARRETERA,SIN CLASIFICAR,SIN CLASIFICAR,NO,-4.88502431905965,-80.3360061191902,DESPEJADO,RURAL,TRAMO RECTO,PLANA ,ASFALTADA,,,,,NO IDENTIFICA LA CAUSA,
A-2021-02-95,05/02/2021,09:45,ATROPELLO,1,0,1,CUSCO,CANCHIS,SICUANI,URBANA,CARRETERA,NACIONAL,PE-3S,NO,-14.2758759830276,-71.2356738655972,DESPEJADO,RESIDENCIAL,TRAMO RECTO,PLANA ,ASFALTADA,SI,PREVENTIVA (P),INFORMATIVA (I),NO,IMPRUDENCIA DEL CONDUCTOR,EXCESO DE VELOCIDAD
A-2021-02-164,05/02/2021,10:30,CAÍDA DE PASAJERO,1,0,0,CUSCO,CALCA,SAN SALVADOR,RURAL,CARRETERA,VECINAL,CU-1073,NO,-13.493,-71.7882,DESPEJADO,RURAL,TRAMO RECTO,PLANA ,ASFALTADA,,,,,IMPRUDENCIA DEL CONDUCTOR,GIRAR IMPRUDENTEMENTE
A-2021-02-24,05/02/2021,12:00,CHOQUE,1,1,3,ICA,ICA,SALAS,RURAL,CARRETERA,NACIONAL,PE-1S,NO,-13.934894,-75.869417,DESPEJADO,RURAL,TRAMO RECTO,PLANA ,ASFALTADA,,,,,IMPRUDENCIA DEL CONDUCTOR,EXCESO DE VELOCIDAD
A-2021-02-17,05/02/2021,14:30,ATROPELLO,1,0,0,LIMA,CAJATAMBO,MANAS,RURAL,CARRETERA,DEPARTAMENTAL,LM-112,NO,-10.572365864241,-77.1538370415193,NUBLADO,RURAL,SINUOSA,INCLINADA,CASCAJO/RIPIO,,,,,NO IDENTIFICA LA CAUSA,
A-2021-02-15,05/02/2021,17:30,DESPISTE,1,3,1,AREQUIPA,ISLAY,MOLLENDO,RURAL,CARRETERA,NACIONAL,PE-34,NO,-16.6779758,-71.9100334,DESPEJADO,RURAL,TRAMO RECTO,PLANA ,ASFALTADA,NO,,,SI,IMPRUDENCIA DEL CONDUCTOR,EXCESO DE VELOCIDAD
A-2021-02-87,05/02/2021,22:00,ATROPELLO,1,0,1,LA LIBERTAD,ASCOPE,PAIJAN,RURAL,CARRETERA,NACIONAL,PE-1N,NO,-7.733987,-79.300616,DESPEJADO,RURAL,TRAMO RECTO,PLANA ,ASFALTADA,,,,,IMPRUDENCIA DEL PEATÓN,CRUCE INDEBIDO POR LA CALZADA
A-2022-02-72,05/02/2022,04:00,DESPISTE,2,6,1,LA LIBERTAD,SANCHEZ CARRION,MARCABAL,RURAL,CARRETERA,SIN CLASIFICAR,SIN CLASIFICAR,NO,-7.73296853371214,-77.9560410914758,DESPEJADO,RURAL,CURVA,INCLINADA,AFIRMADO,,,,,NO IDENTIFICA LA CAUSA,
A-2022-02-154,05/02/2022,07:00,CHOQUE,1,0,0,LIMA,LIMA,CHORRILLOS,URBANA,AVENIDA,URBANO,NO CORRESPONDE,NO,-12.1876316416833,-76.9917104398173,DESPEJADO,INDUSTRIAL,INTERSECCIÓN,PLANA ,ASFALTADA,,,,,NO IDENTIFICA LA CAUSA,
A-2022-02-277,05/02/2022,16:22,ATROPELLO,1,0,,JUNIN,CHANCHAMAYO,PERENE,URBANA,CARRETERA,VECINAL,JU-1442,,-10.9242572183497,-74.8799264442605,,,,,,,,,,,
A-2022-02-22,05/02/2022,17:10,CHOQUE FUGA,1,0,,CALLAO,CALLAO,BELLAVISTA,URBANA,AVENIDA,URBANO,NO CORRESPONDE,NO,-12.0612477552564,-77.1339777556766,DESPEJADO,COMERCIAL,TRAMO RECTO,PLANA ,ASFALTADA,,,,,IMPRUDENCIA DEL CONDUCTOR,NO DAR PASO PREFERENTE AL PEATÓN
A-2022-02-114,05/02/2022,17:15,ATROPELLO,1,0,1,CAJAMARCA,CONTUMAZA,TANTARICA,URBANA,CARRETERA,NACIONAL,PE-08,NO,-7.21637833,-78.91612,DESPEJADO,RURAL,CURVA,PLANA ,ASFALTADA,NO,,,SI,NO IDENTIFICA LA CAUSA,
A-2022-02-19,05/02/2022,20:40,CHOQUE,1,1,2,TUMBES,ZARUMILLA,PAPAYAL,RURAL,CARRETERA,DEPARTAMENTAL,TU-101,NO,-3.56451338619344,-80.2231957885519,DESPEJADO,RURAL,TRAMO RECTO,PLANA ,ASFALTADA,,,,,IMPRUDENCIA DEL CONDUCTOR,EXCESO DE VELOCIDAD
A-2023-02-65,05/02/2023,02:20,ATROPELLO FUGA,1,0,,CAJAMARCA,SAN IGNACIO,NAMBALLE,RURAL,CARRETERA,NACIONAL,PE-3N,NO,-5.01839740966754,-79.0873508050405,DESPEJADO,RURAL,SINUOSA,INCLINADA,ASFALTADA,,,,,NO IDENTIFICA LA CAUSA,
A-2023-02-74,05/02/2023,10:40,DESPISTE,1,2,,LAMBAYEQUE,CHICLAYO,PATAPO,RURAL,CARRETERA,DEPARTAMENTAL,LA-117,NO,-6.7396095,-79.6405712,DESPEJADO,RURAL,TRAMO RECTO,PLANA ,ASFALTADA,,,,,NO IDENTIFICA LA CAUSA,
A-2023-02-10,05/02/2023,16:45,CHOQUE,1,0,3,AREQUIPA,AREQUIPA,LA JOYA,RURAL,CARRETERA,NACIONAL,PE-34,NO,-16.62429,-71.87165,DESPEJADO,RURAL,TRAMO RECTO,PLANA ,ASFALTADA,NO,,,SI,NO IDENTIFICA LA CAUSA,
A-2023-02-123,05/02/2023,17:38,DESPISTE,1,0,1,PIURA,PIURA,PIURA,URBANA,CARRETERA,VECINAL,PI-984,NO,-5.1876936,-80.626569,DESPEJADO,RURAL,TRAMO RECTO,PLANA ,ASFALTADA,,,,,IMPRUDENCIA DEL CONDUCTOR,CONDUCIR EN ESTADO DE EBRIEDAD Y/O DROGADICCIÓN
A-2023-02-57,05/02/2023,19:30,ATROPELLO,1,0,1,CUSCO,QUISPICANCHI,ANDAHUAYLILLAS,RURAL,CARRETERA,NACIONAL,PE-28B,NO,-13.6058018701073,-71.7271138700955,DESPEJADO,RURAL,TRAMO RECTO,PLANA ,ASFALTADA,NO,,,NO,IMPRUDENCIA DEL CONDUCTOR,EXCESO DE VELOCIDAD
A-2023-02-8,05/02/2023,19:45,ATROPELLO,1,0,1,LA LIBERTAD,TRUJILLO,HUANCHACO,RURAL,CARRETERA,NACIONAL,PE-1N,NO,-8.003237,-79.071385,DESPEJADO,COMERCIAL,TRAMO RECTO,PLANA ,ASFALTADA,,,,,IMPRUDENCIA DEL PEATÓN,CRUCE INDEBIDO POR LA CALZADA
A-2023-02-54,05/02/2023,22:44,DESPISTE,1,0,1,CUSCO,CALCA,TARAY,RURAL,CARRETERA,NACIONAL,PE-28G,NO,-13.425327,-71.861593,DESPEJADO,RURAL,CURVA,PLANA ,ASFALTADA,SI,PREVENTIVA (P),,SI,IMPRUDENCIA DEL CONDUCTOR,EXCESO DE VELOCIDAD
A-2021-03-175,05/03/2021,00:30,DESPISTE,1,0,1,LIMA,LIMA,SAN MARTIN DE PORRES,URBANA,AVENIDA,URBANO,NO CORRESPONDE,NO,-12.031772,-77.077474,DESPEJADO,COMERCIAL,INTERSECCIÓN,PLANA ,ASFALTADA,,,,,INFRAESTRUCTURA Y ENTORNO VIAL,
A-2021-03-37,05/03/2021,15:00,DESPISTE,1,1,1,CUSCO,CHUMBIVILCAS,COLQUEMARCA,RURAL,CARRETERA,VECINAL,CU-1544,NO,-14.2836,-72.0403,NUBLADO,RURAL,CURVA,PLANA ,AFIRMADO,,,,,IMPRUDENCIA DEL CONDUCTOR,EXCESO DE VELOCIDAD
A-2021-03-27,05/03/2021,18:00,DESPISTE,1,0,1,AREQUIPA,AREQUIPA,YURA,RURAL,CARRETERA,NACIONAL,PE-34A,NO,-16.1780492,-71.6472994,DESPEJADO,RURAL,TRAMO RECTO,INCLINADA,ASFALTADA,,,,,NEGLIGENCIA DEL CONDUCTOR,OTRO (NEGLIGENCIA DEL CONDUCTOR)
A-2021-03-59,05/03/2021,18:10,CHOQUE,1,3,2,LA LIBERTAD,CHEPEN,PACANGA,RURAL,CARRETERA,VECINAL,LI-500,NO,-7.195012,-79.496807,DESPEJADO,RURAL,TRAMO RECTO,PLANA ,ASFALTADA,,,,,IMPRUDENCIA DEL CONDUCTOR,INVASIÓN DE CARRIL
A-2021-03-352,05/03/2021,19:00,ATROPELLO,1,0,0,LIMA,LIMA,LIMA,URBANA,JIRÓN,URBANO,NO CORRESPONDE,NO,-12.050964,-77.039908,DESPEJADO,RESIDENCIAL,INTERSECCIÓN,PLANA ,ASFALTADA,SI,PREVENTIVA (P),,NO,IMPRUDENCIA DEL PEATÓN,ESTADO DE EBRIEDAD Y/O DROGADICCIÓN
A-2021-03-258,05/03/2021,19:30,ATROPELLO,1,1,1,JUNIN,HUANCAYO,SAPALLANGA,URBANA,CARRETERA,NACIONAL,PE-3SC,NO,-12.1380528,-75.16620673,DESPEJADO,COMERCIAL,TRAMO RECTO,PLANA ,ASFALTADA,,,,,,
A-2021-03-201,05/03/2021,21:30,ATROPELLO,1,0,1,LIMA,LIMA,SAN JUAN DE MIRAFLORES,URBANA,CARRETERA,NACIONAL,PE-1S,NO,-12.185667,-76.974538,DESPEJADO,RURAL,TRAMO RECTO,PLANA ,ASFALTADA,,,,,IMPRUDENCIA DEL CONDUCTOR,OTRO (IMPRUDENCIA DEL CONDUCTOR)
A-2022-03-213,05/03/2022,04:45,ATROPELLO FUGA,1,0,,LIMA,LIMA,VILLA EL SALVADOR,,CARRETERA,NACIONAL,PE-1S,,-12.240213,-76.947585,,,,,,,,,,,
A-2022-03-29,05/03/2022,07:20,CHOQUE,1,0,2,ICA,ICA,SALAS,URBANA,CARRETERA,NACIONAL,PE-1S,NO,-13.9848784466352,-75.7728712045695,DESPEJADO,RESIDENCIAL,TRAMO RECTO,PLANA ,ASFALTADA,,,,,NO IDENTIFICA LA CAUSA,
A-2022-03-38,05/03/2022,10:30,VOLCADURA,1,0,1,CAJAMARCA,CELENDIN,CELENDIN,URBANA,CALLE,URBANO,NO CORRESPONDE,NO,-6.864952,-78.14231,DESPEJADO,RURAL,TRAMO RECTO,PLANA ,ASFALTADA,,,,,NO IDENTIFICA LA CAUSA,
A-2022-03-144,05/03/2022,11:30,DESPISTE,1,2,1,CUSCO,LA CONVENCION,ECHARATE,RURAL,CARRETERA,NACIONAL,PE-28B,NO,-12.641036,-72.910948,DESPEJADO,RURAL,CURVA,PLANA ,AFIRMADO,,,,,IMPERICIA DEL CONDUCTOR,
A-2022-03-63,05/03/2022,16:30,CHOQUE,2,2,5,AREQUIPA,AREQUIPA,SAN JUAN DE TARUCANI,RURAL,CARRETERA,NACIONAL,PE-34A,NO,-16.054261,-71.341154,NUBLADO,RURAL,CURVA,INCLINADA,ASFALTADA,NO,,,SI,NO IDENTIFICA LA CAUSA,
A-2022-03-8,05/03/2022,16:50,ATROPELLO,1,0,,CALLAO,CALLAO,CALLAO,URBANA,CARRETERA,NACIONAL,PE-20,NO,-12.0415492956281,-77.1266680447554,DESPEJADO,COMERCIAL,TRAMO RECTO,PLANA ,ASFALTADA,SI,REGULADORA (R),,SI,IMPRUDENCIA DEL PEATÓN,OTRO (IMPRUDENCIA DEL PEATÓN)
A-2022-03-72,05/03/2022,17:30,DESPISTE,1,0,1,LA LIBERTAD,VIRU,GUADALUPITO,RURAL,CARRETERA,NACIONAL,PE-1N,NO,-8.70175004582794,-78.6394071019451,DESPEJADO,RURAL,TRAMO RECTO,PLANA ,ASFALTADA,,,,,NO IDENTIFICA LA CAUSA,
A-2022-03-103,05/03/2022,19:25,CHOQUE,1,0,2,CAJAMARCA,JAEN,JAEN,URBANA,CARRETERA,NACIONAL,PE-5N,NO,-5.68824354826517,-78.7921113792726,DESPEJADO,COMERCIAL,TRAMO RECTO,PLANA ,ASFALTADA,,,,,NO IDENTIFICA LA CAUSA,
A-2022-03-102,05/03/2022,20:30,CHOQUE,3,2,4,LAMBAYEQUE,LAMBAYEQUE,LAMBAYEQUE,URBANA,CARRETERA,NACIONAL,PE-1NJ,NO,-6.61579279117157,-79.8847835633958,DESPEJADO,RESIDENCIAL,TRAMO RECTO,PLANA ,ASFALTADA,,,,,NO IDENTIFICA LA CAUSA,