CODIGO_SINIESTRO,FECHA_SINIESTRO,HORA_SINIESTRO,CLASE_SINIESTRO,CANTIDAD_DE_FALLECIDOS,CANTIDAD_DE_LESIONADOS,CANTIDAD_DE_VEHICULOS_DANADOS,DEPARTAMENTO,PROVINCIA,DISTRITO,ZONA,TIPO_DE_VIA,RED_VIAL,COD_CARRETERA,EXISTE_CICLOVIA,COORDENADAS_LATITUD,COORDENADAS_LONGITUD,CONDICION_CLIMATICA,ZONIFICACION,CARACTERISTICAS_DE_VIA,PERFIL_LONGITUDINAL_VIA,SUPERFICIE_DE_CALZADA,EXISTE_SENAL_VERTICAL,CLASIFICACION_DE_LA_SENAL_VERTICAL_N_1,CLASIFICACION_DE_LA_SENAL_VERTICAL_N_2,EXISTE_SENAL_HORIZONTAL,CAUSA_FACTOR_PRINCIPAL,CAUSA_ESPECIFICA
A-2023-03-49,05/03/2023,01:20,ATROPELLO,1,0,1,CUSCO,CANCHIS,SICUANI,RURAL,CARRETERA,NACIONAL,PE-3S,NO,-14.24516005,-71.25143527,DESPEJADO,RURAL,TRAMO RECTO,PLANA ,ASFALTADA,,,,,IMPRUDENCIA DEL PEATÓN,CRUCE INDEBIDO POR LA CALZADA
A-2023-03-6,05/03/2023,03:00,CHOQUE,1,1,2,LA LIBERTAD,VIRU,CHAO,RURAL,CARRETERA,NACIONAL,PE-1N,NO,-8.532783,-78.681809,DESPEJADO,RURAL,TRAMO RECTO,PLANA ,ASFALTADA,,,,,NO IDENTIFICA LA CAUSA,
A-2023-03-28,05/03/2023,03:30,DESPISTE,1,0,1,CAJAMARCA,JAEN,PUCARA,URBANA,CARRETERA,NACIONAL,PE-3N,NO,-6.041541,-79.125163,SOLEADO,RESIDENCIAL,TRAMO RECTO,INCLINADA,ASFALTADA,NO,,,SI,NO IDENTIFICA LA CAUSA,
A-2023-03-7,05/03/2023,04:20,DESPISTE,1,0,1,LA LIBERTAD,TRUJILLO,MOCHE,URBANA,CARRETERA,VECINAL,LI-1102,NO,-8.1776853,-79.0122907,DESPEJADO,COMERCIAL,TRAMO RECTO,PLANA ,ASFALTADA,,,,,NO IDENTIFICA LA CAUSA,
A-2023-03-8,05/03/2023,04:40,DESPISTE,1,0,1,LA LIBERTAD,TRUJILLO,TRUJILLO,URBANA,AVENIDA,URBANO,NO CORRESPONDE,NO,-8.1280498,-79.0407257,DESPEJADO,COMERCIAL,TRAMO RECTO,PLANA ,ASFALTADA,,,,,NO IDENTIFICA LA CAUSA,
A-2023-03-13,05/03/2023,06:30,CHOQUE,1,0,2,AREQUIPA,ISLAY,COCACHACRA,RURAL,CARRETERA,NACIONAL,PE-1NA,NO,-17.0885637,-71.7546942,DESPEJADO,RURAL,TRAMO RECTO,PLANA ,ASFALTADA,,,,,NO IDENTIFICA LA CAUSA,
A-2023-03-14,05/03/2023,06:30,CHOQUE,1,0,2,AREQUIPA,ISLAY,COCACHACRA,RURAL,CARRETERA,NACIONAL,PE-34B,NO,-17.0898133,-71.4022277,DESPEJADO,RURAL,CURVA,PLANA ,ASFALTADA,SI,REGULADORA (R),,SI,NO IDENTIFICA LA CAUSA,
A-2023-03-108,05/03/2023,07:20,DESPISTE,1,2,1,ANCASH,SANTA,SAMANCO,RURAL,CARRETERA,VECINAL,AN-933,NO,-9.290535,-78.483732,DESPEJADO,RURAL,TRAMO RECTO,PLANA ,ASFALTADA,,,,,IMPRUDENCIA DEL CONDUCTOR,CONDUCIR EN ESTADO DE EBRIEDAD Y/O DROGADICCIÓN
A-2023-03-165,05/03/2023,11:30,ATROPELLO,1,0,1,AYACUCHO,LUCANAS,PUQUIO,URBANA,JIRÓN,URBANO,NO CORRESPONDE,NO,-14.6954415666746,-74.1206954840495,DESPEJADO,RESIDENCIAL,TRAMO RECTO,INCLINADA,ASFALTADA,SI,INFORMATIVA (I),INFORMATIVA (I),NO,IMPRUDENCIA DEL CONDUCTOR,OTRO (IMPRUDENCIA DEL CONDUCTOR)
A-2023-03-135,05/03/2023,12:00,CHOQUE,1,2,,LIMA,LIMA,CHORRILLOS,URBANA,AVENIDA,URBANO,NO CORRESPONDE,SI,-12.19529584,-77.00127544,DESPEJADO,COMERCIAL,INTERSECCIÓN,PLANA ,ASFALTADA,,,,,IMPRUDENCIA DEL CONDUCTOR,OTRO (IMPRUDENCIA DEL CONDUCTOR)
A-2023-03-9,05/03/2023,18:20,CHOQUE,2,2,2,LA LIBERTAD,VIRU,VIRU,RURAL,CARRETERA,NACIONAL,PE-1N,NO,-8.4369753,-78.7622822,DESPEJADO,RURAL,TRAMO RECTO,PLANA ,ASFALTADA,,,,,IMPRUDENCIA DEL CONDUCTOR,FATIGA Y/O CANSANCIO
A-2023-03-69,05/03/2023,19:30,CHOQUE,1,0,2,LAMBAYEQUE,CHICLAYO,PATAPO,RURAL,CARRETERA,NACIONAL,PE-06A,NO,-6.7363369,-79.5400284,DESPEJADO,RURAL,TRAMO RECTO,PLANA ,ASFALTADA,,,,,NO IDENTIFICA LA CAUSA,
A-2021-04-199,05/04/2021,07:30,CHOQUE,1,6,2,HUANCAVELICA,HUAYTARA,PILPICHACA,RURAL,CARRETERA,NACIONAL,PE-28A,NO,-13.44379,-74.964815,DESPEJADO,RURAL,TRAMO RECTO,PLANA ,ASFALTADA,,,,,IMPRUDENCIA DEL CONDUCTOR,EXCESO DE VELOCIDAD
A-2021-04-143,05/04/2021,13:55,ATROPELLO,1,0,0,CUSCO,CUSCO,SAN SEBASTIAN,URBANA,AVENIDA,URBANO,NO CORRESPONDE,NO,-13.53252,-71.929495,DESPEJADO,RESIDENCIAL,TRAMO RECTO,PLANA ,ASFALTADA,,,,,IMPRUDENCIA DEL PEATÓN,CRUCE INDEBIDO POR LA CALZADA
A-2021-04-100,05/04/2021,14:00,DESPISTE,5,2,1,ANCASH,BOLOGNESI,ANTONIO RAYMONDI,RURAL,CARRETERA,VECINAL,AN-1240,NO,-10.1796003751827,-77.4724130253265,SOLEADO,RURAL,CURVA,PLANA ,AFIRMADO,,,,,IMPRUDENCIA DEL CONDUCTOR,EXCESO DE VELOCIDAD
A-2021-04-28,05/04/2021,14:15,CHOQUE,1,1,2,CAJAMARCA,CAJAMARCA,CAJAMARCA,URBANA,JIRÓN,URBANO,NO CORRESPONDE,NO,-7.15509546,-78.51223546,DESPEJADO,ESCOLAR,TRAMO RECTO,PLANA ,CONCRETO,SI,PREVENTIVA (P),PREVENTIVA (P),SI,IMPRUDENCIA DEL CONDUCTOR,EXCESO DE VELOCIDAD
A-2021-04-116,05/04/2021,15:30,DESPISTE,6,8,1,PUNO,SANDIA,LIMBANI,RURAL,CARRETERA,DEPARTAMENTAL,PU-106,NO,-14.133438,-69.683171,NUBLADO,RURAL,CURVA,INCLINADA,TROCHA,,,,,IMPRUDENCIA DEL CONDUCTOR,EXCESO DE VELOCIDAD
A-2021-04-60,05/04/2021,17:00,CHOQUE,1,0,2,AYACUCHO,HUAMANGA,CARMEN ALTO,RURAL,CARRETERA,NACIONAL,PE-3S,NO,-13.2162044,-74.2269812,DESPEJADO,RURAL,CURVA,PLANA ,ASFALTADA,SI,PREVENTIVA (P),PREVENTIVA (P),NO,IMPRUDENCIA DEL CONDUCTOR,CONDUCIR EN ESTADO DE EBRIEDAD Y/O DROGADICCIÓN
A-2021-04-41,05/04/2021,18:36,CHOQUE FUGA,1,0,1,JUNIN,SATIPO,MAZAMARI,RURAL,CARRETERA,NACIONAL,PE-5S,NO,-11.3022369586258,-74.546613867788,DESPEJADO,RURAL,CURVA,PLANA ,ASFALTADA,,,,,,
A-2021-04-89,05/04/2021,20:30,DESPISTE,1,0,1,APURIMAC,COTABAMBAS,MARA,RURAL,CARRETERA,NACIONAL,PE-3SY,NO,-14.0650166100599,-72.0666361998657,DESPEJADO,RURAL,SINUOSA,PLANA ,ASFALTADA,SI,PREVENTIVA (P),PREVENTIVA (P),NO,IMPRUDENCIA DEL CONDUCTOR,OTRO (IMPRUDENCIA DEL CONDUCTOR)
A-2022-04-224,05/04/2022,14:40,DESPISTE,5,3,1,JUNIN,JAUJA,CANCHAYLLO,RURAL,CARRETERA,VECINAL,JU-761,NO,-11.803618,-75.718824,DESPEJADO,RURAL,TRAMO RECTO,INCLINADA,TROCHA,,,,,IMPRUDENCIA DEL CONDUCTOR,OTRO (IMPRUDENCIA DEL CONDUCTOR)
A-2022-04-25,05/04/2022,15:40,CHOQUE,2,3,2,AREQUIPA,AREQUIPA,YURA,RURAL,CARRETERA,NACIONAL,PE-34A,NO,-16.065461,-71.529031,DESPEJADO,RURAL,TRAMO RECTO,PLANA ,ASFALTADA,SI,REGULADORA (R),,SI,NO IDENTIFICA LA CAUSA,
A-2022-04-244,05/04/2022,18:00,DESPISTE,1,1,1,LIMA,BARRANCA,SUPE,URBANA,CARRETERA,VECINAL,LM-534,NO,-10.8164021627785,-77.7174276384288,DESPEJADO,COMERCIAL,INTERSECCIÓN,PLANA ,AFIRMADO,,,,,IMPRUDENCIA DEL CONDUCTOR,EXCESO DE VELOCIDAD
A-2022-04-65,05/04/2022,19:30,CHOQUE,1,1,2,SAN MARTIN,RIOJA,RIOJA,URBANA,JIRÓN,URBANO,NO CORRESPONDE,NO,-6.066892,-77.168745,LLUVIOSO,RESIDENCIAL,INTERSECCIÓN,PLANA ,CONCRETO,SI,REGULADORA (R),PREVENTIVA (P),NO,IMPRUDENCIA DEL CONDUCTOR,OTRO (IMPRUDENCIA DEL CONDUCTOR)
A-2023-04-166,05/04/2023,00:20,CHOQUE,1,1,2,AYACUCHO,HUAMANGA,SAN JUAN BAUTISTA,URBANA,CARRETERA,NACIONAL,PE-3S,NO,-13.1870753,-74.2081645,DESPEJADO,RESIDENCIAL,CURVA,INCLINADA,ASFALTADA,SI,PREVENTIVA (P),,NO,IMPRUDENCIA DEL CONDUCTOR,CONDUCIR EN ESTADO DE EBRIEDAD Y/O DROGADICCIÓN
A-2023-04-172,05/04/2023,05:30,ESPECIAL,1,1,1,CAJAMARCA,CONTUMAZA,YONAN,URBANA,CARRETERA,NACIONAL,PE-08,NO,-7.251452,-79.127976,LLUVIOSO,COMERCIAL,TRAMO RECTO,INCLINADA,CONCRETO,SI,PREVENTIVA (P),,SI,INFRAESTRUCTURA Y ENTORNO VIAL,FACTOR AMBIENTAL
A-2023-04-173,05/04/2023,06:00,ESPECIAL,2,1,1,CAJAMARCA,CONTUMAZA,YONAN,RURAL,CARRETERA,NACIONAL,PE-08,NO,-7.221245,-79.160288,LLUVIOSO,COMERCIAL,CURVA,PLANA ,ASFALTADA,SI,PREVENTIVA (P),,SI,INFRAESTRUCTURA Y ENTORNO VIAL,FACTOR AMBIENTAL
A-2023-04-25,05/04/2023,06:00,DESPISTE,4,0,1,HUANCAVELICA,HUANCAVELICA,HUANDO,RURAL,CARRETERA,NACIONAL,PE-26,NO,-12.5918229,-74.9362092,SOLEADO,RURAL,CURVA,PLANA ,ASFALTADA,SI,PREVENTIVA (P),REGULADORA (R),SI,NO IDENTIFICA LA CAUSA,
A-2023-04-3,05/04/2023,15:30,ATROPELLO FUGA,1,0,,PUNO,CHUCUITO,POMATA,RURAL,CARRETERA,NACIONAL,PE-3S,NO,-16.2767234866651,-69.2887852823399,SOLEADO,RURAL,TRAMO RECTO,PLANA ,ASFALTADA,,,,,IMPRUDENCIA DEL CONDUCTOR,EXCESO DE VELOCIDAD
A-2023-04-21,05/04/2023,19:40,CHOQUE,1,0,1,CALLAO,CALLAO,CALLAO,URBANA,AVENIDA,URBANO,NO CORRESPONDE,NO,-12.0495024,-77.111637117,DESPEJADO,COMERCIAL,TRAMO RECTO,PLANA ,ASFALTADA,SI,REGULADORA (R),,SI,IMPRUDENCIA DEL CONDUCTOR,INVASIÓN DE CARRIL
A-2023-04-27,05/04/2023,21:00,DESPISTE,1,1,1,APURIMAC,ANDAHUAYLAS,TALAVERA,URBANA,CARRETERA,NACIONAL,PE-3S,NO,-13.658174,-73.430306,DESPEJADO,ESCOLAR,INTERSECCIÓN,PLANA ,ASFALTADA,,,,,NO IDENTIFICA LA CAUSA,
A-2021-05-19,05/05/2021,00:10,ATROPELLO,1,0,0,PIURA,PIURA,CATACAOS,RURAL,CARRETERA,NACIONAL,PE-1N,NO,-5.255503,-80.616913,DESPEJADO,RURAL,TRAMO RECTO,PLANA ,ASFALTADA,SI,PREVENTIVA (P),INFORMATIVA (I),NO,,
A-2021-05-324,05/05/2021,05:45,DESPISTE,1,0,,JUNIN,SATIPO,PANGOA,RURAL,CARRETERA,NACIONAL,PE-28C,,-11.33568,-74.52846,,,,,,,,,,,
A-2021-05-11,05/05/2021,07:00,ATROPELLO,1,0,1,ANCASH,HUARAZ,OLLEROS,URBANA,AVENIDA,URBANO,NO CORRESPONDE,NO,-9.66303953668818,-77.467772744454,DESPEJADO,RESIDENCIAL,TRAMO RECTO,INCLINADA,CONCRETO,,,,,IMPRUDENCIA DEL CONDUCTOR,EXCESO DE VELOCIDAD
A-2021-05-15,05/05/2021,12:30,DESPISTE,1,0,1,APURIMAC,ANDAHUAYLAS,HUANCARAMA,RURAL,CARRETERA,VECINAL,AP-597,NO,-13.6516219,-73.0590121,DESPEJADO,RURAL,CURVA,INCLINADA,TROCHA,,,,,IMPRUDENCIA DEL CONDUCTOR,CONDUCIR EN ESTADO DE EBRIEDAD Y/O DROGADICCIÓN
A-2021-05-308,05/05/2021,13:30,CHOQUE,1,0,2,ICA,PISCO,SAN CLEMENTE,URBANA,CARRETERA,NACIONAL,PE-28A,NO,-13.6787221261156,-76.1353240881925,DESPEJADO,COMERCIAL,TRAMO RECTO,PLANA ,ASFALTADA,,,,,NO IDENTIFICA LA CAUSA,
A-2021-05-189,05/05/2021,14:00,DESPISTE,3,1,1,CUSCO,LA CONVENCION,HUAYOPATA,RURAL,CARRETERA,NACIONAL,PE-28B,NO,-13.133249,-72.316248,NIEBLA,RURAL,CURVA,INCLINADA,ASFALTADA,SI,REGULADORA (R),REGULADORA (R),SI,NEGLIGENCIA DEL CONDUCTOR,OTRO (NEGLIGENCIA DEL CONDUCTOR)
A-2021-05-74,05/05/2021,17:00,DESPISTE,1,1,1,CUSCO,ANTA,LIMATAMBO,RURAL,CARRETERA,NACIONAL,PE-3S,NO,-13.457944,-72.4116,DESPEJADO,RURAL,CURVA,INCLINADA,ASFALTADA,,,,,NEGLIGENCIA DEL CONDUCTOR,OTRO (NEGLIGENCIA DEL CONDUCTOR)
A-2021-05-175,05/05/2021,19:15,CHOQUE,1,1,2,LIMA,BARRANCA,BARRANCA,RURAL,CARRETERA,NACIONAL,PE-1N,SI,-10.7369133660655,-77.7496962204934,DESPEJADO,RURAL,TRAMO RECTO,PLANA ,ASFALTADA,,,,,IMPRUDENCIA DEL CONDUCTOR,OTRO (IMPRUDENCIA DEL CONDUCTOR)
A-2021-05-258,05/05/2021,20:10,DESPISTE,1,0,1,LAMBAYEQUE,CHICLAYO,MONSEFU,URBANA,CARRETERA,NACIONAL,PE-1N,NO,-6.8512811,-79.8269899,DESPEJADO,COMERCIAL,TRAMO RECTO,PLANA ,ASFALTADA,SI,PREVENTIVA (P),REGULADORA (R),NO,NO IDENTIFICA LA CAUSA,
A-2021-05-128,05/05/2021,21:50,ATROPELLO,1,1,,LIMA,LIMA,LIMA,URBANA,AVENIDA,URBANO,NO CORRESPONDE,NO,-12.044108,-77.046872,DESPEJADO,INDUSTRIAL,TRAMO RECTO,PLANA ,ASFALTADA,,,,,IMPRUDENCIA DEL PEATÓN,OTRO (IMPRUDENCIA DEL PEATÓN)
A-2022-05-168,05/05/2022,03:30,DESPISTE,2,1,1,PUNO,SANDIA,CUYOCUYO,RURAL,CARRETERA,NACIONAL,PE-34H,NO,-14.4308072520569,-69.5130772013134,DESPEJADO,RURAL,TRAMO RECTO,PLANA ,ASFALTADA,,,,,IMPRUDENCIA DEL CONDUCTOR,EXCESO DE VELOCIDAD
A-2022-05-150,05/05/2022,05:10,CHOQUE,1,2,2,CAJAMARCA,CUTERVO,CUTERVO,RURAL,CARRETERA,NACIONAL,PE-3ND,NO,-6.36504833,-78.79028,DESPEJADO,RURAL,OTRO,PLANA ,ASFALTADA,,,,,NO IDENTIFICA LA CAUSA,
A-2022-05-33,05/05/2022,06:15,CHOQUE,1,0,2,CUSCO,ESPINAR,PALLPATA,RURAL,CARRETERA,DEPARTAMENTAL,CU-133,NO,-14.869255,-71.212616,DESPEJADO,RURAL,TRAMO RECTO,PLANA ,ASFALTADA,SI,INFORMATIVA (I),,SI,IMPRUDENCIA DEL CONDUCTOR,GIRAR IMPRUDENTEMENTE
A-2022-05-54,05/05/2022,10:00,ATROPELLO FUGA,1,0,1,AREQUIPA,AREQUIPA,JOSE LUIS BUSTAMANTE Y RIVERO,URBANA,AVENIDA,URBANO,NO CORRESPONDE,NO,-16.429616,-71.526843,DESPEJADO,COMERCIAL,TRAMO RECTO,PLANA ,ASFALTADA,NO,,,SI,NO IDENTIFICA LA CAUSA,
A-2022-05-130,05/05/2022,23:30,ATROPELLO FUGA,1,0,,CUSCO,ANTA,CACHIMAYO,URBANA,CARRETERA,NACIONAL,PE-3S,NO,-13.48311,-72.078307,DESPEJADO,COMERCIAL,TRAMO RECTO,PLANA ,ASFALTADA,,,,,IMPRUDENCIA DEL PEATÓN,ESTADO DE EBRIEDAD Y/O DROGADICCIÓN
A-2023-05-153,05/05/2023,05:00,DESPISTE,2,2,1,AYACUCHO,HUAMANGA,VINCHOS,RURAL,CARRETERA,VECINAL,AY-816,NO,-13.2708478494833,-74.3480863985412,DESPEJADO,RURAL,CURVA,INCLINADA,AFIRMADO,,,,,IMPRUDENCIA DEL CONDUCTOR,CONDUCIR EN ESTADO DE EBRIEDAD Y/O DROGADICCIÓN
A-2023-05-43,05/05/2023,07:24,ATROPELLO,1,0,1,CUSCO,CUSCO,SAN JERONIMO,URBANA,AVENIDA,URBANO,NO CORRESPONDE,NO,-13.545461,-71.892738,DESPEJADO,RESIDENCIAL,TRAMO RECTO,PLANA ,ASFALTADA,NO,,,SI,IMPRUDENCIA DEL PEATÓN,ESTADO DE EBRIEDAD Y/O DROGADICCIÓN
A-2023-05-46,05/05/2023,10:00,DESPISTE,1,0,1,CUSCO,CANAS,LAYO,RURAL,CARRETERA,NACIONAL,PE-3S,NO,-14.460058,-71.066607,DESPEJADO,RURAL,TRAMO RECTO,PLANA ,ASFALTADA,,,,,IMPRUDENCIA DEL CONDUCTOR,FATIGA Y/O CANSANCIO
A-2023-05-5,05/05/2023,16:08,DESPISTE,1,1,1,PUNO,PUNO,PICHACANI,RURAL,CARRETERA,NACIONAL,PE-36B,NO,-16.276122,-70.194402,DESPEJADO,RURAL,TRAMO RECTO,PLANA ,ASFALTADA,,,,,IMPRUDENCIA DEL CONDUCTOR,CONDUCIR EN ESTADO DE EBRIEDAD Y/O DROGADICCIÓN
A-2023-05-87,05/05/2023,16:40,CHOQUE,1,0,1,PUNO,CARABAYA,AJOYANI,RURAL,CARRETERA,NACIONAL,PE-34B,NO,-14.2357036,-70.2449078,DESPEJADO,RURAL,TRAMO RECTO,PLANA ,ASFALTADA,,,,,IMPRUDENCIA DEL CONDUCTOR,OTRO (IMPRUDENCIA DEL CONDUCTOR)
A-2023-05-143,05/05/2023,18:05,ATROPELLO,1,0,,JUNIN,HUANCAYO,CHILCA,URBANA,CARRETERA,NACIONAL,PE-3S,NO,-12.100522,-75.216756,DESPEJADO,RURAL,CURVA,INCLINADA,ASFALTADA,NO,,,SI,IMPRUDENCIA DEL PEATÓN,CRUCE INDEBIDO POR LA CALZADA
A-2021-06-19,05/06/2021,12:49,CHOQUE,1,0,2,ICA,ICA,ICA,URBANA,CARRETERA,NACIONAL,PE-1S,NO,-14.068129,-75.739607,DESPEJADO,RESIDENCIAL,TRAMO RECTO,PLANA ,ASFALTADA,,,,,IMPRUDENCIA DEL CONDUCTOR,ADELANTAR INDEBIDAMENTE
A-2021-06-177,05/06/2021,18:00,DESPISTE,1,2,1,JUNIN,HUANCAYO,CHUPURO,RURAL,CARRETERA,DEPARTAMENTAL,JU-110,NO,-12.185174,-75.256165,SOLEADO,RURAL,PASE A DESNIVEL,INCLINADA,TROCHA,,,,,IMPRUDENCIA DEL CONDUCTOR,EXCESO DE VELOCIDAD
A-2021-06-13,05/06/2021,18:30,CHOQUE FUGA,2,0,1,PUNO,EL COLLAO,ILAVE,RURAL,CARRETERA,NACIONAL,PE-3S,NO,-16.0568612244274,-69.6187195193421,DESPEJADO,RURAL,TRAMO RECTO,PLANA ,ASFALTADA,,,,,NO IDENTIFICA LA CAUSA,
A-2021-06-327,05/06/2021,18:40,CHOQUE,1,0,2,LIMA,BARRANCA,BARRANCA,RURAL,CARRETERA,NACIONAL,PE-1N,SI,-10.7433538521149,-77.7447885866894,DESPEJADO,RURAL,TRAMO RECTO,PLANA ,ASFALTADA,,,,,IMPRUDENCIA DEL CONDUCTOR,GIRAR IMPRUDENTEMENTE
A-2021-06-271,05/06/2021,19:30,ATROPELLO,1,0,1,CALLAO,CALLAO,CALLAO,URBANA,CARRETERA,NACIONAL,PE-20,NO,-11.9648162469325,-77.1266627648273,DESPEJADO,COMERCIAL,TRAMO RECTO,PLANA ,ASFALTADA,,,,,NEGLIGENCIA DEL CONDUCTOR,OTRO (NEGLIGENCIA DEL CONDUCTOR)
A-2021-06-20,05/06/2021,22:30,CHOQUE,1,2,2,AREQUIPA,AREQUIPA,LA JOYA,RURAL,CARRETERA,NACIONAL,PE-1S,NO,-16.7048278,-71.8703738,DESPEJADO,RURAL,TRAMO RECTO,PLANA ,ASFALTADA,NO,,,SI,NO IDENTIFICA LA CAUSA,
A-2022-06-82,05/06/2022,01:45,DESPISTE,2,0,1,LAMBAYEQUE,LAMBAYEQUE,LAMBAYEQUE,RURAL,CARRETERA,NACIONAL,PE-1N,NO,-6.684792,-79.904011,DESPEJADO,RURAL,ÓVALO,PLANA ,ASFALTADA,,,,,NO IDENTIFICA LA CAUSA,
A-2022-06-216,05/06/2022,03:00,CHOQUE,1,1,,LIMA,LIMA,CHORRILLOS,URBANA,AVENIDA,URBANO,NO CORRESPONDE,NO,-12.1959098651915,-77.0006198349979,DESPEJADO,COMERCIAL,CURVA,PLANA ,ASFALTADA,,,,,NO IDENTIFICA LA CAUSA,
A-2022-06-16,05/06/2022,03:40,CHOQUE CON OBJETO FIJO,1,0,1,AREQUIPA,AREQUIPA,LA JOYA,URBANA,CALLE,URBANO,NO CORRESPONDE,NO,-16.4229103,-71.8180602,DESPEJADO,RESIDENCIAL,TRAMO RECTO,PLANA ,ASFALTADA,NO,,,SI,NO IDENTIFICA LA CAUSA,
A-2022-06-29,05/06/2022,04:50,ATROPELLO FUGA,1,0,,ANCASH,HUARAZ,TARICA,RURAL,CARRETERA,NACIONAL,PE-3N,NO,-9.41382733937597,-77.5646727511333,DESPEJADO,RURAL,CURVA,PLANA ,ASFALTADA,NO,,,SI,IMPRUDENCIA DEL PEATÓN,CRUCE INDEBIDO POR LA CALZADA
A-2022-06-54,05/06/2022,05:00,DESPISTE,1,0,,CUSCO,CANAS,LANGUI,RURAL,CARRETERA,SIN CLASIFICAR,SIN CLASIFICAR,NO,-14.4813,-71.2655,DESPEJADO,RURAL,TRAMO RECTO,PLANA ,TROCHA,,,,,IMPRUDENCIA DEL CONDUCTOR,EXCESO DE VELOCIDAD
A-2022-06-215,05/06/2022,08:00,DESPISTE,1,1,,LIMA,LIMA,CARABAYLLO,URBANA,AVENIDA,URBANO,NO CORRESPONDE,NO,-11.8809297,-77.02161,DESPEJADO,ESCOLAR,TRAMO RECTO,PLANA ,ASFALTADA,,,,,NO IDENTIFICA LA CAUSA,
A-2022-06-224,05/06/2022,11:35,DESPISTE,1,6,,JUNIN,TARMA,HUASAHUASI,RURAL,CARRETERA,VECINAL,JU-548,,-11.2661737611393,-75.6036722216724,,,,,,,,,,,
A-2022-06-217,05/06/2022,12:00,CHOQUE,1,1,,LIMA,LIMA,ATE,URBANA,AVENIDA,URBANO,NO CORRESPONDE,NO,-12.0227560966251,-76.9119035543097,DESPEJADO,COMERCIAL,TRAMO RECTO,PLANA ,TROCHA,,,,,NO IDENTIFICA LA CAUSA,
A-2022-06-163,05/06/2022,16:00,CHOQUE,1,1,2,HUANUCO,HUANUCO,CHINCHAO,RURAL,CARRETERA,NACIONAL,PE-18A,NO,-9.496673,-75.95111,NUBLADO,RURAL,CURVA,INCLINADA,ASFALTADA,SI,PREVENTIVA (P),PREVENTIVA (P),NO,IMPRUDENCIA DEL CONDUCTOR,EXCESO DE VELOCIDAD
A-2022-06-68,05/06/2022,17:00,CHOQUE,1,3,2,LAMBAYEQUE,CHICLAYO,PICSI,RURAL,CARRETERA,NACIONAL,PE-06A,NO,-6.75040384391974,-79.7237013475691,DESPEJADO,RURAL,TRAMO RECTO,PLANA ,ASFALTADA,SI,PREVENTIVA (P),,NO,NO IDENTIFICA LA CAUSA,
A-2022-06-9,05/06/2022,17:20,DESPISTE,1,0,1,PUNO,PUNO,PICHACANI,RURAL,CARRETERA,NACIONAL,PE-36B,NO,-16.1870363916416,-70.098946086083,DESPEJADO,RURAL,CURVA,PLANA ,ASFALTADA,,,,,IMPRUDENCIA DEL CONDUCTOR,EXCESO DE VELOCIDAD
A-2022-06-257,05/06/2022,17:40,CHOQUE,1,0,,MADRE DE DIOS,TAMBOPATA,TAMBOPATA,RURAL,AVENIDA,URBANO,NO CORRESPONDE,,-12.596425,-69.194638,,,,,,,,,,,
A-2022-06-38,05/06/2022,18:20,ATROPELLO FUGA,1,1,1,AREQUIPA,AREQUIPA,JACOBO HUNTER,URBANA,CARRETERA,VECINAL,AR-796,NO,-16.460249,-71.556444,DESPEJADO,RESIDENCIAL,TRAMO RECTO,PLANA ,ASFALTADA,NO,,,SI,NO IDENTIFICA LA CAUSA,
A-2022-06-236,05/06/2022,19:30,DESPISTE,1,1,1,HUANCAVELICA,ACOBAMBA,ANDABAMBA,RURAL,CARRETERA,DEPARTAMENTAL,HV-106,NO,-12.70278,-74.640874,DESPEJADO,RURAL,CURVA,PLANA ,TROCHA,,,,,NEGLIGENCIA DEL CONDUCTOR,CONDUCIR CON FALLAS DE FRENOS
A-2022-06-10,05/06/2022,22:18,CHOQUE,1,0,2,PUNO,EL COLLAO,ILAVE,RURAL,CARRETERA,NACIONAL,PE-3S,NO,-16.0749385113227,-69.6652400814053,DESPEJADO,RURAL,TRAMO RECTO,PLANA ,ASFALTADA,,,,,IMPRUDENCIA DEL CONDUCTOR,INVASIÓN DE CARRIL
A-2023-06-9,05/06/2023,00:35,DESPISTE,1,2,2,ICA,PISCO,SAN ANDRES,URBANA,CARRETERA,NACIONAL,PE-1SE,NO,-13.715879,-76.164719,DESPEJADO,COMERCIAL,TRAMO RECTO,PLANA ,ASFALTADA,,,,,IMPRUDENCIA DEL CONDUCTOR,EXCESO DE VELOCIDAD
A-2023-06-42,05/06/2023,06:30,DESPISTE,1,0,1,CUSCO,ESPINAR,ESPINAR,RURAL,CARRETERA,NACIONAL,PE-3SG,NO,-14.840621,-71.303332,DESPEJADO,RURAL,CURVA,PLANA ,ASFALTADA,SI,PREVENTIVA (P),,SI,IMPRUDENCIA DEL CONDUCTOR,EXCESO DE VELOCIDAD
A-2023-06-8,05/06/2023,08:10,ATROPELLO,1,0,,ICA,ICA,LOS AQUIJES,URBANA,CARRETERA,VECINAL,IC-655,NO,-14.094408,-75.705145,DESPEJADO,RURAL,TRAMO RECTO,PLANA ,ASFALTADA,,,,,IMPRUDENCIA DEL CONDUCTOR,CONDUCIR EN ESTADO DE EBRIEDAD Y/O DROGADICCIÓN