CODIGO_SINIESTRO,FECHA_SINIESTRO,HORA_SINIESTRO,CLASE_SINIESTRO,CANTIDAD_DE_FALLECIDOS,CANTIDAD_DE_LESIONADOS,CANTIDAD_DE_VEHICULOS_DANADOS,DEPARTAMENTO,PROVINCIA,DISTRITO,ZONA,TIPO_DE_VIA,RED_VIAL,COD_CARRETERA,EXISTE_CICLOVIA,COORDENADAS_LATITUD,COORDENADAS_LONGITUD,CONDICION_CLIMATICA,ZONIFICACION,CARACTERISTICAS_DE_VIA,PERFIL_LONGITUDINAL_VIA,SUPERFICIE_DE_CALZADA,EXISTE_SENAL_VERTICAL,CLASIFICACION_DE_LA_SENAL_VERTICAL_N_1,CLASIFICACION_DE_LA_SENAL_VERTICAL_N_2,EXISTE_SENAL_HORIZONTAL,CAUSA_FACTOR_PRINCIPAL,CAUSA_ESPECIFICA
A-2022-03-131,06/03/2022,06:30,DESPISTE,1,0,1,PUNO,HUANCANE,TARACO,RURAL,CARRETERA,NACIONAL,PE-34H,NO,-15.2713891,-69.8962317,DESPEJADO,RURAL,TRAMO RECTO,PLANA ,ASFALTADA,,,,,NEGLIGENCIA DEL CONDUCTOR,OTRO (NEGLIGENCIA DEL CONDUCTOR)
A-2022-03-55,06/03/2022,06:30,DESPISTE,1,5,1,HUANCAVELICA,HUAYTARA,PILPICHACA,RURAL,CARRETERA,NACIONAL,PE-28A,NO,-13.41957,-74.95678,NIEBLA,RURAL,CURVA,INCLINADA,ASFALTADA,SI,PREVENTIVA (P),REGULADORA (R),SI,NO IDENTIFICA LA CAUSA,
A-2022-03-56,06/03/2022,13:00,CHOQUE,1,1,,HUANCAVELICA,ANGARAES,LIRCAY,RURAL,CARRETERA,DEPARTAMENTAL,HV-116,,-13.00148,-74.764165,,,,,,,,,,,
A-2022-03-15,06/03/2022,14:00,DESPISTE,2,0,1,AREQUIPA,CAMANA,MARIANO NICOLAS VALCARCEL,RURAL,CARRETERA,SIN CLASIFICAR,SIN CLASIFICAR,NO,-16.0258464745519,-73.1731912853229,DESPEJADO,RURAL,OTRO,INCLINADA,TROCHA,,,,,NO IDENTIFICA LA CAUSA,
A-2022-03-154,06/03/2022,16:15,CHOQUE,1,0,2,CUSCO,QUISPICANCHI,MARCAPATA,RURAL,CARRETERA,NACIONAL,PE-30C,NO,-13.5903826825217,-70.9549669368628,DESPEJADO,RURAL,CURVA,PLANA ,ASFALTADA,,,,,IMPERICIA DEL CONDUCTOR,
A-2022-03-39,06/03/2022,16:30,ATROPELLO FUGA,1,0,,CAJAMARCA,CAJABAMBA,CONDEBAMBA,URBANA,CARRETERA,NACIONAL,PE-3N,,-7.46713058,-78.11290494,,,,,,,,,,,
A-2022-03-73,06/03/2022,19:45,ATROPELLO,1,0,1,LA LIBERTAD,TRUJILLO,EL PORVENIR,URBANA,CALLE,URBANO,NO CORRESPONDE,NO,-8.074656,-79.008549,DESPEJADO,RESIDENCIAL,INTERSECCIÓN,PLANA ,ASFALTADA,,,,,IMPRUDENCIA DEL CONDUCTOR,CONDUCIR EN ESTADO DE EBRIEDAD Y/O DROGADICCIÓN
A-2022-03-238,06/03/2022,21:50,VOLCADURA,1,0,,APURIMAC,GRAU,MICAELA BASTIDAS,RURAL,CARRETERA,NACIONAL,PE-3SF,,-14.0748433897162,-72.6221200389278,,,,,,,,,,,
A-2023-03-10,06/03/2023,05:10,ATROPELLO FUGA,1,0,,LA LIBERTAD,PACASMAYO,SAN JOSE,RURAL,CARRETERA,VECINAL,LI-571,NO,-7.34948973451345,-79.4571160111886,DESPEJADO,RURAL,TRAMO RECTO,PLANA ,ASFALTADA,,,,,NO IDENTIFICA LA CAUSA,
A-2023-03-17,06/03/2023,10:50,DESPISTE,1,6,1,TACNA,TACNA,SAMA,RURAL,CARRETERA,NACIONAL,PE-1SD,SI,-18.141939,-70.691846,DESPEJADO,RURAL,TRAMO RECTO,PLANA ,ASFALTADA,,,,,IMPERICIA DEL CONDUCTOR,
A-2023-03-11,06/03/2023,14:30,DESPISTE,1,1,1,LA LIBERTAD,PATAZ,PARCOY,RURAL,CARRETERA,NACIONAL,PE-10C,NO,-7.909212,-77.57818,DESPEJADO,RURAL,CURVA,INCLINADA,TROCHA,,,,,NO IDENTIFICA LA CAUSA,
A-2021-04-27,06/04/2021,01:30,DESPISTE,1,1,1,CAJAMARCA,SAN PABLO,SAN BERNARDINO,RURAL,CARRETERA,NACIONAL,PE-08A,NO,-7.165161,-78.83830201,LLUVIOSO,RURAL,CURVA,INCLINADA,ASFALTADA,SI,PREVENTIVA (P),,SI,IMPRUDENCIA DEL CONDUCTOR,FATIGA Y/O CANSANCIO
A-2021-04-315,06/04/2021,05:00,CHOQUE,1,1,1,HUANUCO,HUANUCO,CHINCHAO,RURAL,CARRETERA,NACIONAL,PE-18A,NO,-9.529889,-75.965192,LLUVIOSO,RURAL,SINUOSA,INCLINADA,ASFALTADA,,,,,IMPRUDENCIA DEL CONDUCTOR,ADELANTAR INDEBIDAMENTE
A-2021-04-220,06/04/2021,10:20,CHOQUE,1,4,0,LIMA,LIMA,EL AGUSTINO,URBANA,AVENIDA,URBANO,NO CORRESPONDE,NO,-12.054878,-77.004339,DESPEJADO,INDUSTRIAL,TRAMO RECTO,PLANA ,ASFALTADA,,,,,NO IDENTIFICA LA CAUSA,
A-2021-04-90,06/04/2021,12:15,ATROPELLO,1,0,1,PUNO,SAN ROMAN,CABANA,RURAL,CARRETERA,DEPARTAMENTAL,PU-121,NO,-15.6374759248015,-70.3295756686597,DESPEJADO,RURAL,CURVA,PLANA ,ASFALTADA,,,,,NEGLIGENCIA DEL CONDUCTOR,OTRO (NEGLIGENCIA DEL CONDUCTOR)
A-2021-04-32,06/04/2021,12:30,DESPISTE,1,1,1,CAJAMARCA,CUTERVO,CHOROS,RURAL,CARRETERA,NACIONAL,PE-3ND,NO,-6.02857,-78.791621,DESPEJADO,RURAL,CURVA,INCLINADA,ASFALTADA,,,,,NO IDENTIFICA LA CAUSA,
A-2021-04-45,06/04/2021,15:20,DESPISTE,1,1,1,CUSCO,ANTA,ANTA,RURAL,CARRETERA,NACIONAL,PE-3S,NO,-13.474206,-72.15724,DESPEJADO,RURAL,TRAMO RECTO,INCLINADA,ASFALTADA,SI,REGULADORA (R),,NO,IMPRUDENCIA DEL CONDUCTOR,EXCESO DE VELOCIDAD
A-2023-04-14,06/04/2023,09:10,CHOQUE,1,0,2,ICA,ICA,ICA,URBANA,AVENIDA,URBANO,NO CORRESPONDE,NO,-14.0712808,-75.7354201,SOLEADO,COMERCIAL,INTERSECCIÓN,PLANA ,ASFALTADA,,,,,NO IDENTIFICA LA CAUSA,
A-2023-04-167,06/04/2023,10:30,DESPISTE,4,42,2,AYACUCHO,LUCANAS,CARMEN SALCEDO,RURAL,CARRETERA,SIN CLASIFICAR,SIN CLASIFICAR,NO,-14.4130935,-73.9490277,DESPEJADO,RURAL,CURVA,INCLINADA,ASFALTADA,SI,PREVENTIVA (P),,NO,IMPRUDENCIA DEL CONDUCTOR,INVASIÓN DE CARRIL
A-2023-04-84,06/04/2023,11:00,CHOQUE,1,0,2,LA LIBERTAD,VIRU,VIRU,RURAL,CARRETERA,NACIONAL,PE-1N,NO,-8.398212,-78.842789,DESPEJADO,COMERCIAL,TRAMO RECTO,PLANA ,ASFALTADA,,,,,NO IDENTIFICA LA CAUSA,
A-2023-04-81,06/04/2023,17:15,CHOQUE,3,2,2,PUNO,SAN ROMAN,CABANILLAS,RURAL,CARRETERA,NACIONAL,PE-34A,NO,-15.6629307402531,-70.364744063025,DESPEJADO,RURAL,TRAMO RECTO,INCLINADA,ASFALTADA,,,,,IMPRUDENCIA DEL CONDUCTOR,CONDUCIR EN SENTIDO CONTRARIO
A-2023-04-144,06/04/2023,18:00,ATROPELLO FUGA,1,0,,LIMA,LIMA,SAN MARTIN DE PORRES,URBANA,AVENIDA,URBANO,NO CORRESPONDE,SI,-11.98188834,-77.09332269,DESPEJADO,RESIDENCIAL,TRAMO RECTO,PLANA ,ASFALTADA,,,,,NO IDENTIFICA LA CAUSA,
A-2021-05-129,06/05/2021,13:45,ATROPELLO,1,0,0,LIMA,LIMA,CHACLACAYO,URBANA,CARRETERA,NACIONAL,PE-22,NO,-11.9919966,-76.8256921,DESPEJADO,INDUSTRIAL,TRAMO RECTO,PLANA ,CONCRETO,,,,,NO IDENTIFICA LA CAUSA,
A-2022-05-20,06/05/2022,02:50,DESPISTE,1,0,1,PUNO,CHUCUITO,POMATA,RURAL,CARRETERA,NACIONAL,PE-3S,NO,-16.2563410715703,-69.2976701006716,DESPEJADO,RURAL,CURVA,PLANA ,ASFALTADA,SI,REGULADORA (R),,SI,IMPRUDENCIA DEL CONDUCTOR,EXCESO DE VELOCIDAD
A-2022-05-27,06/05/2022,04:30,CHOQUE,1,0,2,ICA,PISCO,SAN CLEMENTE,URBANA,CARRETERA,NACIONAL,PE-1S,NO,-13.634972,-76.152674,NIEBLA,RESIDENCIAL,TRAMO RECTO,PLANA ,ASFALTADA,,,,,NO IDENTIFICA LA CAUSA,
A-2022-05-110,06/05/2022,12:30,CHOQUE,2,0,2,LAMBAYEQUE,LAMBAYEQUE,MORROPE,RURAL,CARRETERA,NACIONAL,PE-1N,NO,-6.63277,-79.953358,DESPEJADO,RURAL,TRAMO RECTO,PLANA ,ASFALTADA,,,,,NO IDENTIFICA LA CAUSA,
A-2022-05-206,06/05/2022,13:00,ATROPELLO,1,0,0,LIMA,LIMA,SAN JUAN DE LURIGANCHO,URBANA,AVENIDA,URBANO,NO CORRESPONDE,NO,-11.932928,-76.9689526,SOLEADO,INDUSTRIAL,TRAMO RECTO,PLANA ,ASFALTADA,,,,,NO IDENTIFICA LA CAUSA,
A-2022-05-200,06/05/2022,15:05,ATROPELLO FUGA,1,0,,ANCASH,SANTA,NUEVO CHIMBOTE,URBANA,CARRETERA,NACIONAL,PE-1N,NO,-9.11642537082715,-78.5442776368763,DESPEJADO,ESCOLAR,INTERSECCIÓN,PLANA ,ASFALTADA,,,,,NO IDENTIFICA LA CAUSA,
A-2022-05-255,06/05/2022,16:25,DESPISTE,1,1,,MADRE DE DIOS,TAMBOPATA,TAMBOPATA,RURAL,CARRETERA,NACIONAL,PE-30C,,-12.636819,-69.259647,,,,,,,,,,,
A-2022-05-65,06/05/2022,16:33,DESPISTE,4,5,1,HUANCAVELICA,CASTROVIRREYNA,COCAS,RURAL,CARRETERA,NACIONAL,PE-26A,NO,-13.252398,-75.359586,DESPEJADO,RURAL,CURVA,PLANA ,AFIRMADO,,,,,NO IDENTIFICA LA CAUSA,
A-2022-05-66,06/05/2022,18:41,ATROPELLO FUGA,1,0,,CUSCO,ANTA,ANCAHUASI,URBANA,CARRETERA,NACIONAL,PE-3S,NO,-13.459032,-72.294688,DESPEJADO,RURAL,TRAMO RECTO,PLANA ,ASFALTADA,SI,PREVENTIVA (P),INFORMATIVA (I),SI,NO IDENTIFICA LA CAUSA,
A-2022-05-207,06/05/2022,20:16,ATROPELLO,1,0,0,LIMA,LIMA,SAN MARTIN DE PORRES,URBANA,AVENIDA,URBANO,NO CORRESPONDE,NO,-12.0317643,-77.06835133,DESPEJADO,COMERCIAL,TRAMO RECTO,PLANA ,ASFALTADA,,,,,NO IDENTIFICA LA CAUSA,
A-2022-05-124,06/05/2022,21:00,DESPISTE,1,3,1,CAJAMARCA,SAN MIGUEL,CALQUIS,RURAL,CARRETERA,VECINAL,CA-1217,NO,-6.93921004,-78.99109304,DESPEJADO,RURAL,CURVA,PLANA ,AFIRMADO,,,,,NO IDENTIFICA LA CAUSA,
A-2022-05-136,06/05/2022,22:00,DESPISTE,1,0,1,CUSCO,CHUMBIVILCAS,CHAMACA,RURAL,CARRETERA,VECINAL,CU-1562,NO,-14.229455,-71.894501,DESPEJADO,RURAL,TRAMO RECTO,PLANA ,TROCHA,SI,PREVENTIVA (P),,NO,IMPRUDENCIA DEL CONDUCTOR,CONDUCIR EN ESTADO DE EBRIEDAD Y/O DROGADICCIÓN
A-2022-05-256,06/05/2022,23:25,CHOQUE,1,0,,MADRE DE DIOS,TAMBOPATA,TAMBOPATA,,CARRETERA,VECINAL,MD-566,,-12.60033,-69.204274,,,,,,,,,,,
A-2023-05-147,06/05/2023,06:40,ATROPELLO FUGA,1,0,,UCAYALI,CORONEL PORTILLO,YARINACOCHA,RURAL,CARRETERA,NACIONAL,PE-18C,NO,-8.409032,-74.647506,DESPEJADO,RURAL,TRAMO RECTO,PLANA ,ASFALTADA,SI,PREVENTIVA (P),,NO,NO IDENTIFICA LA CAUSA,
A-2023-05-40,06/05/2023,08:00,CHOQUE,1,3,2,CUSCO,PAUCARTAMBO,PAUCARTAMBO,RURAL,CARRETERA,DEPARTAMENTAL,CU-116,NO,-13.326244,-71.584321,DESPEJADO,RURAL,CURVA,INCLINADA,AFIRMADO,,,,,IMPRUDENCIA DEL CONDUCTOR,EXCESO DE VELOCIDAD
A-2023-05-81,06/05/2023,08:00,DESPISTE,1,1,1,HUANCAVELICA,ANGARAES,SECCLLA,RURAL,CARRETERA,DEPARTAMENTAL,HV-108,NO,-13.047236,-74.487901,SOLEADO,RURAL,CURVA,INCLINADA,TROCHA,,,,,EN PROCESO DE INVESTIGACIÓN,NO CUENTA CON CAUSA ESPECIFICA
A-2023-05-139,06/05/2023,09:23,ATROPELLO,1,0,,LIMA,LIMA,SAN JUAN DE LURIGANCHO,URBANA,AVENIDA,URBANO,NO CORRESPONDE,NO,-11.96782396,-77.00390032,DESPEJADO,COMERCIAL,TRAMO RECTO,PLANA ,ASFALTADA,,,,,NO IDENTIFICA LA CAUSA,
A-2023-05-59,06/05/2023,14:00,DESPISTE,1,4,1,LA LIBERTAD,BOLIVAR,BAMBAMARCA,RURAL,CARRETERA,NACIONAL,PE-10B,NO,-7.44153909563563,-77.6983655786019,DESPEJADO,RURAL,TRAMO RECTO,PLANA ,TROCHA,,,,,NO IDENTIFICA LA CAUSA,
A-2023-05-155,06/05/2023,15:40,CHOQUE,1,0,,LIMA,LIMA,SANTIAGO DE SURCO,RURAL,CARRETERA,NACIONAL,PE-1S,NO,-12.143686,-76.981723,DESPEJADO,INDUSTRIAL,TRAMO RECTO,PLANA ,ASFALTADA,,,,,IMPRUDENCIA DEL CONDUCTOR,OTRO (IMPRUDENCIA DEL CONDUCTOR)
A-2023-05-158,06/05/2023,16:30,CHOQUE,1,0,2,CAJAMARCA,CHOTA,QUEROCOTO,RURAL,CARRETERA,VECINAL,CA-827,NO,-6.339401,-79.027925,DESPEJADO,INDUSTRIAL,CURVA,PLANA ,AFIRMADO,,,,,IMPRUDENCIA DEL CONDUCTOR,EXCESO DE VELOCIDAD
A-2023-05-138,06/05/2023,22:40,ATROPELLO,1,0,,LIMA,LIMA,INDEPENDENCIA,URBANA,AVENIDA,URBANO,NO CORRESPONDE,NO,-12.0021670652492,-77.0549994182635,DESPEJADO,COMERCIAL,TRAMO RECTO,INCLINADA,ASFALTADA,,,,,NO IDENTIFICA LA CAUSA,
A-2023-05-18,06/05/2023,22:50,ATROPELLO,1,0,1,ANCASH,SANTA,NUEVO CHIMBOTE,RURAL,CARRETERA,NACIONAL,PE-1N,NO,-9.161346,-78.495372,DESPEJADO,RURAL,TRAMO RECTO,PLANA ,ASFALTADA,SI,INFORMATIVA (I),,SI,NO IDENTIFICA LA CAUSA,
A-2021-06-31,06/06/2021,02:05,DESPISTE,1,1,,CALLAO,CALLAO,MI PERU,URBANA,AVENIDA,URBANO,NO CORRESPONDE,NO,-11.8518951780445,-77.1280128645012,DESPEJADO,COMERCIAL,TRAMO RECTO,PLANA ,ASFALTADA,NO,,,NO,IMPRUDENCIA DEL CONDUCTOR,OTRO (IMPRUDENCIA DEL CONDUCTOR)
A-2021-06-38,06/06/2021,09:00,DESPISTE,1,3,1,ANCASH,CARLOS FERMIN FITZCARRALD,SAN NICOLAS,RURAL,CARRETERA,SIN CLASIFICAR,SIN CLASIFICAR,NO,-8.99367184327852,-77.1847198883563,SOLEADO,RURAL,CURVA,INCLINADA,AFIRMADO,SI,PREVENTIVA (P),PREVENTIVA (P),NO,IMPRUDENCIA DEL CONDUCTOR,EXCESO DE VELOCIDAD
A-2021-06-322,06/06/2021,10:40,CHOQUE,1,0,2,LAMBAYEQUE,CHICLAYO,CAYALTI,RURAL,CARRETERA,NACIONAL,PE-1NI,NO,-6.9093866,-79.5208461,DESPEJADO,RURAL,TRAMO RECTO,PLANA ,ASFALTADA,SI,PREVENTIVA (P),REGULADORA (R),NO,NO IDENTIFICA LA CAUSA,
A-2021-06-333,06/06/2021,17:00,DESPISTE,1,0,1,LIMA,BARRANCA,BARRANCA,RURAL,CARRETERA,VECINAL,LM-521,NO,-10.7299825751127,-77.7399122341399,NUBLADO,RURAL,TRAMO RECTO,PLANA ,TROCHA,,,,,IMPRUDENCIA DEL CONDUCTOR,CONDUCIR EN ESTADO DE EBRIEDAD Y/O DROGADICCIÓN
A-2021-06-17,06/06/2021,18:00,CHOQUE,2,2,,MADRE DE DIOS,TAMBOPATA,LAS PIEDRAS,RURAL,CARRETERA,NACIONAL,PE-30C,,-12.5533592108556,-69.1467529173193,,,,,,,,,,,
A-2021-06-78,06/06/2021,22:10,CHOQUE,1,0,2,LA LIBERTAD,TRUJILLO,HUANCHACO,RURAL,CARRETERA,NACIONAL,PE-1N,NO,-8.048334,-79.086153,DESPEJADO,INDUSTRIAL,TRAMO RECTO,PLANA ,ASFALTADA,,,,,IMPRUDENCIA DEL CONDUCTOR,CONDUCIR EN SENTIDO CONTRARIO
A-2021-06-39,06/06/2021,22:40,ATROPELLO,1,0,1,ANCASH,CARHUAZ,MARCARA,RURAL,CARRETERA,VECINAL,AN-770,NO,-9.32239887551189,-77.5929206215886,DESPEJADO,RURAL,TRAMO RECTO,INCLINADA,ASFALTADA,SI,PREVENTIVA (P),,NO,,
A-2021-06-170,06/06/2021,23:00,DESPISTE,1,0,1,PUNO,SAN ROMAN,CARACOTO,RURAL,CARRETERA,VECINAL,PU-949,NO,-15.5626244214768,-70.0959276563442,DESPEJADO,RURAL,PUENTE,PLANA ,TROCHA,,,,,IMPRUDENCIA DEL CONDUCTOR,EXCESO DE VELOCIDAD
A-2021-06-113,06/06/2021,23:10,VOLCADURA,1,0,0,LIMA,LIMA,SANTIAGO DE SURCO,URBANA,AVENIDA,URBANO,NO CORRESPONDE,NO,-12.128586,-76.997693,DESPEJADO,INDUSTRIAL,TRAMO RECTO,PLANA ,CONCRETO,,,,,NO IDENTIFICA LA CAUSA,
A-2021-06-178,06/06/2021,23:30,CAÍDA DE PASAJERO,1,0,1,SAN MARTIN,MOYOBAMBA,MOYOBAMBA,URBANA,JIRÓN,URBANO,NO CORRESPONDE,NO,-6.030875,-76.980777,DESPEJADO,COMERCIAL,OTRO,PLANA ,CONCRETO,,,,,IMPRUDENCIA DEL CONDUCTOR,EXCESO DE PASAJEROS O CARGA
A-2022-06-238,06/06/2022,06:30,CHOQUE,2,1,1,PIURA,PIURA,VEINTISEIS DE OCTUBRE,RURAL,CARRETERA,NACIONAL,PE-1N,NO,-5.126459,-80.700992,DESPEJADO,RURAL,TRAMO RECTO,PLANA ,ASFALTADA,,,,,IMPRUDENCIA DEL CONDUCTOR,EXCESO DE VELOCIDAD
A-2022-06-37,06/06/2022,06:45,CHOQUE,1,1,2,TUMBES,CONTRALMIRANTE VILLAR,CANOAS DE PUNTA SAL,RURAL,CARRETERA,NACIONAL,PE-1N,NO,-4.10070256188746,-81.0284989758894,DESPEJADO,RURAL,CURVA,INCLINADA,ASFALTADA,SI,PREVENTIVA (P),REGULADORA (R),NO,IMPRUDENCIA DEL CONDUCTOR,CONDUCIR EN SENTIDO CONTRARIO
A-2022-06-264,06/06/2022,09:15,ATROPELLO,1,0,,LIMA,LIMA,SANTIAGO DE SURCO,URBANA,AVENIDA,URBANO,NO CORRESPONDE,,-12.131478,-76.999405,,,,,,,,,,,
A-2022-06-214,06/06/2022,09:45,ATROPELLO,1,0,,LIMA,LIMA,SAN JUAN DE LURIGANCHO,RURAL,CARRETERA,VECINAL,LM-711,NO,-11.8836236995277,-76.9550337774834,DESPEJADO,RURAL,TRAMO RECTO,PLANA ,ASFALTADA,,,,,NO IDENTIFICA LA CAUSA,
A-2022-06-176,06/06/2022,09:51,VOLCADURA,2,0,,APURIMAC,GRAU,MICAELA BASTIDAS,RURAL,CARRETERA,NACIONAL,PE-3SF,,-14.0820984014591,-72.6176834843101,,,,,,,,,,,
A-2023-06-56,06/06/2023,00:50,VOLCADURA,1,0,1,CUSCO,ESPINAR,ESPINAR,URBANA,CARRETERA,NACIONAL,PE-3SG,NO,-14.789314,-71.421632,DESPEJADO,RESIDENCIAL,CURVA,PLANA ,ASFALTADA,,,,,IMPRUDENCIA DEL CONDUCTOR,EXCESO DE VELOCIDAD
A-2023-06-178,06/06/2023,07:50,CHOQUE,1,1,2,CAJAMARCA,HUALGAYOC,HUALGAYOC,RURAL,CARRETERA,NACIONAL,PE-3N,NO,-6.742944,-78.584581,DESPEJADO,RURAL,CURVA,PLANA ,ASFALTADA,NO,,,SI,IMPRUDENCIA DEL CONDUCTOR,EXCESO DE VELOCIDAD
A-2023-06-121,06/06/2023,09:40,CAÍDA DE PASAJERO,1,0,,LIMA,LIMA,SAN JUAN DE LURIGANCHO,URBANA,AVENIDA,URBANO,NO CORRESPONDE,NO,-11.97699222,-77.00305921,DESPEJADO,ESCOLAR,CURVA,PLANA ,ASFALTADA,,,,,IMPRUDENCIA DEL CONDUCTOR,EXCESO DE VELOCIDAD
A-2023-06-55,06/06/2023,12:23,FERROVIARIO,1,0,,CUSCO,QUISPICANCHI,URCOS,RURAL,CARRETERA,SIN CLASIFICAR,SIN CLASIFICAR,NO,-13.662979,-71.639333,DESPEJADO,RURAL,CURVA,PLANA ,TROCHA,SI,PREVENTIVA (P),,NO,IMPRUDENCIA DEL PEATÓN,CRUCE INDEBIDO POR LA CALZADA
A-2023-06-122,06/06/2023,20:50,ATROPELLO,1,1,,LIMA,LIMA,SURQUILLO,URBANA,CALLE,URBANO,NO CORRESPONDE,NO,-12.10971142,-77.01165375,DESPEJADO,ESCOLAR,TRAMO RECTO,PLANA ,ASFALTADA,,,,,IMPRUDENCIA DEL PEATÓN,OTRO (IMPRUDENCIA DEL PEATÓN)
A-2021-07-141,06/07/2021,06:20,DESPISTE,2,0,1,PUNO,SANDIA,SAN JUAN DEL ORO,RURAL,CARRETERA,NACIONAL,PE-34H,NO,-14.2113779701119,-69.1442638354776,DESPEJADO,RURAL,CURVA,INCLINADA,TROCHA,,,,,NEGLIGENCIA DEL CONDUCTOR,OTRO (NEGLIGENCIA DEL CONDUCTOR)
A-2021-07-146,06/07/2021,10:00,DESPISTE,2,2,1,LIMA,HUAURA,SAYAN,RURAL,CARRETERA,NACIONAL,PE-18,NO,-11.1911003601288,-77.3033400887377,DESPEJADO,RURAL,TRAMO RECTO,PLANA ,ASFALTADA,,,,,IMPRUDENCIA DEL CONDUCTOR,EXCESO DE VELOCIDAD
A-2021-07-58,06/07/2021,12:45,ATROPELLO,1,0,1,LA LIBERTAD,TRUJILLO,TRUJILLO,URBANA,AVENIDA,URBANO,NO CORRESPONDE,NO,-8.11165,-79.01348,DESPEJADO,COMERCIAL,TRAMO RECTO,PLANA ,ASFALTADA,,,,,NO IDENTIFICA LA CAUSA,
A-2021-07-160,06/07/2021,19:58,CHOQUE,1,0,2,CUSCO,CUSCO,SAN JERONIMO,URBANA,VIA EXPRESA,URBANO,NO CORRESPONDE,NO,-13.543829,-71.900762,DESPEJADO,RESIDENCIAL,TRAMO RECTO,PLANA ,ASFALTADA,SI,REGULADORA (R),REGULADORA (R),SI,IMPRUDENCIA DEL CONDUCTOR,INVASIÓN DE CARRIL
A-2021-07-231,06/07/2021,20:00,ATROPELLO FUGA,2,0,,LIMA,LIMA,SAN JUAN DE LURIGANCHO,URBANA,AVENIDA,URBANO,NO CORRESPONDE,NO,-11.990197,-77.015389,NUBLADO,COMERCIAL,INTERSECCIÓN,PLANA ,ASFALTADA,,,,,IMPRUDENCIA DEL CONDUCTOR,EXCESO DE VELOCIDAD
A-2022-07-14,06/07/2022,03:30,CHOQUE,1,2,2,CAJAMARCA,SAN PABLO,SAN BERNARDINO,RURAL,CARRETERA,NACIONAL,PE-08,NO,-7.218075,-78.74925667,DESPEJADO,RURAL,TRAMO RECTO,PLANA ,ASFALTADA,,,,,NO IDENTIFICA LA CAUSA,
A-2022-07-63,06/07/2022,04:20,ATROPELLO FUGA,1,0,1,LA LIBERTAD,TRUJILLO,LAREDO,RURAL,CARRETERA,NACIONAL,PE-10A,NO,-8.097352,-78.974404,DESPEJADO,RURAL,TRAMO RECTO,PLANA ,ASFALTADA,,,,,NO IDENTIFICA LA CAUSA,
A-2022-07-266,06/07/2022,05:50,ATROPELLO,1,0,2,ICA,CHINCHA,ALTO LARAN,RURAL,CARRETERA,VECINAL,IC-514,NO,-13.452454,-76.126608,DESPEJADO,RURAL,OTRO,INCLINADA,TROCHA,,,,,IMPRUDENCIA DEL PEATÓN,OTRO (IMPRUDENCIA DEL PEATÓN)
A-2022-07-150,06/07/2022,06:45,ATROPELLO,1,0,,PIURA,PIURA,VEINTISEIS DE OCTUBRE,URBANA,CARRETERA,NACIONAL,PE-1N,NO,-5.173715,-80.680308,DESPEJADO,INDUSTRIAL,TRAMO RECTO,PLANA ,ASFALTADA,,,,,NO IDENTIFICA LA CAUSA,
A-2022-07-148,06/07/2022,07:05,ATROPELLO,1,0,0,PASCO,PASCO,NINACACA,URBANA,OTRO,URBANO,NO CORRESPONDE,NO,-10.8521614877881,-76.1141612171936,DESPEJADO,RESIDENCIAL,OTRO,PLANA ,AFIRMADO,,,,,IMPRUDENCIA DEL CONDUCTOR,OTRO (IMPRUDENCIA DEL CONDUCTOR)
A-2022-07-258,06/07/2022,15:00,DESPISTE,1,0,1,AYACUCHO,HUANTA,HUAMANGUILLA,RURAL,CARRETERA,NACIONAL,PE-3S,NO,-13.0293882022469,-74.2173077460767,DESPEJADO,RURAL,CURVA,INCLINADA,ASFALTADA,SI,PREVENTIVA (P),,NO,IMPRUDENCIA DEL CONDUCTOR,CONDUCIR EN ESTADO DE EBRIEDAD Y/O DROGADICCIÓN
A-2022-07-76,06/07/2022,17:00,DESPISTE,1,1,1,CUSCO,CANAS,KUNTURKANKI,RURAL,CARRETERA,NACIONAL,PE-34F,NO,-14.641781,-71.2764293,DESPEJADO,RURAL,TRAMO RECTO,PLANA ,ASFALTADA,,,,,IMPRUDENCIA DEL CONDUCTOR,FATIGA Y/O CANSANCIO
A-2022-07-33,06/07/2022,18:10,DESPISTE,2,1,1,ANCASH,HUARAZ,JANGAS,RURAL,CARRETERA,VECINAL,AN-1115,NO,-9.41944758234007,-77.5929969416983,DESPEJADO,RURAL,CURVA,INCLINADA,AFIRMADO,,,,,NO IDENTIFICA LA CAUSA,
A-2023-07-177,06/07/2023,02:00,DESPISTE,1,1,1,TACNA,TACNA,CIUDAD NUEVA,URBANA,CARRETERA,VECINAL,TA-622,NO,-17.9821558695217,-70.2259343277711,DESPEJADO,RESIDENCIAL,TRAMO RECTO,PLANA ,ASFALTADA,,,,,IMPRUDENCIA DEL CONDUCTOR,CONDUCIR EN ESTADO DE EBRIEDAD Y/O DROGADICCIÓN