CODIGO_SINIESTRO,FECHA_SINIESTRO,HORA_SINIESTRO,CLASE_SINIESTRO,CANTIDAD_DE_FALLECIDOS,CANTIDAD_DE_LESIONADOS,CANTIDAD_DE_VEHICULOS_DANADOS,DEPARTAMENTO,PROVINCIA,DISTRITO,ZONA,TIPO_DE_VIA,RED_VIAL,COD_CARRETERA,EXISTE_CICLOVIA,COORDENADAS_LATITUD,COORDENADAS_LONGITUD,CONDICION_CLIMATICA,ZONIFICACION,CARACTERISTICAS_DE_VIA,PERFIL_LONGITUDINAL_VIA,SUPERFICIE_DE_CALZADA,EXISTE_SENAL_VERTICAL,CLASIFICACION_DE_LA_SENAL_VERTICAL_N_1,CLASIFICACION_DE_LA_SENAL_VERTICAL_N_2,EXISTE_SENAL_HORIZONTAL,CAUSA_FACTOR_PRINCIPAL,CAUSA_ESPECIFICA
A-2023-07-130,06/07/2023,05:50,ATROPELLO,1,0,,LIMA,LIMA,CARABAYLLO,URBANA,AVENIDA,URBANO,NO CORRESPONDE,NO,-11.871983,-77.014637,DESPEJADO,COMERCIAL,TRAMO RECTO,INCLINADA,ASFALTADA,,,,,EN PROCESO DE INVESTIGACIÓN,NO CUENTA CON CAUSA ESPECIFICA
A-2023-07-157,06/07/2023,07:35,DESPISTE,1,1,,UCAYALI,CORONEL PORTILLO,YARINACOCHA,RURAL,CARRETERA,DEPARTAMENTAL,UC-103,NO,-8.305196,-74.617327,DESPEJADO,RURAL,TRAMO RECTO,PLANA ,AFIRMADO,,,,,NEGLIGENCIA DEL CONDUCTOR,CONDUCIR CON FALLAS DE FRENOS
A-2023-07-10,06/07/2023,11:30,DESPISTE,1,2,1,LA LIBERTAD,TRUJILLO,SALAVERRY,RURAL,CARRETERA,NACIONAL,PE-1N,NO,-8.194049,-78.972105,DESPEJADO,RURAL,TRAMO RECTO,PLANA ,ASFALTADA,,,,,NO IDENTIFICA LA CAUSA,
A-2023-07-11,06/07/2023,13:50,DESPISTE,1,0,1,LA LIBERTAD,OTUZCO,OTUZCO,RURAL,CARRETERA,NACIONAL,PE-10A,NO,-7.960285,-78.631749,DESPEJADO,RURAL,TRAMO RECTO,PLANA ,AFIRMADO,,,,,NO IDENTIFICA LA CAUSA,
A-2023-07-131,06/07/2023,17:00,ATROPELLO,1,1,,LIMA,LIMA,RIMAC,URBANA,AVENIDA,URBANO,NO CORRESPONDE,SI,-12.01505771,-77.05182867,DESPEJADO,COMERCIAL,INTERSECCIÓN,PLANA ,ASFALTADA,SI,REGULADORA (R),PREVENTIVA (P),NO,EN PROCESO DE INVESTIGACIÓN,NO CUENTA CON CAUSA ESPECIFICA
A-2023-07-24,06/07/2023,18:00,CHOQUE,1,0,,PIURA,PIURA,CASTILLA,URBANA,CARRETERA,NACIONAL,PE-1NJ,NO,-5.17328,-80.5488,DESPEJADO,RURAL,TRAMO RECTO,PLANA ,ASFALTADA,,,,,IMPRUDENCIA DEL CONDUCTOR,EXCESO DE VELOCIDAD
A-2021-08-145,06/08/2021,11:00,CHOQUE,1,2,2,CUSCO,URUBAMBA,URUBAMBA,RURAL,CARRETERA,NACIONAL,PE-28B,NO,-13.277328,-72.209828,DESPEJADO,RURAL,CURVA,INCLINADA,ASFALTADA,,,,,NO IDENTIFICA LA CAUSA,
A-2021-08-283,06/08/2021,13:30,DESPISTE,1,0,,MOQUEGUA,MARISCAL NIETO,MOQUEGUA,RURAL,CARRETERA,NACIONAL,PE-1S,,-17.266918,-71.190611,,,,,,,,,,,
A-2021-08-58,06/08/2021,16:30,VOLCADURA,1,1,1,LA LIBERTAD,VIRU,VIRU,RURAL,CARRETERA,NACIONAL,PE-1N,NO,-8.486936,-78.695287,DESPEJADO,RURAL,TRAMO RECTO,PLANA ,ASFALTADA,,,,,IMPRUDENCIA DEL CONDUCTOR,OTRO (IMPRUDENCIA DEL CONDUCTOR)
A-2021-08-190,06/08/2021,19:15,ATROPELLO,1,0,1,PUNO,AZANGARO,AZANGARO,RURAL,CARRETERA,NACIONAL,PE-34B,NO,-14.8998443507529,-70.1915221182483,DESPEJADO,RURAL,TRAMO RECTO,PLANA ,ASFALTADA,,,,,IMPRUDENCIA DEL CONDUCTOR,EXCESO DE VELOCIDAD
A-2021-08-27,06/08/2021,21:00,ATROPELLO,1,0,1,ANCASH,HUARI,UCO,RURAL,CARRETERA,NACIONAL,PE-14A,NO,-9.21016925108702,-76.9463311968184,DESPEJADO,RURAL,CURVA,PLANA ,AFIRMADO,,,,,NO IDENTIFICA LA CAUSA,
A-2021-08-200,06/08/2021,22:40,ATROPELLO,1,0,1,PUNO,SAN ROMAN,CABANILLAS,RURAL,CARRETERA,NACIONAL,PE-34A,NO,-15.671918992152,-70.3760736542392,DESPEJADO,RURAL,TRAMO RECTO,PLANA ,ASFALTADA,,,,,IMPRUDENCIA DEL PEATÓN,CRUCE INDEBIDO POR LA CALZADA
A-2022-08-210,06/08/2022,02:00,DESPISTE,1,2,,AYACUCHO,PAUCAR DEL SARA SARA,PAUSA,RURAL,CARRETERA,NACIONAL,PE-32C,NO,-15.31144,-73.34788,DESPEJADO,RURAL,CURVA,PLANA ,TROCHA,,,,,IMPRUDENCIA DEL CONDUCTOR,CONDUCIR EN ESTADO DE EBRIEDAD Y/O DROGADICCIÓN
A-2022-08-3,06/08/2022,02:11,CHOQUE,1,1,2,AREQUIPA,AREQUIPA,SAN JUAN DE TARUCANI,RURAL,CARRETERA,NACIONAL,PE-34A,NO,-16.005391,-71.270422,DESPEJADO,RURAL,TRAMO RECTO,PLANA ,ASFALTADA,NO,,,SI,NO IDENTIFICA LA CAUSA,
A-2022-08-209,06/08/2022,07:20,DESPISTE,1,1,1,LIMA,HUAURA,HUAURA,URBANA,CARRETERA,DEPARTAMENTAL,LM-101,NO,-11.06668,-77.59831,DESPEJADO,RESIDENCIAL,TRAMO RECTO,PLANA ,ASFALTADA,,,,,IMPRUDENCIA DEL CONDUCTOR,CONDUCIR EN ESTADO DE EBRIEDAD Y/O DROGADICCIÓN
A-2022-08-193,06/08/2022,09:00,ESPECIAL,1,0,1,CAJAMARCA,CAJAMARCA,CAJAMARCA,URBANA,AVENIDA,URBANO,NO CORRESPONDE,NO,-7.16635332,-78.51165926,DESPEJADO,RESIDENCIAL,TRAMO RECTO,PLANA ,CONCRETO,,,,,NO IDENTIFICA LA CAUSA,
A-2022-08-242,06/08/2022,09:00,DESPISTE,1,1,,MADRE DE DIOS,TAMBOPATA,LAS PIEDRAS,RURAL,CARRETERA,NACIONAL,PE-30C,NO,-12.554492,-69.147944,DESPEJADO,RURAL,TRAMO RECTO,PLANA ,ASFALTADA,,,,,EN PROCESO DE INVESTIGACIÓN,NO CUENTA CON CAUSA ESPECIFICA
A-2022-08-191,06/08/2022,09:36,DESPISTE,1,0,2,UCAYALI,CORONEL PORTILLO,YARINACOCHA,URBANA,JIRÓN,URBANO,NO CORRESPONDE,NO,-8.357002,-74.577265,LLUVIOSO,COMERCIAL,INTERSECCIÓN,PLANA ,CONCRETO,SI,REGULADORA (R),,NO,IMPRUDENCIA DEL CONDUCTOR,OTRO (IMPRUDENCIA DEL CONDUCTOR)
A-2022-08-4,06/08/2022,14:45,ATROPELLO,1,1,1,ICA,PISCO,PISCO,URBANA,AVENIDA,URBANO,NO CORRESPONDE,NO,-13.7170653199778,-76.2060060882904,DESPEJADO,COMERCIAL,TRAMO RECTO,PLANA ,ASFALTADA,,,,,IMPRUDENCIA DEL CONDUCTOR,CONDUCIR EN ESTADO DE EBRIEDAD Y/O DROGADICCIÓN
A-2022-08-79,06/08/2022,17:10,ATROPELLO FUGA,1,0,,ANCASH,CARHUAZ,ANTA,URBANA,CARRETERA,NACIONAL,PE-3N,NO,-9.33493850937449,-77.5996164513255,DESPEJADO,RURAL,TRAMO RECTO,PLANA ,ASFALTADA,NO,,,SI,NEGLIGENCIA DEL CONDUCTOR,OTRO (NEGLIGENCIA DEL CONDUCTOR)
A-2022-08-7,06/08/2022,19:00,ATROPELLO,1,0,1,ICA,PISCO,PISCO,URBANA,AVENIDA,URBANO,NO CORRESPONDE,NO,-13.713353,-76.209889,DESPEJADO,COMERCIAL,INTERSECCIÓN,PLANA ,ASFALTADA,,,,,IMPRUDENCIA DEL CONDUCTOR,NO DAR PASO PREFERENTE AL PEATÓN
A-2022-08-69,06/08/2022,20:30,ATROPELLO FUGA,1,0,1,LAMBAYEQUE,LAMBAYEQUE,LAMBAYEQUE,RURAL,CARRETERA,NACIONAL,PE-1N,NO,-6.6648402,-79.923696,NUBLADO,RURAL,TRAMO RECTO,PLANA ,ASFALTADA,,,,,NO IDENTIFICA LA CAUSA,
A-2022-08-245,06/08/2022,21:45,CHOQUE,1,0,2,PIURA,PIURA,TAMBO GRANDE,RURAL,CARRETERA,NACIONAL,PE-1NL,NO,-4.89083958011892,-80.3285815599208,DESPEJADO,RURAL,TRAMO RECTO,PLANA ,ASFALTADA,,,,,EN PROCESO DE INVESTIGACIÓN,NO CUENTA CON CAUSA ESPECIFICA
A-2022-08-174,06/08/2022,23:40,VOLCADURA,1,0,,PIURA,PIURA,PIURA,URBANA,AVENIDA,URBANO,NO CORRESPONDE,NO,-5.172145,-80.645,DESPEJADO,RURAL,TRAMO RECTO,PLANA ,ASFALTADA,SI,INFORMATIVA (I),,SI,IMPRUDENCIA DEL CONDUCTOR,EXCESO DE VELOCIDAD
A-2023-08-71,06/08/2023,09:30,ATROPELLO,1,0,1,PUNO,HUANCANE,HUANCANE,RURAL,CARRETERA,NACIONAL,PE-34H,NO,-15.088072,-69.817338,DESPEJADO,RURAL,TRAMO RECTO,PLANA ,ASFALTADA,,,,,IMPRUDENCIA DEL PEATÓN,CRUCE INDEBIDO POR LA CALZADA
A-2023-08-73,06/08/2023,17:30,ATROPELLO,1,0,,PUNO,SAN ROMAN,CARACOTO,RURAL,CARRETERA,NACIONAL,PE-3S,NO,-15.6312643,-70.0863127,DESPEJADO,RURAL,TRAMO RECTO,PLANA ,ASFALTADA,,,,,IMPRUDENCIA DEL PEATÓN,CRUCE INDEBIDO POR LA CALZADA
A-2023-08-72,06/08/2023,18:00,ATROPELLO,1,0,,PUNO,SAN ROMAN,CARACOTO,RURAL,CARRETERA,NACIONAL,PE-3S,NO,-15.5478845114128,-70.1094855942382,DESPEJADO,RURAL,TRAMO RECTO,PLANA ,ASFALTADA,,,,,IMPRUDENCIA DEL PEATÓN,CRUCE INDEBIDO POR LA CALZADA
A-2023-08-89,06/08/2023,20:20,ATROPELLO,1,0,,LIMA,LIMA,ATE,URBANA,AVENIDA,URBANO,NO CORRESPONDE,NO,-12.05378017,-76.96227819,DESPEJADO,COMERCIAL,INTERSECCIÓN,PLANA ,ASFALTADA,,,,,EN PROCESO DE INVESTIGACIÓN,NO CUENTA CON CAUSA ESPECIFICA
A-2023-08-145,06/08/2023,20:50,ATROPELLO,1,0,,JUNIN,JAUJA,MUQUI,URBANA,CARRETERA,NACIONAL,PE-3SB,NO,-11.8361488155114,-75.4363453042362,DESPEJADO,RURAL,TRAMO RECTO,PLANA ,ASFALTADA,NO,,,SI,IMPRUDENCIA DEL PEATÓN,ESTADO DE EBRIEDAD Y/O DROGADICCIÓN
A-2023-08-12,06/08/2023,23:10,ATROPELLO,1,0,1,PUNO,PUNO,CHUCUITO,RURAL,CARRETERA,NACIONAL,PE-3S,NO,-15.891885,-69.887601,DESPEJADO,RURAL,TRAMO RECTO,PLANA ,ASFALTADA,,,,,IMPRUDENCIA DEL PEATÓN,CRUCE INDEBIDO POR LA CALZADA
A-2021-09-23,06/09/2021,05:00,DESPISTE,2,6,1,TACNA,TACNA,CORONEL GREGORIO ALBARRACIN LANCHIPA,RURAL,OTRO,URBANO,NO CORRESPONDE,NO,-18.111418,-70.264048,LLUVIOSO,RURAL,CURVA,INCLINADA,TROCHA,SI,PREVENTIVA (P),PREVENTIVA (P),NO,IMPRUDENCIA DEL CONDUCTOR,EXCESO DE VELOCIDAD
A-2021-09-16,06/09/2021,10:46,CHOQUE,1,5,2,PUNO,PUNO,PUNO,URBANA,CARRETERA,NACIONAL,PE-3S,NO,-15.8231196003863,-70.0312059950598,DESPEJADO,COMERCIAL,CURVA,INCLINADA,ASFALTADA,NO,,,SI,IMPRUDENCIA DEL CONDUCTOR,CONDUCIR EN ESTADO DE EBRIEDAD Y/O DROGADICCIÓN
A-2021-09-271,06/09/2021,12:30,CHOQUE,1,1,2,SAN MARTIN,SAN MARTIN,MORALES,RURAL,CARRETERA,NACIONAL,PE-5N,NO,-6.48848,-76.39972,DESPEJADO,RURAL,TRAMO RECTO,PLANA ,ASFALTADA,NO,,,SI,IMPRUDENCIA DEL CONDUCTOR,CONDUCIR EN SENTIDO CONTRARIO
A-2021-09-57,06/09/2021,18:30,ATROPELLO,1,0,1,CUSCO,CANCHIS,SICUANI,URBANA,CARRETERA,NACIONAL,PE-3S,NO,-14.2199641390098,-71.2897240922569,NUBLADO,RESIDENCIAL,TRAMO RECTO,PLANA ,ASFALTADA,,,,,NEGLIGENCIA DEL CONDUCTOR,OTRO (NEGLIGENCIA DEL CONDUCTOR)
A-2021-09-18,06/09/2021,20:30,VOLCADURA,1,1,1,PUNO,PUNO,ACORA,RURAL,CARRETERA,VECINAL,PU-1139,NO,-15.973820414682,-69.7773563402258,DESPEJADO,RURAL,TRAMO RECTO,PLANA ,TROCHA,,,,,IMPRUDENCIA DEL CONDUCTOR,OTRO (IMPRUDENCIA DEL CONDUCTOR)
A-2021-09-244,06/09/2021,22:40,ATROPELLO,1,0,1,CUSCO,CUSCO,SAN SEBASTIAN,URBANA,AVENIDA,URBANO,NO CORRESPONDE,NO,-13.5329682551675,-71.9123090290606,DESPEJADO,COMERCIAL,TRAMO RECTO,PLANA ,ASFALTADA,,,,,IMPRUDENCIA DEL PEATÓN,CRUCE INDEBIDO POR LA CALZADA
A-2022-09-234,06/09/2022,04:00,ATROPELLO FUGA,1,0,,CUSCO,ANTA,ANCAHUASI,RURAL,CARRETERA,NACIONAL,PE-3S,NO,-13.461588,-72.289324,DESPEJADO,RURAL,TRAMO RECTO,PLANA ,ASFALTADA,NO,,,SI,NO IDENTIFICA LA CAUSA,
A-2022-09-37,06/09/2022,05:15,CHOQUE,1,5,2,LA LIBERTAD,SANCHEZ CARRION,HUAMACHUCO,RURAL,CARRETERA,NACIONAL,PE-3N,NO,-7.797149,-77.979515,DESPEJADO,RURAL,TRAMO RECTO,PLANA ,ASFALTADA,,,,,IMPRUDENCIA DEL CONDUCTOR,GIRAR IMPRUDENTEMENTE
A-2022-09-245,06/09/2022,07:29,CHOQUE,1,0,2,PIURA,PAITA,COLAN,RURAL,CARRETERA,DEPARTAMENTAL,PI-101,NO,-4.8803047272721,-81.024888773864,DESPEJADO,RURAL,CURVA,PLANA ,ASFALTADA,,,,,EN PROCESO DE INVESTIGACIÓN,NO CUENTA CON CAUSA ESPECIFICA
A-2022-09-38,06/09/2022,11:00,CHOQUE,1,0,2,AREQUIPA,AREQUIPA,UCHUMAYO,RURAL,CARRETERA,NACIONAL,PE-34A,NO,-16.4480264906928,-71.6963396678696,DESPEJADO,RURAL,TRAMO RECTO,PLANA ,ASFALTADA,NO,,,SI,NO IDENTIFICA LA CAUSA,
A-2022-09-30,06/09/2022,17:00,CHOQUE,1,0,2,ICA,ICA,SALAS,URBANA,CARRETERA,NACIONAL,PE-1S,NO,-13.9324765018036,-75.9013790855164,DESPEJADO,RURAL,TRAMO RECTO,PLANA ,ASFALTADA,SI,INFORMATIVA (I),,NO,NO IDENTIFICA LA CAUSA,
A-2022-09-11,06/09/2022,18:30,ATROPELLO,1,0,,PUNO,CHUCUITO,ZEPITA,RURAL,CARRETERA,NACIONAL,PE-3S,NO,-16.4203443868322,-69.1769761197697,DESPEJADO,RURAL,TRAMO RECTO,PLANA ,ASFALTADA,,,,,IMPRUDENCIA DEL PEATÓN,CRUCE INDEBIDO POR LA CALZADA
A-2022-09-90,06/09/2022,19:25,ATROPELLO,1,0,1,LAMBAYEQUE,CHICLAYO,CHICLAYO,URBANA,CARRETERA,VECINAL,LA-816,NO,-6.774435,-79.827557,DESPEJADO,RURAL,TRAMO RECTO,PLANA ,ASFALTADA,,,,,NO IDENTIFICA LA CAUSA,
A-2023-09-63,06/09/2023,17:10,DESPISTE,1,0,1,LA LIBERTAD,ASCOPE,CHOCOPE,RURAL,CARRETERA,DEPARTAMENTAL,LI-102,NO,-7.795505,-79.219141,DESPEJADO,RURAL,TRAMO RECTO,PLANA ,ASFALTADA,,,,,IMPRUDENCIA DEL CONDUCTOR,CONDUCIR EN ESTADO DE EBRIEDAD Y/O DROGADICCIÓN
A-2021-10-14,06/10/2021,12:30,DESPISTE,1,5,1,AREQUIPA,CAYLLOMA,CHIVAY,RURAL,CARRETERA,DEPARTAMENTAL,AR-109,NO,-15.688877,-71.593917,SOLEADO,RURAL,CURVA,INCLINADA,ASFALTADA,SI,PREVENTIVA (P),PREVENTIVA (P),SI,NO IDENTIFICA LA CAUSA,
A-2021-10-267,06/10/2021,15:00,VOLCADURA,1,0,2,JUNIN,JAUJA,LEONOR ORDOÑEZ,RURAL,CARRETERA,NACIONAL,PE-3SB,NO,-11.847391,-75.4263123,DESPEJADO,RURAL,TRAMO RECTO,PLANA ,ASFALTADA,,,,,IMPRUDENCIA DEL CONDUCTOR,OTRO (IMPRUDENCIA DEL CONDUCTOR)
A-2021-10-13,06/10/2021,16:00,CHOQUE,2,7,2,AREQUIPA,AREQUIPA,VITOR,RURAL,CARRETERA,VECINAL,AR-743,NO,-16.5767007,-71.9325388,SOLEADO,RURAL,TRAMO RECTO,PLANA ,ASFALTADA,NO,,,SI,NO IDENTIFICA LA CAUSA,
A-2021-10-43,06/10/2021,17:30,ATROPELLO,1,0,0,LIMA,LIMA,SANTIAGO DE SURCO,URBANA,CARRETERA,NACIONAL,PE-1S,NO,-12.1313480492754,-76.9783526225065,DESPEJADO,COMERCIAL,TRAMO RECTO,PLANA ,ASFALTADA,,,,,NO IDENTIFICA LA CAUSA,
A-2021-10-241,06/10/2021,21:50,CAÍDA DE PASAJERO,1,0,1,LAMBAYEQUE,CHICLAYO,CHICLAYO,URBANA,OTRO,URBANO,NO CORRESPONDE,NO,-6.77869060697079,-79.8327281718831,DESPEJADO,COMERCIAL,OTRO,INCLINADA,CONCRETO,,,,,NO IDENTIFICA LA CAUSA,
A-2022-10-11,06/10/2022,18:10,CHOQUE,1,1,2,SAN MARTIN,RIOJA,ELIAS SOPLIN VARGAS,URBANA,CARRETERA,NACIONAL,PE-5N,NO,-5.990655,-77.281353,DESPEJADO,ESCOLAR,TRAMO RECTO,PLANA ,ASFALTADA,,,,,IMPRUDENCIA DEL CONDUCTOR,OTRO (IMPRUDENCIA DEL CONDUCTOR)
A-2022-10-12,06/10/2022,18:45,CHOQUE,1,2,2,PUNO,PUNO,PAUCARCOLLA,RURAL,CARRETERA,NACIONAL,PE-3S,NO,-15.773079,-70.041196,DESPEJADO,RURAL,TRAMO RECTO,PLANA ,ASFALTADA,,,,,IMPRUDENCIA DEL CONDUCTOR,OTRO (IMPRUDENCIA DEL CONDUCTOR)
A-2022-10-208,06/10/2022,21:15,CHOQUE,1,0,,UCAYALI,CORONEL PORTILLO,CAMPOVERDE,RURAL,CARRETERA,NACIONAL,PE-18C,NO,-8.458604,-74.784945,DESPEJADO,RURAL,TRAMO RECTO,PLANA ,ASFALTADA,,,,,IMPRUDENCIA DEL CONDUCTOR,CONDUCIR EN ESTADO DE EBRIEDAD Y/O DROGADICCIÓN
A-2023-10-98,06/10/2023,04:20,ATROPELLO,1,0,,LIMA,LIMA,COMAS,URBANA,AVENIDA,URBANO,NO CORRESPONDE,NO,-11.92211197,-77.0421882,DESPEJADO,RESIDENCIAL,TRAMO RECTO,PLANA ,ASFALTADA,,,,,NO IDENTIFICA LA CAUSA,
A-2023-10-67,06/10/2023,12:50,CHOQUE,1,1,,PIURA,PIURA,PIURA,RURAL,CARRETERA,NACIONAL,PE-1N,NO,-5.102839,-80.704,DESPEJADO,RURAL,TRAMO RECTO,PLANA ,ASFALTADA,,,,,,
A-2023-10-4,06/10/2023,21:00,ATROPELLO,1,0,,AREQUIPA,CAYLLOMA,MAJES,URBANA,CARRETERA,DEPARTAMENTAL,AR-108,NO,-16.3638365470514,-72.1605508747011,DESPEJADO,RESIDENCIAL,OTRO,PLANA ,TROCHA,,,,,NO IDENTIFICA LA CAUSA,
A-2021-11-107,06/11/2021,00:30,DESPISTE,2,0,1,CUSCO,ESPINAR,SUYCKUTAMBO,RURAL,CARRETERA,DEPARTAMENTAL,CU-110,NO,-15.0030474362491,-71.6356048837095,DESPEJADO,RURAL,TRAMO RECTO,PLANA ,ASFALTADA,,,,,IMPRUDENCIA DEL CONDUCTOR,EXCESO DE VELOCIDAD
A-2021-11-55,06/11/2021,02:20,DESPISTE,1,4,1,LA LIBERTAD,OTUZCO,OTUZCO,RURAL,CARRETERA,NACIONAL,PE-10A,NO,-7.97288728578501,-78.643506091827,DESPEJADO,RURAL,CURVA,PLANA ,ASFALTADA,,,,,IMPRUDENCIA DEL PASAJERO/OCUPANTE,SUBIR Y BAJAR DEL VEHÍCULO EN MOVIMIENTO
A-2021-11-13,06/11/2021,08:20,CHOQUE,1,0,2,CAJAMARCA,CAJAMARCA,CAJAMARCA,URBANA,CARRETERA,NACIONAL,PE-08,NO,-7.1970432,-78.50881536,SOLEADO,RESIDENCIAL,TRAMO RECTO,INCLINADA,ASFALTADA,NO,,,SI,NO IDENTIFICA LA CAUSA,
A-2021-11-196,06/11/2021,15:10,VOLCADURA,1,1,1,LAMBAYEQUE,CHICLAYO,PIMENTEL,RURAL,CARRETERA,NACIONAL,PE-1N,NO,-6.75421279830305,-79.8654986918037,SOLEADO,INDUSTRIAL,TRAMO RECTO,PLANA ,ASFALTADA,,,,,NO IDENTIFICA LA CAUSA,
A-2021-11-7,06/11/2021,15:30,DESPISTE,1,1,1,ICA,PISCO,HUMAY,RURAL,CARRETERA,NACIONAL,PE-28A,NO,-13.7151848,-75.8502231,DESPEJADO,RURAL,TRAMO RECTO,PLANA ,ASFALTADA,,,,,NO IDENTIFICA LA CAUSA,
A-2021-11-56,06/11/2021,20:45,ATROPELLO,1,1,1,LA LIBERTAD,PACASMAYO,GUADALUPE,RURAL,CARRETERA,NACIONAL,PE-1N,NO,-7.252419,-79.484165,DESPEJADO,RURAL,TRAMO RECTO,PLANA ,ASFALTADA,,,,,IMPRUDENCIA DEL CONDUCTOR,EXCESO DE VELOCIDAD
A-2021-11-28,06/11/2021,22:40,ATROPELLO FUGA,1,0,1,PUNO,SAN ROMAN,SAN MIGUEL,URBANA,CARRETERA,NACIONAL,PE-3S,NO,-15.4534463,-70.140514,DESPEJADO,COMERCIAL,TRAMO RECTO,PLANA ,ASFALTADA,,,,,IMPRUDENCIA DEL CONDUCTOR,EXCESO DE VELOCIDAD
A-2021-11-76,06/11/2021,23:20,VOLCADURA,1,0,1,LA LIBERTAD,PATAZ,PIAS,RURAL,CARRETERA,VECINAL,LI-865,NO,-7.936071,-77.515048,DESPEJADO,RURAL,TRAMO RECTO,PLANA ,TROCHA,,,,,IMPRUDENCIA DEL CONDUCTOR,FATIGA Y/O CANSANCIO
A-2021-11-5,06/11/2021,23:30,DESPISTE,1,0,1,ANCASH,HUARAZ,PIRA,RURAL,CARRETERA,NACIONAL,PE-14,NO,-9.55948043434102,-77.6881874382449,NUBLADO,RURAL,CURVA,INCLINADA,AFIRMADO,,,,,IMPRUDENCIA DEL CONDUCTOR,FATIGA Y/O CANSANCIO
A-2022-11-178,06/11/2022,00:45,CHOQUE,1,0,,JUNIN,HUANCAYO,SAN AGUSTIN,URBANA,CARRETERA,NACIONAL,PE-3S,NO,-12.0198684,-75.2418035,DESPEJADO,RURAL,TRAMO RECTO,INCLINADA,ASFALTADA,NO,,,SI,IMPRUDENCIA DEL CONDUCTOR,OTRO (IMPRUDENCIA DEL CONDUCTOR)
A-2022-11-235,06/11/2022,01:30,ATROPELLO FUGA,1,0,,LIMA,LIMA,LURIN,URBANA,CARRETERA,NACIONAL,PE-1S,NO,-12.257543,-76.919539,DESPEJADO,COMERCIAL,TRAMO RECTO,PLANA ,ASFALTADA,,,,,NO IDENTIFICA LA CAUSA,
A-2022-11-159,06/11/2022,03:50,CHOQUE,1,1,2,HUANUCO,HUANUCO,HUANUCO,URBANA,JIRÓN,URBANO,NO CORRESPONDE,NO,-9.939625,-76.248523,DESPEJADO,COMERCIAL,TRAMO RECTO,PLANA ,ASFALTADA,,,,,IMPRUDENCIA DEL CONDUCTOR,EXCESO DE VELOCIDAD
A-2022-11-239,06/11/2022,05:30,ATROPELLO FUGA,1,0,,LIMA,LIMA,LURIN,RURAL,CARRETERA,NACIONAL,PE-1S,NO,-12.2833156,-76.87833662,DESPEJADO,INDUSTRIAL,TRAMO RECTO,PLANA ,ASFALTADA,SI,PREVENTIVA (P),,NO,NO IDENTIFICA LA CAUSA,
A-2022-11-74,06/11/2022,06:30,DESPISTE,1,0,1,TACNA,TARATA,ESTIQUE,RURAL,CARRETERA,NACIONAL,PE-38,NO,-17.636026,-70.067803,DESPEJADO,RURAL,TRAMO RECTO,INCLINADA,ASFALTADA,,,,,IMPRUDENCIA DEL CONDUCTOR,OTRO (IMPRUDENCIA DEL CONDUCTOR)
A-2022-11-165,06/11/2022,14:00,DESPISTE,1,10,1,PIURA,HUANCABAMBA,HUARMACA,RURAL,CARRETERA,VECINAL,PI-954,NO,-5.681699,-79.657792,DESPEJADO,RURAL,CURVA,PLANA ,AFIRMADO,,,,,IMPRUDENCIA DEL CONDUCTOR,EXCESO DE VELOCIDAD
A-2022-11-124,06/11/2022,15:30,CHOQUE,1,12,2,CAJAMARCA,JAEN,JAEN,URBANA,CARRETERA,NACIONAL,PE-04C,NO,-5.84315,-78.76675,DESPEJADO,RESIDENCIAL,CURVA,PLANA ,ASFALTADA,SI,PREVENTIVA (P),PREVENTIVA (P),NO,NO IDENTIFICA LA CAUSA,
A-2022-11-13,06/11/2022,16:45,CHOQUE,1,0,2,AREQUIPA,ISLAY,DEAN VALDIVIA,URBANA,CARRETERA,NACIONAL,PE-1SJ,NO,-17.1277704,-71.8043096,DESPEJADO,RESIDENCIAL,TRAMO RECTO,PLANA ,ASFALTADA,,,,,NO IDENTIFICA LA CAUSA,
A-2022-11-238,06/11/2022,19:30,ATROPELLO FUGA,1,0,,LIMA,LIMA,VILLA MARIA DEL TRIUNFO,URBANA,AVENIDA,URBANO,NO CORRESPONDE,NO,-12.22315198,-76.90811696,DESPEJADO,COMERCIAL,TRAMO RECTO,PLANA ,ASFALTADA,,,,,IMPRUDENCIA DEL PEATÓN,OTRO (IMPRUDENCIA DEL PEATÓN)
A-2022-11-79,06/11/2022,20:55,ATROPELLO FUGA,1,0,,LA LIBERTAD,TRUJILLO,VICTOR LARCO HERRERA,URBANA,CARRETERA,NACIONAL,PE-1N,NO,-8.149811,-79.041772,DESPEJADO,COMERCIAL,TRAMO RECTO,PLANA ,ASFALTADA,,,,,NO IDENTIFICA LA CAUSA,
A-2022-11-12,06/11/2022,21:15,CHOQUE,1,0,2,AREQUIPA,CAYLLOMA,SAN ANTONIO DE CHUCA,RURAL,CARRETERA,NACIONAL,PE-34A,NO,-15.782378,-71.03263,DESPEJADO,RURAL,TRAMO RECTO,PLANA ,ASFALTADA,,,,,NO IDENTIFICA LA CAUSA,
A-2023-11-62,06/11/2023,05:00,DESPISTE,1,4,1,HUANCAVELICA,TAYACAJA,PAMPAS,RURAL,CARRETERA,NACIONAL,PE-3S,NO,-12.4982311046392,-74.8243349005612,DESPEJADO,RURAL,TRAMO RECTO,PLANA ,ASFALTADA,,,,,EN PROCESO DE INVESTIGACIÓN,NO CUENTA CON CAUSA ESPECIFICA