CODIGO_SINIESTRO,FECHA_SINIESTRO,HORA_SINIESTRO,CLASE_SINIESTRO,CANTIDAD_DE_FALLECIDOS,CANTIDAD_DE_LESIONADOS,CANTIDAD_DE_VEHICULOS_DANADOS,DEPARTAMENTO,PROVINCIA,DISTRITO,ZONA,TIPO_DE_VIA,RED_VIAL,COD_CARRETERA,EXISTE_CICLOVIA,COORDENADAS_LATITUD,COORDENADAS_LONGITUD,CONDICION_CLIMATICA,ZONIFICACION,CARACTERISTICAS_DE_VIA,PERFIL_LONGITUDINAL_VIA,SUPERFICIE_DE_CALZADA,EXISTE_SENAL_VERTICAL,CLASIFICACION_DE_LA_SENAL_VERTICAL_N_1,CLASIFICACION_DE_LA_SENAL_VERTICAL_N_2,EXISTE_SENAL_HORIZONTAL,CAUSA_FACTOR_PRINCIPAL,CAUSA_ESPECIFICA
A-2021-04-222,07/04/2021,18:00,ATROPELLO FUGA,1,0,0,LIMA,LIMA,LIMA,URBANA,AVENIDA,URBANO,NO CORRESPONDE,NO,-12.0551620566646,-77.0136952504447,DESPEJADO,INDUSTRIAL,TRAMO RECTO,PLANA ,ASFALTADA,,,,,NO IDENTIFICA LA CAUSA,
A-2021-04-232,07/04/2021,18:00,ATROPELLO,1,0,,LIMA,LIMA,EL AGUSTINO,URBANA,JIRÓN,URBANO,NO CORRESPONDE,NO,-12.0531182212737,-77.0062830530559,DESPEJADO,COMERCIAL,TRAMO RECTO,PLANA ,ASFALTADA,,,,,NEGLIGENCIA DEL CONDUCTOR,OTRO (NEGLIGENCIA DEL CONDUCTOR)
A-2021-04-231,07/04/2021,21:20,ATROPELLO,1,0,,LIMA,LIMA,PUENTE PIEDRA,URBANA,CARRETERA,NACIONAL,PE-1N,NO,-11.83371,-77.113468,DESPEJADO,RURAL,TRAMO RECTO,PLANA ,ASFALTADA,,,,,IMPRUDENCIA DEL CONDUCTOR,OTRO (IMPRUDENCIA DEL CONDUCTOR)
A-2022-04-23,07/04/2022,02:30,ATROPELLO FUGA,1,0,0,CALLAO,CALLAO,CALLAO,URBANA,CARRETERA,NACIONAL,PE-20,NO,-11.9641477978337,-77.1268874606176,DESPEJADO,INDUSTRIAL,TRAMO RECTO,PLANA ,ASFALTADA,NO,,,SI,NO IDENTIFICA LA CAUSA,
A-2022-04-32,07/04/2022,04:50,DESPISTE,1,2,1,APURIMAC,ANDAHUAYLAS,PACOBAMBA,RURAL,CARRETERA,NACIONAL,PE-3S,NO,-13.612065,-73.133971,LLUVIOSO,RURAL,CURVA,INCLINADA,ASFALTADA,SI,PREVENTIVA (P),REGULADORA (R),SI,IMPRUDENCIA DEL CONDUCTOR,EXCESO DE VELOCIDAD
A-2022-04-72,07/04/2022,07:15,CHOQUE,1,0,2,LA LIBERTAD,CHEPEN,CHEPEN,URBANA,CALLE,URBANO,NO CORRESPONDE,NO,-7.228391,-79.428558,DESPEJADO,COMERCIAL,TRAMO RECTO,PLANA ,ASFALTADA,,,,,IMPRUDENCIA DEL CONDUCTOR,DESACATO DE SEÑAL DE TRÁNSITO
A-2022-04-230,07/04/2022,11:00,DESPISTE,1,1,1,LIMA,OYON,NAVAN,RURAL,CARRETERA,VECINAL,LM-575,NO,-10.913896441257,-77.0204419071715,DESPEJADO,RURAL,SINUOSA,INCLINADA,AFIRMADO,,,,,IMPRUDENCIA DEL CONDUCTOR,EXCESO DE VELOCIDAD
A-2022-04-183,07/04/2022,15:00,DESPISTE,2,4,,JUNIN,SATIPO,PAMPA HERMOSA,RURAL,CARRETERA,NACIONAL,PE-24A,,-11.5068335893288,-74.8212879250991,,,,,,,,,,,
A-2022-04-216,07/04/2022,20:00,ATROPELLO,1,0,1,HUANUCO,HUANUCO,SANTA MARIA DEL VALLE,URBANA,CARRETERA,NACIONAL,PE-18A,NO,-9.861162,-76.169409,DESPEJADO,RURAL,TRAMO RECTO,PLANA ,ASFALTADA,,,,,IMPRUDENCIA DEL PEATÓN,ESTADO DE EBRIEDAD Y/O DROGADICCIÓN
A-2023-04-143,07/04/2023,02:30,ATROPELLO FUGA,1,0,,LIMA,LIMA,LURIN,RURAL,CARRETERA,NACIONAL,PE-1S,NO,-12.3028902459276,-76.8426634938185,DESPEJADO,INDUSTRIAL,TRAMO RECTO,PLANA ,ASFALTADA,,,,,IMPRUDENCIA DEL PEATÓN,OTRO (IMPRUDENCIA DEL PEATÓN)
A-2023-04-151,07/04/2023,04:50,DESPISTE,1,1,,LIMA,LIMA,EL AGUSTINO,URBANA,CARRETERA,NACIONAL,PE-1N,NO,-12.0299579102563,-76.9943209638523,DESPEJADO,RESIDENCIAL,TRAMO RECTO,PLANA ,ASFALTADA,,,,,IMPRUDENCIA DEL CONDUCTOR,OTRO (IMPRUDENCIA DEL CONDUCTOR)
A-2023-04-47,07/04/2023,09:30,CHOQUE,1,1,2,CUSCO,ESPINAR,CONDOROMA,RURAL,CARRETERA,NACIONAL,PE-34J,NO,-15.429467,-71.070263,DESPEJADO,RURAL,TRAMO RECTO,INCLINADA,ASFALTADA,SI,PREVENTIVA (P),,SI,IMPRUDENCIA DEL CONDUCTOR,INVASIÓN DE CARRIL
A-2023-04-75,07/04/2023,15:15,CHOQUE,2,3,2,AMAZONAS,LUYA,SAN JERONIMO,RURAL,CARRETERA,NACIONAL,PE-08C,NO,-5.996887,-77.96618,DESPEJADO,RURAL,CURVA,INCLINADA,ASFALTADA,,,,,NO IDENTIFICA LA CAUSA,
A-2021-05-21,07/05/2021,02:40,CHOQUE,2,0,2,LA LIBERTAD,VIRU,VIRU,RURAL,CARRETERA,NACIONAL,PE-1N,NO,-8.412773,-78.798247,DESPEJADO,RURAL,TRAMO RECTO,PLANA ,ASFALTADA,,,,,IMPRUDENCIA DEL CONDUCTOR,NO ESTABLECER EL DERECHO DE PASO
A-2021-05-18,07/05/2021,04:40,ATROPELLO,1,0,1,ICA,NASCA,NASCA,URBANA,CARRETERA,NACIONAL,PE-1S,NO,-14.8723416,-74.9910024,DESPEJADO,RESIDENCIAL,TRAMO RECTO,PLANA ,ASFALTADA,,,,,NO IDENTIFICA LA CAUSA,
A-2021-05-142,07/05/2021,09:55,ATROPELLO,1,0,1,PUNO,HUANCANE,TARACO,RURAL,CARRETERA,NACIONAL,PE-34H,NO,-15.281613,-69.9257604,DESPEJADO,RURAL,TRAMO RECTO,PLANA ,ASFALTADA,SI,INFORMATIVA (I),REGULADORA (R),SI,IMPRUDENCIA DEL PEATÓN,CRUCE INDEBIDO POR LA CALZADA
A-2021-05-64,07/05/2021,10:45,DESPISTE,1,0,1,MOQUEGUA,MARISCAL NIETO,MOQUEGUA,RURAL,CARRETERA,DEPARTAMENTAL,MO-107,NO,-17.210263,-70.921352,SOLEADO,RURAL,TRAMO RECTO,INCLINADA,ASFALTADA,SI,REGULADORA (R),PREVENTIVA (P),NO,IMPRUDENCIA DEL CONDUCTOR,EXCESO DE VELOCIDAD
A-2021-05-67,07/05/2021,15:10,DESPISTE,1,2,1,PIURA,TALARA,LA BREA,,CARRETERA,NACIONAL,PE-1N,NO,-4.68356635520391,-81.0941433154501,DESPEJADO,RURAL,TRAMO RECTO,PLANA ,ASFALTADA,,,,,NO IDENTIFICA LA CAUSA,
A-2021-05-22,07/05/2021,15:30,DESPISTE,1,0,1,LA LIBERTAD,SANTIAGO DE CHUCO,SANTIAGO DE CHUCO,RURAL,CARRETERA,NACIONAL,PE-3N,NO,-8.141737,-78.197709,DESPEJADO,RURAL,TRAMO RECTO,PLANA ,ASFALTADA,,,,,IMPRUDENCIA DEL CONDUCTOR,FATIGA Y/O CANSANCIO
A-2021-05-17,07/05/2021,19:10,CHOQUE,1,0,1,AREQUIPA,CAYLLOMA,SAN ANTONIO DE CHUCA,RURAL,CARRETERA,NACIONAL,PE-34A,NO,-15.8416679213382,-71.1017772362566,DESPEJADO,RURAL,TRAMO RECTO,PLANA ,ASFALTADA,NO,,,SI,IMPRUDENCIA DEL CONDUCTOR,INVASIÓN DE CARRIL
A-2021-05-30,07/05/2021,20:00,DESPISTE,2,0,1,ANCASH,HUAYLAS,CARAZ,RURAL,CARRETERA,NACIONAL,PE-3N,NO,-9.07756609611757,-77.783144462266,DESPEJADO,RURAL,CURVA,INCLINADA,ASFALTADA,SI,PREVENTIVA (P),,SI,IMPRUDENCIA DEL CONDUCTOR,EXCESO DE VELOCIDAD
A-2022-05-250,07/05/2022,00:00,DESPISTE,1,0,1,LIMA,OYON,OYON,URBANA,CARRETERA,NACIONAL,PE-18,NO,-10.6874710209149,-76.8091159648131,DESPEJADO,COMERCIAL,CURVA,INCLINADA,ASFALTADA,SI,REGULADORA (R),,NO,IMPRUDENCIA DEL CONDUCTOR,EXCESO DE VELOCIDAD
A-2022-05-43,07/05/2022,04:15,DESPISTE,1,0,1,TUMBES,TUMBES,TUMBES,URBANA,CARRETERA,NACIONAL,PE-1N,NO,-3.55700866441701,-80.450085906128,DESPEJADO,COMERCIAL,TRAMO RECTO,PLANA ,ASFALTADA,,,,,IMPRUDENCIA DEL CONDUCTOR,FATIGA Y/O CANSANCIO
A-2022-05-208,07/05/2022,04:30,ATROPELLO FUGA,1,0,0,LIMA,LIMA,SANTIAGO DE SURCO,URBANA,AVENIDA,URBANO,NO CORRESPONDE,NO,-12.083798,-76.980095,DESPEJADO,COMERCIAL,TRAMO RECTO,PLANA ,ASFALTADA,,,,,NO IDENTIFICA LA CAUSA,
A-2022-05-178,07/05/2022,05:30,DESPISTE,1,0,1,CAJAMARCA,JAEN,JAEN,RURAL,CARRETERA,VECINAL,CA-761,NO,-5.7866967472752,-78.9101564978406,DESPEJADO,RURAL,TRAMO RECTO,INCLINADA,TROCHA,,,,,NO IDENTIFICA LA CAUSA,
A-2022-05-217,07/05/2022,12:00,CHOQUE,1,0,2,UCAYALI,CORONEL PORTILLO,CALLERIA,URBANA,JIRÓN,URBANO,NO CORRESPONDE,NO,-8.3891785623575,-74.5424231276069,DESPEJADO,COMERCIAL,INTERSECCIÓN,PLANA ,CONCRETO,NO,,,SI,IMPRUDENCIA DEL CONDUCTOR,OTRO (IMPRUDENCIA DEL CONDUCTOR)
A-2022-05-122,07/05/2022,17:00,DESPISTE,1,0,,CAJAMARCA,SAN MIGUEL,CALQUIS,URBANA,CARRETERA,SIN CLASIFICAR,SIN CLASIFICAR,NO,-6.93913335335806,-78.9904061621903,LLUVIOSO,RURAL,OTRO,PLANA ,ASFALTADA,,,,,NO IDENTIFICA LA CAUSA,
A-2022-05-176,07/05/2022,18:30,CAÍDA DE PASAJERO,1,0,1,CAJAMARCA,CUTERVO,CUTERVO,RURAL,CARRETERA,NACIONAL,PE-3ND,NO,-6.36501478341352,-78.790447575007,DESPEJADO,RURAL,SINUOSA,PLANA ,ASFALTADA,,,,,NO IDENTIFICA LA CAUSA,
A-2022-05-55,07/05/2022,22:40,ATROPELLO,1,0,1,AREQUIPA,AREQUIPA,YURA,URBANA,CARRETERA,NACIONAL,PE-34A,NO,-16.295182,-71.629422,DESPEJADO,RESIDENCIAL,TRAMO RECTO,PLANA ,ASFALTADA,NO,,,SI,NO IDENTIFICA LA CAUSA,
A-2023-05-137,07/05/2023,00:40,CHOQUE,1,0,,LIMA,LIMA,LOS OLIVOS,URBANA,AVENIDA,URBANO,NO CORRESPONDE,NO,-11.98023189,-77.07220528,DESPEJADO,COMERCIAL,INTERSECCIÓN,PLANA ,ASFALTADA,,,,,EN PROCESO DE INVESTIGACIÓN,NO CUENTA CON CAUSA ESPECIFICA
A-2023-05-9,07/05/2023,10:30,DESPISTE,2,0,1,ICA,ICA,YAUCA DEL ROSARIO,RURAL,CARRETERA,SIN CLASIFICAR,SIN CLASIFICAR,NO,-13.9761447,-75.4256334,DESPEJADO,RURAL,CURVA,INCLINADA,TROCHA,,,,,INFRAESTRUCTURA Y ENTORNO VIAL,OTRO (INFRAESTRUCTURA Y ENTORNO VIAL)
A-2021-06-304,07/06/2021,09:10,CHOQUE,1,1,1,JUNIN,JAUJA,JAUJA,URBANA,AVENIDA,URBANO,NO CORRESPONDE,NO,-11.784161,-75.482184,DESPEJADO,COMERCIAL,TRAMO RECTO,PLANA ,ASFALTADA,,,,,IMPRUDENCIA DEL CONDUCTOR,GIRAR IMPRUDENTEMENTE
A-2021-06-21,07/06/2021,09:45,DESPISTE,1,3,1,AREQUIPA,AREQUIPA,YURA,RURAL,CARRETERA,NACIONAL,PE-34A,NO,-16.12403,-71.635381,DESPEJADO,RURAL,TRAMO RECTO,INCLINADA,ASFALTADA,SI,PREVENTIVA (P),PREVENTIVA (P),SI,NO IDENTIFICA LA CAUSA,
A-2021-06-181,07/06/2021,12:50,ATROPELLO FUGA,1,0,0,SAN MARTIN,RIOJA,RIOJA,URBANA,CARRETERA,NACIONAL,PE-5N,NO,-6.051064,-77.151714,DESPEJADO,COMERCIAL,TRAMO RECTO,PLANA ,ASFALTADA,,,,,NO IDENTIFICA LA CAUSA,
A-2021-06-279,07/06/2021,15:30,CHOQUE,1,1,2,LAMBAYEQUE,LAMBAYEQUE,MORROPE,RURAL,CARRETERA,NACIONAL,PE-1N,NO,-6.4702476,-80.1128442,DESPEJADO,RURAL,TRAMO RECTO,PLANA ,AFIRMADO,SI,REGULADORA (R),PREVENTIVA (P),SI,NO IDENTIFICA LA CAUSA,
A-2021-06-137,07/06/2021,16:00,DESPISTE,1,2,1,HUANCAVELICA,HUANCAVELICA,ACORIA,RURAL,CARRETERA,VECINAL,HV-775,NO,-12.626018,-74.933047,DESPEJADO,RURAL,SINUOSA,INCLINADA,AFIRMADO,,,,,,
A-2021-06-27,07/06/2021,19:00,CHOQUE,1,2,2,ICA,PISCO,PARACAS,URBANA,CARRETERA,NACIONAL,PE-28,NO,-13.832273,-76.171214,DESPEJADO,RURAL,TRAMO RECTO,PLANA ,ASFALTADA,,,,,IMPRUDENCIA DEL CONDUCTOR,EXCESO DE VELOCIDAD
A-2021-06-323,07/06/2021,22:15,DESPISTE,1,0,1,LAMBAYEQUE,CHICLAYO,POMALCA,URBANA,CARRETERA,VECINAL,LA-816,NO,-6.770434,-79.7821,DESPEJADO,COMERCIAL,PUENTE,PLANA ,ASFALTADA,,,,,IMPRUDENCIA DEL CONDUCTOR,CONDUCIR EN ESTADO DE EBRIEDAD Y/O DROGADICCIÓN
A-2022-06-223,07/06/2022,01:30,ATROPELLO FUGA,1,0,,JUNIN,YAULI,LA OROYA,RURAL,CARRETERA,NACIONAL,PE-22,NO,-11.58366,-75.95685,DESPEJADO,RURAL,TRAMO RECTO,PLANA ,ASFALTADA,,,,,NO IDENTIFICA LA CAUSA,
A-2022-06-17,07/06/2022,02:20,CHOQUE CON OBJETO FIJO,1,1,1,AREQUIPA,AREQUIPA,SACHACA,URBANA,CARRETERA,NACIONAL,PE-34C,NO,-16.408497,-71.559893,DESPEJADO,COMERCIAL,TRAMO RECTO,PLANA ,ASFALTADA,SI,REGULADORA (R),PREVENTIVA (P),SI,NO IDENTIFICA LA CAUSA,
A-2022-06-172,07/06/2022,03:45,CHOQUE,3,1,,ANCASH,CASMA,CASMA,RURAL,CARRETERA,NACIONAL,PE-1N,NO,-9.730268,-78.263684,DESPEJADO,RURAL,CURVA,PLANA ,ASFALTADA,NO,,,SI,NO IDENTIFICA LA CAUSA,
A-2022-06-18,07/06/2022,03:45,CHOQUE,1,1,2,LA LIBERTAD,TRUJILLO,TRUJILLO,URBANA,AVENIDA,URBANO,NO CORRESPONDE,NO,-8.091642,-79.040555,DESPEJADO,INDUSTRIAL,INTERSECCIÓN,PLANA ,ASFALTADA,,,,,IMPRUDENCIA DEL CONDUCTOR,DESACATO DE SEÑAL DE TRÁNSITO
A-2022-06-234,07/06/2022,06:30,CHOQUE,1,0,2,PIURA,PIURA,CATACAOS,URBANA,CARRETERA,VECINAL,PI-1020,NO,-5.23158352202389,-80.6579144624056,DESPEJADO,COMERCIAL,TRAMO RECTO,PLANA ,ASFALTADA,,,,,IMPRUDENCIA DEL CONDUCTOR,EXCESO DE VELOCIDAD
A-2022-06-57,07/06/2022,13:41,CHOQUE,1,0,2,CUSCO,QUISPICANCHI,CAMANTI,RURAL,CARRETERA,NACIONAL,PE-30C,NO,-13.2391075,-70.7698199155,DESPEJADO,COMERCIAL,TRAMO RECTO,PLANA ,ASFALTADA,SI,PREVENTIVA (P),,SI,IMPRUDENCIA DEL CONDUCTOR,CONDUCIR EN ESTADO DE EBRIEDAD Y/O DROGADICCIÓN
A-2022-06-94,07/06/2022,17:30,ATROPELLO,1,0,1,CALLAO,CALLAO,CALLAO,URBANA,CARRETERA,NACIONAL,PE-20,NO,-12.0316596827117,-77.1274186408296,DESPEJADO,INDUSTRIAL,TRAMO RECTO,PLANA ,ASFALTADA,SI,PREVENTIVA (P),REGULADORA (R),SI,IMPRUDENCIA DEL PEATÓN,CRUCE INDEBIDO POR LA CALZADA
A-2022-06-11,07/06/2022,17:50,CHOQUE,1,0,,PUNO,PUNO,PUNO,RURAL,CARRETERA,NACIONAL,PE-3S,NO,-15.7816445442784,-70.0323271800258,DESPEJADO,RURAL,TRAMO RECTO,PLANA ,ASFALTADA,,,,,IMPRUDENCIA DEL CONDUCTOR,OTRO (IMPRUDENCIA DEL CONDUCTOR)
A-2022-06-213,07/06/2022,19:45,DESPISTE,1,1,,LIMA,LIMA,CIENEGUILLA,URBANA,CARRETERA,DEPARTAMENTAL,LM-117,NO,-12.1004492083874,-76.7922549603961,DESPEJADO,RURAL,TRAMO RECTO,PLANA ,ASFALTADA,,,,,NO IDENTIFICA LA CAUSA,
A-2023-06-123,07/06/2023,03:40,CHOQUE,2,1,,LIMA,LIMA,SANTIAGO DE SURCO,URBANA,CARRETERA,NACIONAL,PE-1S,NO,-12.1182246987172,-76.9771322189134,DESPEJADO,ESCOLAR,TRAMO RECTO,PLANA ,ASFALTADA,SI,PREVENTIVA (P),,NO,IMPRUDENCIA DEL CONDUCTOR,OTRO (IMPRUDENCIA DEL CONDUCTOR)
A-2023-06-124,07/06/2023,10:45,ATROPELLO,1,0,,LIMA,LIMA,CHORRILLOS,URBANA,AVENIDA,URBANO,NO CORRESPONDE,SI,-12.18134573,-77.01232672,DESPEJADO,COMERCIAL,INTERSECCIÓN,PLANA ,ASFALTADA,NO,,,SI,NEGLIGENCIA DEL CONDUCTOR,OTRO (NEGLIGENCIA DEL CONDUCTOR)
A-2023-06-32,07/06/2023,15:30,DESPISTE,1,7,1,CUSCO,CALCA,LARES,RURAL,CARRETERA,VECINAL,CU-709,NO,-13.187817,-71.942477,DESPEJADO,RURAL,CURVA,INCLINADA,AFIRMADO,SI,PREVENTIVA (P),,SI,NEGLIGENCIA DEL CONDUCTOR,CONDUCIR CON FALLAS DE FRENOS
A-2023-06-93,07/06/2023,17:35,CHOQUE,1,0,1,PUNO,SANDIA,PATAMBUCO,RURAL,CARRETERA,DEPARTAMENTAL,PU-107,NO,-14.3920079919343,-69.6981153092721,DESPEJADO,RURAL,CURVA,PLANA ,ASFALTADA,,,,,IMPRUDENCIA DEL CONDUCTOR,INVASIÓN DE CARRIL
A-2023-06-88,07/06/2023,20:30,CHOQUE,1,1,2,PUNO,SAN ROMAN,JULIACA,URBANA,CARRETERA,NACIONAL,PE-34A,NO,-15.486437,-70.142996,DESPEJADO,COMERCIAL,INTERSECCIÓN,PLANA ,ASFALTADA,,,,,IMPRUDENCIA DEL CONDUCTOR,NO ESTABLECER EL DERECHO DE PASO
A-2021-07-37,07/07/2021,05:00,CHOQUE,1,0,,MADRE DE DIOS,TAMBOPATA,INAMBARI,RURAL,CARRETERA,NACIONAL,PE-30C,,-12.885875129843,-70.0209867494665,,,,,,,,,,,
A-2021-07-226,07/07/2021,06:15,DESPISTE,2,1,1,APURIMAC,GRAU,GAMARRA,RURAL,CARRETERA,DEPARTAMENTAL,AP-113,NO,-13.8639241615798,-72.5058331145413,DESPEJADO,RURAL,TRAMO RECTO,PLANA ,AFIRMADO,,,,,NEGLIGENCIA DEL CONDUCTOR,OTRO (NEGLIGENCIA DEL CONDUCTOR)
A-2021-07-50,07/07/2021,07:20,ATROPELLO,1,0,1,JUNIN,CHUPACA,HUAMANCACA CHICO,URBANA,JIRÓN,URBANO,NO CORRESPONDE,NO,-12.07933,-75.24921,DESPEJADO,RURAL,OTRO,PLANA ,TROCHA,,,,,IMPRUDENCIA DEL CONDUCTOR,VEHÍCULO MAL ESTACIONADO
A-2021-07-59,07/07/2021,07:40,CHOQUE,1,0,2,LA LIBERTAD,ASCOPE,RAZURI,RURAL,CARRETERA,NACIONAL,PE-1N,NO,-7.6118045,-79.3688091,LLUVIOSO,RURAL,TRAMO RECTO,PLANA ,ASFALTADA,,,,,IMPRUDENCIA DEL CONDUCTOR,FATIGA Y/O CANSANCIO
A-2021-07-233,07/07/2021,11:30,CHOQUE,1,0,0,LIMA,LIMA,COMAS,URBANA,CARRETERA,NACIONAL,PE-20A,NO,-11.910779,-77.05586,NUBLADO,ESCOLAR,INTERSECCIÓN,PLANA ,ASFALTADA,NO,,,NO,NO IDENTIFICA LA CAUSA,
A-2021-07-78,07/07/2021,16:30,CHOQUE,8,8,3,TACNA,TACNA,LA YARADA LOS PALOS,RURAL,CARRETERA,NACIONAL,PE-1SD,NO,-18.125966,-70.391346,DESPEJADO,RURAL,TRAMO RECTO,PLANA ,ASFALTADA,NO,,,SI,IMPRUDENCIA DEL CONDUCTOR,INVASIÓN DE CARRIL
A-2021-07-29,07/07/2021,21:10,CHOQUE,2,1,2,PUNO,CHUCUITO,ZEPITA,RURAL,CARRETERA,NACIONAL,PE-3S,NO,-16.4303687668635,-69.1675183580846,DESPEJADO,RURAL,TRAMO RECTO,PLANA ,ASFALTADA,,,,,IMPRUDENCIA DEL CONDUCTOR,EXCESO DE VELOCIDAD
A-2022-07-151,07/07/2022,03:00,DESPISTE,1,0,,PIURA,PIURA,PIURA,URBANA,AVENIDA,URBANO,NO CORRESPONDE,NO,-5.184283,-80.6250834,DESPEJADO,RURAL,TRAMO RECTO,PLANA ,ASFALTADA,,,,,NO IDENTIFICA LA CAUSA,
A-2022-07-243,07/07/2022,06:50,CHOQUE,1,0,2,LIMA,HUAURA,HUACHO,RURAL,CARRETERA,NACIONAL,PE-1N,NO,-11.1504812071836,-77.5965749774097,DESPEJADO,RURAL,INTERSECCIÓN,PLANA ,ASFALTADA,SI,REGULADORA (R),REGULADORA (R),NO,IMPRUDENCIA DEL CONDUCTOR,NO ESTABLECER EL DERECHO DE PASO
A-2022-07-201,07/07/2022,08:30,CHOQUE,2,2,,ANCASH,SANTA,NEPEÑA,RURAL,CARRETERA,NACIONAL,PE-1N,NO,-9.232379,-78.448749,DESPEJADO,RURAL,TRAMO RECTO,PLANA ,ASFALTADA,,,,,NO IDENTIFICA LA CAUSA,
A-2022-07-198,07/07/2022,13:58,ATROPELLO,1,0,,LIMA,LIMA,MIRAFLORES,URBANA,AVENIDA,URBANO,NO CORRESPONDE,SI,-12.1299132362738,-77.0264471065407,DESPEJADO,RESIDENCIAL,INTERSECCIÓN,PLANA ,ASFALTADA,,,,,NO IDENTIFICA LA CAUSA,
A-2022-07-12,07/07/2022,20:30,ATROPELLO,1,0,1,SAN MARTIN,RIOJA,PARDO MIGUEL,RURAL,CARRETERA,NACIONAL,PE-5N,NO,-5.730581,-77.514495,DESPEJADO,RURAL,TRAMO RECTO,PLANA ,ASFALTADA,,,,,IMPRUDENCIA DEL CONDUCTOR,OTRO (IMPRUDENCIA DEL CONDUCTOR)
A-2022-07-46,07/07/2022,23:00,CAÍDA DE PASAJERO,1,0,,AREQUIPA,AREQUIPA,PAUCARPATA,URBANA,CALLE,URBANO,NO CORRESPONDE,NO,-16.4181615,-71.5060567,DESPEJADO,RESIDENCIAL,TRAMO RECTO,PLANA ,ASFALTADA,NO,,,SI,NO IDENTIFICA LA CAUSA,
A-2023-07-20,07/07/2023,06:20,CAÍDA DE PASAJERO,1,1,,ANCASH,CARLOS FERMIN FITZCARRALD,SAN LUIS,RURAL,CARRETERA,NACIONAL,PE-14C,NO,-9.16927849825107,-77.2244298766206,DESPEJADO,RURAL,CURVA,INCLINADA,TROCHA,,,,,NO IDENTIFICA LA CAUSA,
A-2023-07-36,07/07/2023,12:30,CHOQUE,1,1,2,CUSCO,QUISPICANCHI,HUARO,URBANA,CARRETERA,NACIONAL,PE-3S,NO,-13.6880989115161,-71.6472998187325,DESPEJADO,COMERCIAL,TRAMO RECTO,PLANA ,ASFALTADA,NO,,,SI,IMPRUDENCIA DEL CONDUCTOR,OTRO (IMPRUDENCIA DEL CONDUCTOR)
A-2023-07-55,07/07/2023,15:30,DESPISTE,1,4,1,CUSCO,PARURO,OMACHA,RURAL,CARRETERA,DEPARTAMENTAL,CU-129,NO,-14.0432847259957,-71.7728527889335,DESPEJADO,RURAL,CURVA,INCLINADA,AFIRMADO,,,,,IMPRUDENCIA DEL CONDUCTOR,EXCESO DE VELOCIDAD
A-2023-07-97,07/07/2023,23:35,DESPISTE,1,1,1,LORETO,MAYNAS,IQUITOS,URBANA,CALLE,URBANO,NO CORRESPONDE,NO,-3.746066,-73.2490994,DESPEJADO,COMERCIAL,INTERSECCIÓN,PLANA ,ASFALTADA,,,,,EN PROCESO DE INVESTIGACIÓN,NO CUENTA CON CAUSA ESPECIFICA
A-2021-08-122,07/08/2021,05:30,CHOQUE,1,0,2,LAMBAYEQUE,CHICLAYO,POMALCA,RURAL,CARRETERA,NACIONAL,PE-06A,NO,-6.7651930068624,-79.7364252622338,DESPEJADO,RURAL,TRAMO RECTO,PLANA ,ASFALTADA,,,,,IMPRUDENCIA DEL CONDUCTOR,VEHÍCULO MAL ESTACIONADO
A-2021-08-76,07/08/2021,07:15,DESPISTE,3,2,1,HUANCAVELICA,CASTROVIRREYNA,TICRAPO,RURAL,CARRETERA,NACIONAL,PE-28D,NO,-13.4647297908054,-75.4726935919309,DESPEJADO,RURAL,SINUOSA,INCLINADA,ASFALTADA,,,,,NO IDENTIFICA LA CAUSA,
A-2021-08-52,07/08/2021,09:30,CHOQUE,1,2,2,CAJAMARCA,HUALGAYOC,BAMBAMARCA,RURAL,CARRETERA,VECINAL,CA-1063,NO,-6.71807833,-78.470115,DESPEJADO,RURAL,CURVA,INCLINADA,AFIRMADO,,,,,IMPRUDENCIA DEL CONDUCTOR,CONDUCIR EN SENTIDO CONTRARIO
A-2021-08-263,07/08/2021,12:30,CHOQUE,1,2,2,LIMA,BARRANCA,PARAMONGA,RURAL,CARRETERA,NACIONAL,PE-16,NO,-10.4398286042683,-77.7276384336177,DESPEJADO,RURAL,TRAMO RECTO,PLANA ,ASFALTADA,,,,,IMPRUDENCIA DEL CONDUCTOR,CAÍDA DE MERCANCÍA
A-2021-08-229,07/08/2021,21:37,CHOQUE FUGA,1,0,1,LIMA,LIMA,LOS OLIVOS,URBANA,CARRETERA,NACIONAL,PE-1N,NO,-11.9593269123705,-77.0689415105478,DESPEJADO,ESCOLAR,TRAMO RECTO,PLANA ,ASFALTADA,,,,,NO IDENTIFICA LA CAUSA,
A-2022-08-8,07/08/2022,00:01,ATROPELLO FUGA,1,0,0,ICA,PISCO,PISCO,URBANA,CARRETERA,NACIONAL,PE-1SE,NO,-13.6949910364427,-76.1640349012398,DESPEJADO,RESIDENCIAL,INTERSECCIÓN,PLANA ,ASFALTADA,,,,,NO IDENTIFICA LA CAUSA,
A-2022-08-77,07/08/2022,01:00,ATROPELLO FUGA,1,0,,CUSCO,CANCHIS,SAN PABLO,RURAL,CARRETERA,NACIONAL,PE-3S,NO,-14.2028068229023,-71.310083207866,DESPEJADO,RURAL,TRAMO RECTO,PLANA ,ASFALTADA,SI,PREVENTIVA (P),,SI,IMPRUDENCIA DEL PEATÓN,ESTADO DE EBRIEDAD Y/O DROGADICCIÓN