CODIGO_SINIESTRO,FECHA_SINIESTRO,HORA_SINIESTRO,CLASE_SINIESTRO,CANTIDAD_DE_FALLECIDOS,CANTIDAD_DE_LESIONADOS,CANTIDAD_DE_VEHICULOS_DANADOS,DEPARTAMENTO,PROVINCIA,DISTRITO,ZONA,TIPO_DE_VIA,RED_VIAL,COD_CARRETERA,EXISTE_CICLOVIA,COORDENADAS_LATITUD,COORDENADAS_LONGITUD,CONDICION_CLIMATICA,ZONIFICACION,CARACTERISTICAS_DE_VIA,PERFIL_LONGITUDINAL_VIA,SUPERFICIE_DE_CALZADA,EXISTE_SENAL_VERTICAL,CLASIFICACION_DE_LA_SENAL_VERTICAL_N_1,CLASIFICACION_DE_LA_SENAL_VERTICAL_N_2,EXISTE_SENAL_HORIZONTAL,CAUSA_FACTOR_PRINCIPAL,CAUSA_ESPECIFICA
A-2023-04-118,09/04/2023,01:20,DESPISTE,1,0,,JUNIN,YAULI,SANTA BARBARA DE CARHUACAYAN,RURAL,CARRETERA,NACIONAL,PE-20A,NO,-11.2169840366484,-76.4387511682559,DESPEJADO,RURAL,TRAMO RECTO,INCLINADA,AFIRMADO,,,,,IMPRUDENCIA DEL CONDUCTOR,OTRO (IMPRUDENCIA DEL CONDUCTOR)
A-2023-04-113,09/04/2023,06:00,CHOQUE,1,0,1,CALLAO,CALLAO,CALLAO,URBANA,AUTOPISTA,URBANO,NO CORRESPONDE,NO,-12.0150373,-77.093949617,DESPEJADO,RESIDENCIAL,TRAMO RECTO,PLANA ,ASFALTADA,SI,INFORMATIVA (I),,NO,IMPRUDENCIA DEL CONDUCTOR,CONDUCIR EN ESTADO DE EBRIEDAD Y/O DROGADICCIÓN
A-2023-04-11,09/04/2023,07:15,DESPISTE,1,2,1,AREQUIPA,AREQUIPA,YURA,RURAL,CARRETERA,NACIONAL,PE-34A,NO,-16.217848,-71.658131,DESPEJADO,RURAL,TRAMO RECTO,PLANA ,ASFALTADA,NO,,,SI,NO IDENTIFICA LA CAUSA,
A-2023-04-109,09/04/2023,08:20,CHOQUE FUGA,1,0,,PIURA,PIURA,CASTILLA,RURAL,CARRETERA,NACIONAL,PE-1NJ,NO,-5.166233,-80.52626,DESPEJADO,RURAL,TRAMO RECTO,PLANA ,ASFALTADA,,,,,IMPRUDENCIA DEL CONDUCTOR,EXCESO DE VELOCIDAD
A-2023-04-5,09/04/2023,09:50,ATROPELLO,1,0,,PUNO,YUNGUYO,OLLARAYA,RURAL,CARRETERA,VECINAL,PU-1328,NO,-16.248765360015,-68.9778435942963,DESPEJADO,RURAL,TRAMO RECTO,PLANA ,ASFALTADA,,,,,IMPRUDENCIA DEL PEATÓN,OTRO (IMPRUDENCIA DEL PEATÓN)
A-2023-04-29,09/04/2023,14:00,ATROPELLO,1,0,,ANCASH,CARHUAZ,MARCARA,RURAL,CARRETERA,VECINAL,AN-770,NO,-9.32333093297273,-77.6073976161597,NUBLADO,RURAL,TRAMO RECTO,PLANA ,ASFALTADA,NO,,,SI,NO IDENTIFICA LA CAUSA,
A-2023-04-16,09/04/2023,17:10,DESPISTE,2,5,1,ICA,ICA,SAN JOSE DE LOS MOLINOS,RURAL,CARRETERA,NACIONAL,PE-1SC,NO,-13.9046784,-75.6667099,DESPEJADO,RURAL,SINUOSA,INCLINADA,ASFALTADA,,,,,IMPRUDENCIA DEL CONDUCTOR,CONDUCIR EN ESTADO DE EBRIEDAD Y/O DROGADICCIÓN
A-2023-04-155,09/04/2023,17:20,ATROPELLO,1,0,,LIMA,LIMA,ATE,URBANA,CARRETERA,NACIONAL,PE-22,NO,-12.01301814,-76.88077749,DESPEJADO,RESIDENCIAL,INTERSECCIÓN,INCLINADA,ASFALTADA,,,,,NO IDENTIFICA LA CAUSA,
A-2023-04-86,09/04/2023,19:00,CHOQUE,1,0,2,LA LIBERTAD,VIRU,VIRU,RURAL,CARRETERA,NACIONAL,PE-1N,NO,-8.44491239937467,-78.7439381551682,DESPEJADO,RURAL,TRAMO RECTO,PLANA ,ASFALTADA,,,,,IMPRUDENCIA DEL CONDUCTOR,CONDUCIR EN ESTADO DE EBRIEDAD Y/O DROGADICCIÓN
A-2023-04-30,09/04/2023,19:30,CHOQUE,1,2,5,AREQUIPA,AREQUIPA,LA JOYA,RURAL,CARRETERA,NACIONAL,PE-1S,NO,-16.521519,-71.793228,DESPEJADO,RURAL,TRAMO RECTO,PLANA ,ASFALTADA,NO,,,SI,NO IDENTIFICA LA CAUSA,
A-2021-05-130,09/05/2021,02:00,ATROPELLO,1,0,,LIMA,LIMA,SAN JUAN DE MIRAFLORES,URBANA,CARRETERA,NACIONAL,PE-1S,NO,-12.17513,-76.97776,DESPEJADO,INDUSTRIAL,TRAMO RECTO,PLANA ,ASFALTADA,,,,,IMPRUDENCIA DEL PEATÓN,ESTADO DE EBRIEDAD Y/O DROGADICCIÓN
A-2021-05-72,09/05/2021,04:15,CHOQUE CON OBJETO FIJO,1,1,1,PIURA,PAITA,PAITA,,AVENIDA,URBANO,NO CORRESPONDE,NO,-5.09256852279175,-81.1049794837401,DESPEJADO,COMERCIAL,INTERSECCIÓN,PLANA ,CONCRETO,,,,,NO IDENTIFICA LA CAUSA,
A-2021-05-92,09/05/2021,05:00,DESPISTE,2,0,1,APURIMAC,COTABAMBAS,COTABAMBAS,RURAL,CARRETERA,NACIONAL,PE-3SD,NO,-13.7326107910768,-72.3745692699063,DESPEJADO,RURAL,TRAMO RECTO,PLANA ,ASFALTADA,,,,,IMPRUDENCIA DEL CONDUCTOR,FATIGA Y/O CANSANCIO
A-2021-05-216,09/05/2021,08:30,DESPISTE,1,0,1,LIMA,BARRANCA,BARRANCA,RURAL,CARRETERA,VECINAL,LM-519,NO,-10.6830967461055,-77.5875042875954,DESPEJADO,RURAL,TRAMO RECTO,PLANA ,TROCHA,,,,,IMPRUDENCIA DEL CONDUCTOR,EXCESO DE VELOCIDAD
A-2021-05-79,09/05/2021,18:44,CHOQUE,1,2,2,TUMBES,ZARUMILLA,PAPAYAL,RURAL,CARRETERA,DEPARTAMENTAL,TU-101,NO,-3.597169772707,-80.2099049882852,DESPEJADO,RURAL,TRAMO RECTO,PLANA ,ASFALTADA,SI,PREVENTIVA (P),PREVENTIVA (P),NO,IMPRUDENCIA DEL CONDUCTOR,GIRAR IMPRUDENTEMENTE
A-2021-05-32,09/05/2021,21:00,CHOQUE,1,2,2,SAN MARTIN,MOYOBAMBA,MOYOBAMBA,URBANA,CARRETERA,NACIONAL,PE-5N,NO,-6.045477,-77.015953,DESPEJADO,RESIDENCIAL,CURVA,INCLINADA,ASFALTADA,,,,,IMPRUDENCIA DEL CONDUCTOR,CONDUCIR EN ESTADO DE EBRIEDAD Y/O DROGADICCIÓN
A-2021-05-84,09/05/2021,22:30,CHOQUE FUGA,1,0,2,CUSCO,CHUMBIVILCAS,SANTO TOMAS,URBANA,CALLE,URBANO,NO CORRESPONDE,NO,-14.448563,-72.084076,DESPEJADO,RESIDENCIAL,TRAMO RECTO,PLANA ,ASFALTADA,,,,,IMPRUDENCIA DEL CONDUCTOR,EXCESO DE VELOCIDAD
A-2022-05-211,09/05/2022,01:30,CHOQUE FUGA,1,1,1,LIMA,LIMA,SAN BARTOLO,URBANA,CARRETERA,NACIONAL,PE-1S,NO,-12.386021,-76.769327,DESPEJADO,INDUSTRIAL,PUENTE,PLANA ,ASFALTADA,,,,,NO IDENTIFICA LA CAUSA,
A-2022-05-169,09/05/2022,02:40,ATROPELLO FUGA,1,0,0,PUNO,SAN ROMAN,SAN MIGUEL,RURAL,CARRETERA,NACIONAL,PE-3S,NO,-15.4592374,-70.1395813,DESPEJADO,RURAL,TRAMO RECTO,PLANA ,ASFALTADA,,,,,NO IDENTIFICA LA CAUSA,
A-2022-05-91,09/05/2022,03:00,CHOQUE,1,3,3,PIURA,PIURA,CATACAOS,URBANA,CARRETERA,NACIONAL,PE-1NK,NO,-5.27881737209608,-80.6801376570985,DESPEJADO,COMERCIAL,TRAMO RECTO,PLANA ,ASFALTADA,,,,,NO IDENTIFICA LA CAUSA,
A-2022-05-159,09/05/2022,06:00,DESPISTE,1,1,1,PIURA,MORROPON,MORROPON,RURAL,CARRETERA,SIN CLASIFICAR,SIN CLASIFICAR,NO,-5.147984,-80.06218,DESPEJADO,RURAL,TRAMO RECTO,PLANA ,ASFALTADA,,,,,NO IDENTIFICA LA CAUSA,
A-2022-05-125,09/05/2022,13:00,CAÍDA DE PASAJERO,1,0,,CUSCO,QUISPICANCHI,CCARHUAYO,URBANA,AVENIDA,URBANO,NO CORRESPONDE,NO,-13.5949741,-71.4000292,SOLEADO,RESIDENCIAL,TRAMO RECTO,PLANA ,CONCRETO,,,,,NEGLIGENCIA DEL CONDUCTOR,OTRO (NEGLIGENCIA DEL CONDUCTOR)
A-2022-05-242,09/05/2022,17:30,CHOQUE,1,0,2,PIURA,SULLANA,SULLANA,URBANA,CARRETERA,NACIONAL,PE-1NL,NO,-4.91345340973405,-80.6721137886538,DESPEJADO,RURAL,TRAMO RECTO,PLANA ,ASFALTADA,,,,,IMPRUDENCIA DEL CONDUCTOR,NO DAR PASO PREFERENTE AL PEATÓN
A-2022-05-138,09/05/2022,18:00,CHOQUE CON OBJETO FIJO,1,3,1,CUSCO,CANCHIS,SICUANI,URBANA,AVENIDA,URBANO,NO CORRESPONDE,NO,-14.281336,-71.2278245,DESPEJADO,COMERCIAL,TRAMO RECTO,PLANA ,CONCRETO,,,,,IMPERICIA DEL CONDUCTOR,
A-2022-05-44,09/05/2022,18:30,CHOQUE,1,2,2,TUMBES,TUMBES,CORRALES,RURAL,CARRETERA,NACIONAL,PE-1N,NO,-3.61138848129851,-80.5096792146472,DESPEJADO,RURAL,TRAMO RECTO,PLANA ,ASFALTADA,,,,,IMPRUDENCIA DEL CONDUCTOR,GIRAR IMPRUDENTEMENTE
A-2022-05-47,09/05/2022,19:45,DESPISTE,1,0,1,TUMBES,ZARUMILLA,MATAPALO,RURAL,CARRETERA,DEPARTAMENTAL,TU-101,NO,-3.6287549264328,-80.194327557888,DESPEJADO,RURAL,TRAMO RECTO,PLANA ,ASFALTADA,,,,,IMPRUDENCIA DEL CONDUCTOR,CONDUCIR EN ESTADO DE EBRIEDAD Y/O DROGADICCIÓN
A-2022-05-243,09/05/2022,22:20,CHOQUE,1,0,2,PIURA,SULLANA,SULLANA,URBANA,CARRETERA,NACIONAL,PE-1NL,NO,-4.91617920367454,-80.6640939957693,DESPEJADO,RURAL,TRAMO RECTO,PLANA ,ASFALTADA,,,,,IMPRUDENCIA DEL CONDUCTOR,OTRO (IMPRUDENCIA DEL CONDUCTOR)
A-2023-05-62,09/05/2023,05:30,ATROPELLO,2,0,1,LA LIBERTAD,PACASMAYO,JEQUETEPEQUE,RURAL,CARRETERA,NACIONAL,PE-1N,NO,-7.3661421,-79.5300156,DESPEJADO,RURAL,TRAMO RECTO,PLANA ,ASFALTADA,,,,,NO IDENTIFICA LA CAUSA,
A-2023-05-102,09/05/2023,11:30,DESPISTE,1,0,1,AMAZONAS,BONGARA,VALERA,RURAL,CARRETERA,VECINAL,AM-637,NO,-6.05205,-77.9178956,DESPEJADO,RURAL,CURVA,INCLINADA,ASFALTADA,,,,,NO IDENTIFICA LA CAUSA,
A-2023-05-144,09/05/2023,15:30,CHOQUE,2,4,,JUNIN,JUNIN,CARHUAMAYO,RURAL,CARRETERA,NACIONAL,PE-3N,NO,-10.9108992807551,-76.0666107915541,NUBLADO,RURAL,TRAMO RECTO,PLANA ,ASFALTADA,SI,PREVENTIVA (P),,SI,IMPRUDENCIA DEL CONDUCTOR,ADELANTAR INDEBIDAMENTE
A-2021-06-144,09/06/2021,03:50,ATROPELLO,1,0,0,AYACUCHO,HUAMANGA,AYACUCHO,URBANA,CARRETERA,NACIONAL,PE-3S,NO,-13.17009,-74.21035,DESPEJADO,RURAL,INTERSECCIÓN,PLANA ,CONCRETO,,,,,IMPRUDENCIA DEL PEATÓN,ESTADO DE EBRIEDAD Y/O DROGADICCIÓN
A-2021-06-229,09/06/2021,09:30,CHOQUE,1,0,1,PUNO,AZANGARO,CAMINACA,RURAL,CARRETERA,NACIONAL,PE-28,NO,-15.2751861529566,-70.0850647585781,DESPEJADO,RURAL,TRAMO RECTO,PLANA ,ASFALTADA,,,,,IMPRUDENCIA DEL CONDUCTOR,EXCESO DE VELOCIDAD
A-2021-06-114,09/06/2021,10:00,CHOQUE,1,0,,LIMA,LIMA,EL AGUSTINO,URBANA,CARRETERA,NACIONAL,PE-1N,NO,-12.031138,-77.002644,DESPEJADO,INDUSTRIAL,TRAMO RECTO,PLANA ,CONCRETO,,,,,IMPRUDENCIA DEL CONDUCTOR,OTRO (IMPRUDENCIA DEL CONDUCTOR)
A-2021-06-81,09/06/2021,11:00,CHOQUE,1,2,2,LA LIBERTAD,ASCOPE,CHOCOPE,RURAL,CARRETERA,NACIONAL,PE-1N,NO,-7.804772,-79.193644,DESPEJADO,RURAL,TRAMO RECTO,PLANA ,ASFALTADA,,,,,NO IDENTIFICA LA CAUSA,
A-2021-06-139,09/06/2021,11:45,ATROPELLO,1,0,0,HUANCAVELICA,ANGARAES,SECCLLA,RURAL,CARRETERA,VECINAL,HV-806,NO,-13.064099888998,-74.5065575540981,DESPEJADO,RURAL,OTRO,INCLINADA,TROCHA,,,,,NO IDENTIFICA LA CAUSA,
A-2021-06-127,09/06/2021,15:30,DESPISTE,1,1,1,CUSCO,CANAS,PAMPAMARCA,RURAL,CARRETERA,NACIONAL,PE-34F,NO,-14.113702,-71.458108,DESPEJADO,RURAL,TRAMO RECTO,PLANA ,ASFALTADA,,,,,NO IDENTIFICA LA CAUSA,
A-2021-06-33,09/06/2021,18:00,DESPISTE,1,1,1,PIURA,PIURA,PIURA,URBANA,AVENIDA,URBANO,NO CORRESPONDE,SI,-5.164,-80.64736333,DESPEJADO,RURAL,CURVA,PLANA ,ASFALTADA,SI,PREVENTIVA (P),PREVENTIVA (P),SI,,
A-2021-06-115,09/06/2021,18:45,ATROPELLO,1,0,,LIMA,LIMA,PUEBLO LIBRE,URBANA,AVENIDA,URBANO,NO CORRESPONDE,NO,-12.071682,-77.050911,DESPEJADO,INDUSTRIAL,TRAMO RECTO,PLANA ,ASFALTADA,,,,,IMPRUDENCIA DEL PEATÓN,OTRO (IMPRUDENCIA DEL PEATÓN)
A-2021-06-80,09/06/2021,18:45,DESPISTE,1,1,1,ANCASH,HUARI,SAN MARCOS,RURAL,CARRETERA,DEPARTAMENTAL,AN-110,NO,-9.48207435152849,-77.1422084865017,DESPEJADO,RURAL,CURVA,INCLINADA,ASFALTADA,,,,,IMPRUDENCIA DEL CONDUCTOR,EXCESO DE VELOCIDAD
A-2021-06-30,09/06/2021,19:00,ATROPELLO,1,0,1,AREQUIPA,AREQUIPA,SANTA RITA DE SIGUAS,RURAL,CARRETERA,NACIONAL,PE-1S,NO,-16.4164454,-72.0415901,DESPEJADO,RURAL,TRAMO RECTO,PLANA ,ASFALTADA,SI,REGULADORA (R),REGULADORA (R),SI,NO IDENTIFICA LA CAUSA,
A-2022-06-62,09/06/2022,15:00,DESPISTE,1,1,1,CUSCO,CALCA,SAN SALVADOR,RURAL,CARRETERA,NACIONAL,PE-28B,NO,-13.5019426,-71.771753315,DESPEJADO,RURAL,TRAMO RECTO,PLANA ,ASFALTADA,SI,PREVENTIVA (P),,SI,IMPRUDENCIA DEL CONDUCTOR,EXCESO DE VELOCIDAD
A-2022-06-212,09/06/2022,15:30,CHOQUE,1,1,,LIMA,LIMA,LA VICTORIA,URBANA,AVENIDA,URBANO,NO CORRESPONDE,NO,-12.0656133731525,-77.0044183255242,DESPEJADO,COMERCIAL,TRAMO RECTO,PLANA ,ASFALTADA,,,,,NO IDENTIFICA LA CAUSA,
A-2022-06-21,09/06/2022,17:20,ATROPELLO,1,0,1,LA LIBERTAD,VIRU,VIRU,RURAL,CARRETERA,NACIONAL,PE-1N,NO,-8.382137,-78.856709,DESPEJADO,RURAL,TRAMO RECTO,PLANA ,ASFALTADA,,,,,IMPRUDENCIA DEL PEATÓN,USO DE DISPOSITIVOS MÓVILES Y/O ELECTRÓNICOS
A-2022-06-164,09/06/2022,19:10,CHOQUE,1,1,1,HUANUCO,MARAÑON,LA MORADA,RURAL,CARRETERA,VECINAL,HU-518,NO,-8.753582,-76.264304,DESPEJADO,RURAL,TRAMO RECTO,PLANA ,AFIRMADO,,,,,IMPRUDENCIA DEL CONDUCTOR,EXCESO DE VELOCIDAD
A-2023-06-89,09/06/2023,09:30,ATROPELLO,1,0,1,PUNO,SAN ROMAN,JULIACA,URBANA,CARRETERA,NACIONAL,PE-3S,NO,-15.471592,-70.137529,DESPEJADO,COMERCIAL,TRAMO RECTO,PLANA ,ASFALTADA,,,,,IMPRUDENCIA DEL PEATÓN,CRUCE INDEBIDO POR LA CALZADA
A-2023-06-171,09/06/2023,15:30,DESPISTE,2,2,1,AYACUCHO,HUAMANGA,CARMEN ALTO,RURAL,CARRETERA,VECINAL,AY-838,NO,-13.2030907,-74.2273071,DESPEJADO,RURAL,SINUOSA,PLANA ,ASFALTADA,SI,PREVENTIVA (P),,NO,NEGLIGENCIA DEL CONDUCTOR,CONDUCIR CON FALLAS DE FRENOS
A-2023-06-49,09/06/2023,15:30,DESPISTE,1,2,1,LA LIBERTAD,SANTIAGO DE CHUCO,QUIRUVILCA,RURAL,CARRETERA,NACIONAL,PE-3N,NO,-8.0991802,-78.1759705,DESPEJADO,RURAL,CURVA,PLANA ,TROCHA,,,,,NO IDENTIFICA LA CAUSA,
A-2023-06-127,09/06/2023,16:50,CHOQUE,2,0,,LIMA,LIMA,JESUS MARIA,URBANA,AVENIDA,URBANO,NO CORRESPONDE,NO,-12.07422298,-77.05293713,DESPEJADO,COMERCIAL,INTERSECCIÓN,PLANA ,ASFALTADA,SI,PREVENTIVA (P),,SI,EN PROCESO DE INVESTIGACIÓN,NO CUENTA CON CAUSA ESPECIFICA
A-2023-06-159,09/06/2023,19:00,DESPISTE,3,0,,JUNIN,YAULI,MOROCOCHA,RURAL,CARRETERA,NACIONAL,PE-22,NO,-11.5997548613595,-76.1535518138248,SOLEADO,RURAL,TRAMO RECTO,PLANA ,ASFALTADA,NO,,,SI,,
A-2021-07-116,09/07/2021,00:55,ATROPELLO FUGA,1,0,0,CAJAMARCA,CHOTA,CHOTA,URBANA,CARRETERA,NACIONAL,PE-3N,NO,-6.5754156,-78.63548693,DESPEJADO,COMERCIAL,TRAMO RECTO,PLANA ,ASFALTADA,SI,PREVENTIVA (P),,SI,NO IDENTIFICA LA CAUSA,
A-2021-07-38,09/07/2021,03:30,CHOQUE,1,0,2,HUANUCO,LEONCIO PRADO,RUPA-RUPA,URBANA,PASAJE,URBANO,NO CORRESPONDE,NO,-9.314544,-75.998179,DESPEJADO,COMERCIAL,TRAMO RECTO,INCLINADA,CONCRETO,,,,,IMPRUDENCIA DEL CONDUCTOR,CONDUCIR EN ESTADO DE EBRIEDAD Y/O DROGADICCIÓN
A-2021-07-276,09/07/2021,06:35,CHOQUE,1,0,0,LIMA,LIMA,RIMAC,URBANA,CALLE,URBANO,NO CORRESPONDE,SI,-12.038363,-77.016899,DESPEJADO,RESIDENCIAL,TRAMO RECTO,PLANA ,ASFALTADA,NO,,,NO,IMPRUDENCIA DEL CONDUCTOR,EXCESO DE VELOCIDAD
A-2021-07-75,09/07/2021,08:00,ATROPELLO,1,0,0,APURIMAC,ANDAHUAYLAS,ANDAHUAYLAS,URBANA,CARRETERA,VECINAL,AP-672,NO,-13.715679,-73.342001,DESPEJADO,RURAL,TRAMO RECTO,INCLINADA,AFIRMADO,,,,,IMPRUDENCIA DEL CONDUCTOR,NO DAR PASO PREFERENTE AL PEATÓN
A-2021-07-77,09/07/2021,17:00,ATROPELLO,1,0,,MOQUEGUA,MARISCAL NIETO,SAMEGUA,RURAL,CARRETERA,SIN CLASIFICAR,SIN CLASIFICAR,,-17.2046333,-70.90035,,,,,,,,,,,
A-2021-07-151,09/07/2021,18:00,ATROPELLO FUGA,1,0,0,PUNO,AZANGARO,SANTIAGO DE PUPUJA,RURAL,CARRETERA,NACIONAL,PE-34B,NO,-15.017495,-70.1798524,DESPEJADO,RURAL,TRAMO RECTO,PLANA ,ASFALTADA,,,,,IMPRUDENCIA DEL CONDUCTOR,OTRO (IMPRUDENCIA DEL CONDUCTOR)
A-2021-07-306,09/07/2021,18:50,ATROPELLO,1,0,,SAN MARTIN,EL DORADO,SAN JOSE DE SISA,URBANA,CARRETERA,DEPARTAMENTAL,SM-102,NO,-6.61362,-76.6821,DESPEJADO,COMERCIAL,TRAMO RECTO,PLANA ,ASFALTADA,,,,,NO IDENTIFICA LA CAUSA,
A-2021-07-35,09/07/2021,18:50,DESPISTE,1,2,1,ANCASH,YUNGAY,YUNGAY,RURAL,CARRETERA,VECINAL,AN-828,NO,-9.13960825098862,-77.7298863031341,DESPEJADO,RURAL,CURVA,INCLINADA,TROCHA,,,,,NEGLIGENCIA DEL CONDUCTOR,OTRO (NEGLIGENCIA DEL CONDUCTOR)
A-2021-07-80,09/07/2021,19:45,CHOQUE FUGA,1,0,1,TACNA,TACNA,LA YARADA LOS PALOS,RURAL,CARRETERA,VECINAL,TA-641,NO,-18.21671096,-70.52593212,DESPEJADO,RURAL,TRAMO RECTO,PLANA ,ASFALTADA,,,,,IMPRUDENCIA DEL CONDUCTOR,CONDUCIR EN ESTADO DE EBRIEDAD Y/O DROGADICCIÓN
A-2021-07-242,09/07/2021,22:30,CHOQUE FUGA,1,0,0,LIMA,LIMA,SANTIAGO DE SURCO,URBANA,AVENIDA,URBANO,NO CORRESPONDE,NO,-12.1240797,-76.9883922,DESPEJADO,RESIDENCIAL,TRAMO RECTO,PLANA ,ASFALTADA,,,,,IMPRUDENCIA DEL CONDUCTOR,EXCESO DE VELOCIDAD
A-2022-07-153,09/07/2022,15:50,ESPECIAL,1,1,,PIURA,MORROPON,SAN JUAN DE BIGOTE,RURAL,CARRETERA,VECINAL,PI-883,NO,-5.316476,-79.749585,DESPEJADO,RURAL,TRAMO RECTO,INCLINADA,AFIRMADO,,,,,NO IDENTIFICA LA CAUSA,
A-2023-07-133,09/07/2023,01:30,ATROPELLO,1,0,,LIMA,LIMA,SAN JUAN DE LURIGANCHO,URBANA,AVENIDA,URBANO,NO CORRESPONDE,NO,-12.0082431969482,-77.0105256698511,DESPEJADO,COMERCIAL,CURVA,INCLINADA,ASFALTADA,,,,,IMPRUDENCIA DEL CONDUCTOR,OTRO (IMPRUDENCIA DEL CONDUCTOR)
A-2023-07-17,09/07/2023,02:30,VOLCADURA,1,0,1,SAN MARTIN,MOYOBAMBA,MOYOBAMBA,URBANA,JIRÓN,URBANO,NO CORRESPONDE,NO,-6.036805,-76.98065,DESPEJADO,COMERCIAL,TRAMO RECTO,PLANA ,ASFALTADA,,,,,IMPRUDENCIA DEL CONDUCTOR,OTRO (IMPRUDENCIA DEL CONDUCTOR)
A-2023-07-134,09/07/2023,07:45,DESPISTE,5,28,,LIMA,LIMA,COMAS,URBANA,AVENIDA,URBANO,NO CORRESPONDE,NO,-11.91279662,-77.0033858,DESPEJADO,RESIDENCIAL,CURVA,INCLINADA,ASFALTADA,,,,,NO IDENTIFICA LA CAUSA,
A-2023-07-85,09/07/2023,15:20,ATROPELLO,1,1,,PIURA,PIURA,PIURA,URBANA,CALLE,URBANO,NO CORRESPONDE,NO,-5.197634,-80.630181,DESPEJADO,RURAL,TRAMO RECTO,PLANA ,ASFALTADA,,,,,IMPRUDENCIA DEL CONDUCTOR,NO DAR PASO PREFERENTE AL PEATÓN
A-2023-07-103,09/07/2023,17:40,DESPISTE,2,0,1,PUNO,SAN ROMAN,CARACOTO,RURAL,CARRETERA,NACIONAL,PE-3S,NO,-15.5492753,-70.1088494,DESPEJADO,RURAL,INTERSECCIÓN,PLANA ,ASFALTADA,,,,,IMPRUDENCIA DEL CONDUCTOR,CONDUCIR EN ESTADO DE EBRIEDAD Y/O DROGADICCIÓN
A-2023-07-5,09/07/2023,19:10,ATROPELLO,1,0,1,ICA,ICA,SANTIAGO,RURAL,CARRETERA,NACIONAL,PE-1S,NO,-14.2892972888157,-75.6793445798908,DESPEJADO,RURAL,TRAMO RECTO,PLANA ,ASFALTADA,,,,,IMPRUDENCIA DEL PEATÓN,CRUCE INDEBIDO POR LA CALZADA
A-2021-08-294,09/08/2021,00:00,DESPISTE,4,0,1,PIURA,AYABACA,AYABACA,RURAL,CARRETERA,NACIONAL,PE-1NT,NO,-4.70788618229506,-79.8152446530959,NUBLADO,RURAL,OTRO,INCLINADA,TROCHA,,,,,NO IDENTIFICA LA CAUSA,
A-2021-08-59,09/08/2021,05:45,ATROPELLO,1,0,1,LA LIBERTAD,VIRU,VIRU,RURAL,CARRETERA,NACIONAL,PE-1N,NO,-8.413602,-78.795044,DESPEJADO,RURAL,TRAMO RECTO,PLANA ,ASFALTADA,,,,,IMPRUDENCIA DEL PEATÓN,CRUCE INDEBIDO POR LA CALZADA
A-2021-08-330,09/08/2021,15:05,CHOQUE,2,3,2,AMAZONAS,LUYA,TINGO,RURAL,CARRETERA,NACIONAL,PE-08B,NO,-6.3665074,-77.9123043,DESPEJADO,RURAL,CURVA,INCLINADA,ASFALTADA,SI,PREVENTIVA (P),PREVENTIVA (P),NO,NO IDENTIFICA LA CAUSA,
A-2021-08-124,09/08/2021,17:30,ATROPELLO,1,0,1,LAMBAYEQUE,LAMBAYEQUE,LAMBAYEQUE,URBANA,CARRETERA,NACIONAL,PE-1N,NO,-6.69542572959067,-79.9088630988042,DESPEJADO,RESIDENCIAL,TRAMO RECTO,PLANA ,ASFALTADA,,,,,NO IDENTIFICA LA CAUSA,
A-2021-08-191,09/08/2021,19:00,ATROPELLO,1,0,1,PUNO,AZANGARO,SAN ANTON,RURAL,CARRETERA,NACIONAL,PE-34B,NO,-14.3762327,-70.2723183,DESPEJADO,RURAL,CURVA,PLANA ,ASFALTADA,,,,,IMPRUDENCIA DEL PEATÓN,CRUCE INDEBIDO POR LA CALZADA
A-2021-08-30,09/08/2021,20:40,CHOQUE,1,1,2,ICA,NASCA,VISTA ALEGRE,RURAL,CARRETERA,NACIONAL,PE-1S,NO,-14.9556387673503,-74.9859644461348,DESPEJADO,RURAL,CURVA,PLANA ,ASFALTADA,SI,PREVENTIVA (P),INFORMATIVA (I),SI,IMPRUDENCIA DEL CONDUCTOR,INVASIÓN DE CARRIL
A-2021-08-181,09/08/2021,23:15,CHOQUE,1,0,1,APURIMAC,ANDAHUAYLAS,ANDAHUAYLAS,URBANA,CARRETERA,NACIONAL,PE-3S,NO,-13.663746,-73.401938,DESPEJADO,COMERCIAL,TRAMO RECTO,PLANA ,ASFALTADA,,,,,IMPRUDENCIA DEL CONDUCTOR,CONDUCIR EN ESTADO DE EBRIEDAD Y/O DROGADICCIÓN
A-2022-08-102,09/08/2022,06:15,ATROPELLO,1,0,,CALLAO,CALLAO,CALLAO,URBANA,CARRETERA,NACIONAL,PE-20,NO,-11.9953709359206,-77.1258787485518,DESPEJADO,INDUSTRIAL,TRAMO RECTO,PLANA ,ASFALTADA,SI,INFORMATIVA (I),,SI,NO IDENTIFICA LA CAUSA,
A-2022-08-241,09/08/2022,09:10,CHOQUE,1,1,2,LORETO,MAYNAS,PUNCHANA,URBANA,CALLE,URBANO,NO CORRESPONDE,NO,-3.72768577896552,-73.2484885167629,DESPEJADO,COMERCIAL,INTERSECCIÓN,PLANA ,ASFALTADA,,,,,IMPRUDENCIA DEL CONDUCTOR,INVASIÓN DE CARRIL