CODIGO_SINIESTRO,FECHA_SINIESTRO,HORA_SINIESTRO,CLASE_SINIESTRO,CANTIDAD_DE_FALLECIDOS,CANTIDAD_DE_LESIONADOS,CANTIDAD_DE_VEHICULOS_DANADOS,DEPARTAMENTO,PROVINCIA,DISTRITO,ZONA,TIPO_DE_VIA,RED_VIAL,COD_CARRETERA,EXISTE_CICLOVIA,COORDENADAS_LATITUD,COORDENADAS_LONGITUD,CONDICION_CLIMATICA,ZONIFICACION,CARACTERISTICAS_DE_VIA,PERFIL_LONGITUDINAL_VIA,SUPERFICIE_DE_CALZADA,EXISTE_SENAL_VERTICAL,CLASIFICACION_DE_LA_SENAL_VERTICAL_N_1,CLASIFICACION_DE_LA_SENAL_VERTICAL_N_2,EXISTE_SENAL_HORIZONTAL,CAUSA_FACTOR_PRINCIPAL,CAUSA_ESPECIFICA
A-2021-01-109,10/01/2021,02:30,ATROPELLO,1,0,1,LAMBAYEQUE,LAMBAYEQUE,MOTUPE,URBANA,CARRETERA,NACIONAL,PE-1NJ,NO,-6.145723,-79.718245,DESPEJADO,RESIDENCIAL,CURVA,INCLINADA,ASFALTADA,SI,PREVENTIVA (P),PREVENTIVA (P),SI,NO IDENTIFICA LA CAUSA,
A-2021-01-51,10/01/2021,05:20,ATROPELLO FUGA,1,0,0,LIMA,HUAURA,VEGUETA,RURAL,CARRETERA,NACIONAL,PE-1N,NO,-11.0300838046341,-77.5926482784233,DESPEJADO,RURAL,TRAMO RECTO,PLANA ,ASFALTADA,,,,,NO IDENTIFICA LA CAUSA,
A-2021-01-55,10/01/2021,05:40,CHOQUE,1,1,2,SAN MARTIN,MOYOBAMBA,CALZADA,URBANA,CARRETERA,NACIONAL,PE-5N,NO,-6.039758,-77.060566,DESPEJADO,RURAL,TRAMO RECTO,PLANA ,ASFALTADA,SI,REGULADORA (R),INFORMATIVA (I),NO,IMPRUDENCIA DEL CONDUCTOR,CONDUCIR EN ESTADO DE EBRIEDAD Y/O DROGADICCIÓN
A-2021-01-75,10/01/2021,12:15,CHOQUE,1,2,2,LA LIBERTAD,ASCOPE,PAIJAN,RURAL,CARRETERA,VECINAL,LI-610,NO,-7.723725,-79.342576,DESPEJADO,RURAL,TRAMO RECTO,PLANA ,ASFALTADA,,,,,NO IDENTIFICA LA CAUSA,
A-2021-01-68,10/01/2021,14:30,VOLCADURA,1,0,1,LAMBAYEQUE,CHICLAYO,NUEVA ARICA,RURAL,CARRETERA,NACIONAL,PE-1NI,NO,-6.880811,-79.363869,DESPEJADO,RURAL,ÓVALO,PLANA ,ASFALTADA,SI,PREVENTIVA (P),,SI,IMPRUDENCIA DEL CONDUCTOR,ADELANTAR INDEBIDAMENTE
A-2021-01-405,10/01/2021,20:30,CHOQUE,1,1,3,HUANUCO,HUANUCO,AMARILIS,URBANA,CARRETERA,NACIONAL,PE-18A,NO,-9.913026,-76.23101,DESPEJADO,RURAL,TRAMO RECTO,INCLINADA,ASFALTADA,,,,,IMPRUDENCIA DEL CONDUCTOR,ADELANTAR INDEBIDAMENTE
A-2021-01-54,10/01/2021,20:30,CHOQUE,1,1,2,LIMA,HUARAL,CHANCAY,RURAL,CARRETERA,NACIONAL,PE-1N,NO,-11.605630713512,-77.2417723347988,DESPEJADO,RURAL,TRAMO RECTO,PLANA ,ASFALTADA,SI,REGULADORA (R),PREVENTIVA (P),NO,IMPRUDENCIA DEL CONDUCTOR,OTRO (IMPRUDENCIA DEL CONDUCTOR)
A-2022-01-333,10/01/2022,04:50,DESPISTE,1,0,1,LIMA,HUAURA,SANTA MARIA,URBANA,CARRETERA,NACIONAL,PE-1N,NO,-11.09203,-77.58439,DESPEJADO,RURAL,TRAMO RECTO,PLANA ,ASFALTADA,,,,,IMPRUDENCIA DEL CONDUCTOR,FATIGA Y/O CANSANCIO
A-2022-01-312,10/01/2022,05:30,ATROPELLO,1,0,1,JUNIN,TARMA,TARMA,RURAL,CARRETERA,NACIONAL,PE-22B,NO,-11.3982061221604,-75.6868528405228,DESPEJADO,RURAL,TRAMO RECTO,PLANA ,ASFALTADA,SI,REGULADORA (R),INFORMATIVA (I),NO,IMPRUDENCIA DEL PEATÓN,ESTADO DE EBRIEDAD Y/O DROGADICCIÓN
A-2022-01-59,10/01/2022,07:45,DESPISTE,1,0,1,AREQUIPA,AREQUIPA,CAYMA,RURAL,CARRETERA,VECINAL,AR-753,NO,-16.2819103,-71.475033,NUBLADO,RURAL,TRAMO RECTO,INCLINADA,ASFALTADA,NO,,,SI,NO IDENTIFICA LA CAUSA,
A-2022-01-120,10/01/2022,08:25,DESPISTE,1,0,0,LIMA,LIMA,SANTIAGO DE SURCO,URBANA,CARRETERA,NACIONAL,PE-1S,NO,-12.1243716273629,-76.9771992937526,DESPEJADO,RESIDENCIAL,INTERSECCIÓN,PLANA ,ASFALTADA,,,,,NO IDENTIFICA LA CAUSA,
A-2022-01-319,10/01/2022,10:30,CHOQUE,1,0,,ANCASH,SANTA,NUEVO CHIMBOTE,URBANA,CARRETERA,NACIONAL,PE-1N,NO,-9.152771,-78.50487,DESPEJADO,RESIDENCIAL,TRAMO RECTO,PLANA ,ASFALTADA,,,,,NO IDENTIFICA LA CAUSA,
A-2022-01-20,10/01/2022,14:15,DESPISTE,1,0,1,PUNO,EL COLLAO,ILAVE,RURAL,CARRETERA,VECINAL,PU-1152,NO,-16.0353966075845,-69.5752301501394,DESPEJADO,RURAL,SINUOSA,INCLINADA,ASFALTADA,,,,,IMPRUDENCIA DEL CONDUCTOR,OTRO (IMPRUDENCIA DEL CONDUCTOR)
A-2022-01-193,10/01/2022,15:00,ATROPELLO,1,0,1,LIMA,HUAURA,SAYAN,RURAL,CARRETERA,NACIONAL,PE-18,NO,-11.1879928872221,-77.3031954899224,DESPEJADO,RURAL,TRAMO RECTO,PLANA ,ASFALTADA,,,,,IMPRUDENCIA DEL PEATÓN,ESTADO DE EBRIEDAD Y/O DROGADICCIÓN
A-2022-01-232,10/01/2022,17:00,CHOQUE,2,1,2,CUSCO,ESPINAR,CONDOROMA,RURAL,CARRETERA,NACIONAL,PE-34J,NO,-15.246490395905,-71.1512566787835,DESPEJADO,RURAL,CURVA,PLANA ,ASFALTADA,SI,PREVENTIVA (P),INFORMATIVA (I),NO,IMPRUDENCIA DEL CONDUCTOR,EXCESO DE VELOCIDAD
A-2023-01-88,10/01/2023,07:30,CHOQUE,1,0,2,LAMBAYEQUE,CHICLAYO,TUMAN,RURAL,CARRETERA,VECINAL,LA-760,NO,-6.7847904,-79.6857552,DESPEJADO,RURAL,TRAMO RECTO,PLANA ,ASFALTADA,,,,,NO IDENTIFICA LA CAUSA,
A-2023-01-101,10/01/2023,08:00,DESPISTE,1,3,1,JUNIN,JUNIN,JUNIN,RURAL,CARRETERA,NACIONAL,PE-3N,NO,-11.333539,-76.0850304,DESPEJADO,RURAL,TRAMO RECTO,INCLINADA,ASFALTADA,SI,REGULADORA (R),PREVENTIVA (P),SI,,
A-2021-02-254,10/02/2021,13:00,CHOQUE,1,0,0,LIMA,LIMA,SURQUILLO,URBANA,AVENIDA,URBANO,NO CORRESPONDE,NO,-12.1177169282811,-77.008589208126,DESPEJADO,COMERCIAL,INTERSECCIÓN,PLANA ,ASFALTADA,,,,,IMPERICIA DEL CONDUCTOR,
A-2021-02-77,10/02/2021,14:45,CHOQUE,1,0,1,LA LIBERTAD,ASCOPE,CHICAMA,RURAL,CARRETERA,NACIONAL,PE-1N,NO,-7.834859,-79.157289,DESPEJADO,RURAL,TRAMO RECTO,PLANA ,ASFALTADA,,,,,IMPRUDENCIA DEL CONDUCTOR,OTRO (IMPRUDENCIA DEL CONDUCTOR)
A-2021-02-252,10/02/2021,15:30,DESPISTE,1,0,1,LIMA,LIMA,LURIN,URBANA,CARRETERA,NACIONAL,PE-1S,NO,-12.290935854275,-76.8663248419761,DESPEJADO,INDUSTRIAL,TRAMO RECTO,PLANA ,ASFALTADA,,,,,IMPRUDENCIA DEL CONDUCTOR,EXCESO DE VELOCIDAD
A-2021-02-253,10/02/2021,16:15,ATROPELLO,1,0,1,LIMA,LIMA,SAN LUIS,URBANA,AVENIDA,URBANO,NO CORRESPONDE,SI,-12.0812991743135,-76.9948831200599,DESPEJADO,RESIDENCIAL,TRAMO RECTO,PLANA ,ASFALTADA,,,,,IMPRUDENCIA DEL PEATÓN,USO DE DISPOSITIVOS MÓVILES Y/O ELECTRÓNICOS
A-2021-02-285,10/02/2021,19:40,CHOQUE FUGA,1,0,1,SAN MARTIN,MARISCAL CACERES,JUANJUI,RURAL,CARRETERA,NACIONAL,PE-5N,NO,-7.19147949420758,-76.7338905987181,SOLEADO,RURAL,OTRO,PLANA ,AFIRMADO,,,,,NO IDENTIFICA LA CAUSA,
A-2021-02-88,10/02/2021,20:30,CHOQUE,1,1,2,LA LIBERTAD,SANCHEZ CARRION,HUAMACHUCO,RURAL,CARRETERA,NACIONAL,PE-3N,NO,-7.81973,-78.028613,DESPEJADO,RURAL,TRAMO RECTO,PLANA ,AFIRMADO,,,,,NO IDENTIFICA LA CAUSA,
A-2021-02-99,10/02/2021,23:30,DESPISTE,1,0,1,CUSCO,CHUMBIVILCAS,CAPACMARCA,RURAL,CARRETERA,DEPARTAMENTAL,CU-119,NO,-13.974894,-71.962837,NUBLADO,RURAL,CURVA,PLANA ,AFIRMADO,,,,,IMPRUDENCIA DEL CONDUCTOR,FATIGA Y/O CANSANCIO
A-2022-02-38,10/02/2022,05:40,ATROPELLO,1,0,0,AREQUIPA,AREQUIPA,CERRO COLORADO,URBANA,CARRETERA,VECINAL,AR-747,NO,-16.355786,-71.566352,DESPEJADO,COMERCIAL,TRAMO RECTO,PLANA ,TROCHA,,,,,NO IDENTIFICA LA CAUSA,
A-2022-02-218,10/02/2022,06:30,ATROPELLO,1,0,0,LIMA,LIMA,CARABAYLLO,URBANA,CALLE,URBANO,NO CORRESPONDE,NO,-11.86253,-77.03923,DESPEJADO,RESIDENCIAL,INTERSECCIÓN,PLANA ,ASFALTADA,,,,,NO IDENTIFICA LA CAUSA,
A-2022-02-267,10/02/2022,09:20,ATROPELLO,1,0,1,JUNIN,HUANCAYO,HUANCAYO,URBANA,AVENIDA,URBANO,NO CORRESPONDE,NO,-12.06993,-75.204747,DESPEJADO,COMERCIAL,INTERSECCIÓN,PLANA ,ASFALTADA,,,,,IMPRUDENCIA DEL CONDUCTOR,OTRO (IMPRUDENCIA DEL CONDUCTOR)
A-2022-02-290,10/02/2022,10:00,DESPISTE,1,0,,ANCASH,CASMA,CASMA,URBANA,CARRETERA,NACIONAL,PE-1N,NO,-9.484032,-78.281749,DESPEJADO,RURAL,TRAMO RECTO,PLANA ,ASFALTADA,,,,,NO IDENTIFICA LA CAUSA,
A-2022-02-86,10/02/2022,15:40,DESPISTE,1,0,1,PUNO,PUNO,COATA,RURAL,CARRETERA,SIN CLASIFICAR,SIN CLASIFICAR,NO,-15.567,-69.949,DESPEJADO,RURAL,TRAMO RECTO,PLANA ,TROCHA,,,,,IMPRUDENCIA DEL CONDUCTOR,CONDUCIR EN ESTADO DE EBRIEDAD Y/O DROGADICCIÓN
A-2022-02-91,10/02/2022,17:00,CHOQUE,1,0,2,LA LIBERTAD,VIRU,CHAO,RURAL,CARRETERA,NACIONAL,PE-1N,NO,-8.59008045230096,-78.6681981744824,DESPEJADO,RURAL,TRAMO RECTO,PLANA ,ASFALTADA,,,,,NO IDENTIFICA LA CAUSA,
A-2023-02-47,10/02/2023,10:45,CAÍDA DE PASAJERO,1,0,,CUSCO,CUSCO,SAN JERONIMO,URBANA,CARRETERA,VECINAL,CU-1297,SI,-13.549953,-71.891092,DESPEJADO,COMERCIAL,TRAMO RECTO,PLANA ,ASFALTADA,NO,,,SI,IMPRUDENCIA DEL PASAJERO/OCUPANTE,OTRO (IMPRUDENCIA DEL PASAJERO/OCUPANTE)
A-2023-02-12,10/02/2023,11:00,CHOQUE,1,0,2,LA LIBERTAD,SANCHEZ CARRION,MARCABAL,RURAL,CARRETERA,NACIONAL,PE-3N,NO,-7.704554,-78.020546,DESPEJADO,RURAL,CURVA,INCLINADA,TROCHA,,,,,IMPRUDENCIA DEL CONDUCTOR,OTRO (IMPRUDENCIA DEL CONDUCTOR)
A-2023-02-75,10/02/2023,11:30,CHOQUE,1,0,2,LAMBAYEQUE,LAMBAYEQUE,OLMOS,RURAL,CARRETERA,NACIONAL,PE-1NJ,NO,-5.7528335,-79.8637888,DESPEJADO,RURAL,INTERSECCIÓN,PLANA ,ASFALTADA,,,,,NO IDENTIFICA LA CAUSA,
A-2023-02-128,10/02/2023,15:00,CHOQUE,2,2,2,ICA,CHINCHA,EL CARMEN,RURAL,CARRETERA,NACIONAL,PE-1SE,NO,-13.5531479,-76.1808916,DESPEJADO,RURAL,TRAMO RECTO,PLANA ,ASFALTADA,,,,,NEGLIGENCIA DEL CONDUCTOR,OTRO (NEGLIGENCIA DEL CONDUCTOR)
A-2021-03-306,10/03/2021,05:00,CHOQUE CON OBJETO FIJO,1,0,1,PIURA,TALARA,PARIÑAS,,CARRETERA,NACIONAL,PE-1N,NO,-4.5940524,-81.1739242,DESPEJADO,RURAL,TRAMO RECTO,PLANA ,ASFALTADA,,,,,INFRAESTRUCTURA Y ENTORNO VIAL,OTRO (INFRAESTRUCTURA Y ENTORNO VIAL)
A-2021-03-44,10/03/2021,07:00,DESPISTE,1,3,1,AREQUIPA,CAMANA,OCOÑA,RURAL,CARRETERA,NACIONAL,PE-1S,NO,-16.48163,-73.000389,DESPEJADO,RURAL,TRAMO RECTO,PLANA ,ASFALTADA,NO,,,SI,NO IDENTIFICA LA CAUSA,
A-2021-03-363,10/03/2021,10:00,DESPISTE,2,0,1,PIURA,PAITA,LA HUACA,RURAL,CARRETERA,NACIONAL,PE-02,NO,-5.11413,-80.88071,DESPEJADO,RURAL,TRAMO RECTO,PLANA ,ASFALTADA,,,,,NO IDENTIFICA LA CAUSA,
A-2022-03-132,10/03/2022,06:10,CHOQUE,1,0,2,PUNO,AZANGARO,SAN JUAN DE SALINAS,RURAL,CARRETERA,DEPARTAMENTAL,PU-153,NO,-14.9724850654161,-70.1497808683695,DESPEJADO,RURAL,CURVA,PLANA ,AFIRMADO,,,,,IMPRUDENCIA DEL CONDUCTOR,CONDUCIR EN SENTIDO CONTRARIO
A-2022-03-234,10/03/2022,15:00,DESPISTE,1,0,,ANCASH,PALLASCA,PALLASCA,RURAL,CARRETERA,NACIONAL,PE-3N,NO,-8.2682283163165,-77.9904810584231,DESPEJADO,RURAL,SINUOSA,INCLINADA,TROCHA,,,,,NO IDENTIFICA LA CAUSA,
A-2022-03-16,10/03/2022,18:00,CHOQUE,1,0,1,PUNO,PUNO,CAPACHICA,RURAL,CARRETERA,VECINAL,PU-926,NO,-15.6731266282233,-69.8492878422564,DESPEJADO,RURAL,TRAMO RECTO,PLANA ,ASFALTADA,,,,,IMPRUDENCIA DEL CONDUCTOR,OTRO (IMPRUDENCIA DEL CONDUCTOR)
A-2022-03-253,10/03/2022,20:00,CHOQUE FUGA,1,0,,LIMA,LIMA,SAN MARTIN DE PORRES,URBANA,CARRETERA,NACIONAL,PE-20F,,-11.949566403461,-77.0858316969476,,,,,,,,,,,
A-2022-03-77,10/03/2022,23:30,DESPISTE,1,0,1,LA LIBERTAD,VIRU,VIRU,RURAL,CARRETERA,VECINAL,LI-1122,NO,-8.46095040419136,-78.8555449116959,DESPEJADO,RURAL,TRAMO RECTO,PLANA ,AFIRMADO,,,,,NO IDENTIFICA LA CAUSA,
A-2023-03-163,10/03/2023,18:30,ATROPELLO,1,0,,TACNA,TACNA,LA YARADA LOS PALOS,URBANA,CARRETERA,VECINAL,TA-644,NO,-18.28434,-70.4373,DESPEJADO,COMERCIAL,TRAMO RECTO,PLANA ,ASFALTADA,,,,,IMPRUDENCIA DEL PEATÓN,CRUCE INDEBIDO POR LA CALZADA
A-2023-03-99,10/03/2023,19:30,VOLCADURA,1,0,1,LORETO,MAYNAS,SAN JUAN BAUTISTA,RURAL,CALLE,URBANO,NO CORRESPONDE,NO,-3.767798,-73.291104,DESPEJADO,RURAL,INTERSECCIÓN,PLANA ,AFIRMADO,,,,,IMPRUDENCIA DEL CONDUCTOR,OTRO (IMPRUDENCIA DEL CONDUCTOR)
A-2023-03-80,10/03/2023,20:20,CHOQUE,1,0,2,ICA,PISCO,INDEPENDENCIA,RURAL,CARRETERA,NACIONAL,PE-28A,NO,-13.7044251294514,-75.9920967816109,VENTARRÓN,RURAL,TRAMO RECTO,PLANA ,ASFALTADA,,,,,NO IDENTIFICA LA CAUSA,
A-2021-04-44,10/04/2021,04:00,DESPISTE,1,0,1,CUSCO,CANAS,PAMPAMARCA,RURAL,CARRETERA,NACIONAL,PE-34F,SI,-14.1240416950768,-71.4593840995662,NUBLADO,RURAL,TRAMO RECTO,INCLINADA,ASFALTADA,,,,,IMPRUDENCIA DEL CONDUCTOR,EXCESO DE VELOCIDAD
A-2021-04-235,10/04/2021,08:00,ATROPELLO,1,0,,LIMA,LIMA,COMAS,URBANA,AVENIDA,URBANO,NO CORRESPONDE,NO,-11.936976,-77.057317,DESPEJADO,COMERCIAL,TRAMO RECTO,PLANA ,ASFALTADA,,,,,IMPRUDENCIA DEL CONDUCTOR,OTRO (IMPRUDENCIA DEL CONDUCTOR)
A-2021-04-80,10/04/2021,08:00,DESPISTE,1,0,1,PIURA,PIURA,LA ARENA,RURAL,CARRETERA,SIN CLASIFICAR,SIN CLASIFICAR,NO,-5.327202,-80.709734,DESPEJADO,RURAL,OTRO,PLANA ,AFIRMADO,,,,,,
A-2021-04-214,10/04/2021,09:40,ATROPELLO,1,0,1,LAMBAYEQUE,CHICLAYO,PIMENTEL,,CARRETERA,NACIONAL,PE-1N,NO,-6.779284,-79.8729521,LLUVIOSO,RESIDENCIAL,TRAMO RECTO,PLANA ,ASFALTADA,,,,,NO IDENTIFICA LA CAUSA,
A-2021-04-91,10/04/2021,10:30,ATROPELLO,1,0,0,PUNO,MOHO,HUAYRAPATA,URBANA,JIRÓN,URBANO,NO CORRESPONDE,NO,-15.32126358,-69.34099316,DESPEJADO,RESIDENCIAL,TRAMO RECTO,PLANA ,CONCRETO,,,,,IMPRUDENCIA DEL PEATÓN,CRUCE INDEBIDO POR LA CALZADA
A-2021-04-122,10/04/2021,14:00,ATROPELLO FUGA,1,0,0,APURIMAC,ANDAHUAYLAS,JOSE MARIA ARGUEDAS,RURAL,CARRETERA,NACIONAL,PE-30B,NO,-13.770326,-73.35418,NUBLADO,RURAL,TRAMO RECTO,PLANA ,TROCHA,,,,,NO IDENTIFICA LA CAUSA,
A-2021-04-239,10/04/2021,14:30,DESPISTE,1,6,,LIMA,LIMA,LIMA,URBANA,AVENIDA,URBANO,NO CORRESPONDE,NO,-12.046567,-77.045112,SOLEADO,INDUSTRIAL,TRAMO RECTO,PLANA ,ASFALTADA,,,,,NEGLIGENCIA DEL CONDUCTOR,OTRO (NEGLIGENCIA DEL CONDUCTOR)
A-2021-04-317,10/04/2021,15:00,ATROPELLO,1,0,1,HUANUCO,HUANUCO,AMARILIS,RURAL,CARRETERA,NACIONAL,PE-18A,NO,-9.888402,-76.207281,DESPEJADO,COMERCIAL,TRAMO RECTO,INCLINADA,ASFALTADA,,,,,IMPRUDENCIA DEL PEATÓN,CRUCE INDEBIDO POR LA CALZADA
A-2021-04-49,10/04/2021,15:15,ATROPELLO FUGA,1,0,0,TACNA,TACNA,ALTO DE LA ALIANZA,URBANA,AVENIDA,URBANO,NO CORRESPONDE,NO,-17.994464,-70.251829,SOLEADO,COMERCIAL,TRAMO RECTO,INCLINADA,ASFALTADA,,,,,IMPRUDENCIA DEL PEATÓN,CRUCE INDEBIDO POR LA CALZADA
A-2021-04-82,10/04/2021,16:00,CHOQUE,1,2,0,JUNIN,JAUJA,CURICACA,URBANA,CARRETERA,NACIONAL,PE-3S,NO,-11.814453,-75.614052,LLUVIOSO,RURAL,CURVA,INCLINADA,ASFALTADA,SI,REGULADORA (R),PREVENTIVA (P),NO,,
A-2021-04-46,10/04/2021,18:35,ATROPELLO,1,0,1,CUSCO,CUSCO,SANTIAGO,RURAL,CARRETERA,NACIONAL,PE-3SA,NO,-13.60298,-71.956285,DESPEJADO,RURAL,TRAMO RECTO,INCLINADA,ASFALTADA,SI,PREVENTIVA (P),,SI,IMPRUDENCIA DEL CONDUCTOR,EXCESO DE VELOCIDAD
A-2021-04-43,10/04/2021,22:00,CHOQUE CON OBJETO FIJO,1,2,3,AREQUIPA,AREQUIPA,CERRO COLORADO,URBANA,CARRETERA,DEPARTAMENTAL,AR-123,NO,-16.349449,-71.609067,DESPEJADO,RESIDENCIAL,TRAMO RECTO,INCLINADA,ASFALTADA,,,,,IMPRUDENCIA DEL CONDUCTOR,EXCESO DE VELOCIDAD
A-2021-04-39,10/04/2021,22:30,CHOQUE,1,2,3,CALLAO,CALLAO,MI PERU,URBANA,AVENIDA,URBANO,NO CORRESPONDE,NO,-11.8562841913456,-77.121285172162,DESPEJADO,RESIDENCIAL,TRAMO RECTO,INCLINADA,ASFALTADA,,,,,IMPRUDENCIA DEL CONDUCTOR,OTRO (IMPRUDENCIA DEL CONDUCTOR)
A-2022-04-87,10/04/2022,00:10,CHOQUE FUGA,1,1,,LAMBAYEQUE,CHICLAYO,CHONGOYAPE,RURAL,CARRETERA,NACIONAL,PE-06A,NO,-6.675546,-79.439688,NUBLADO,RURAL,TRAMO RECTO,PLANA ,ASFALTADA,,,,,NO IDENTIFICA LA CAUSA,
A-2022-04-158,10/04/2022,01:20,ATROPELLO,1,0,,LAMBAYEQUE,LAMBAYEQUE,MOTUPE,URBANA,CARRETERA,SIN CLASIFICAR,SIN CLASIFICAR,NO,-6.172226,-79.70729,DESPEJADO,RESIDENCIAL,TRAMO RECTO,PLANA ,ASFALTADA,,,,,NO IDENTIFICA LA CAUSA,
A-2022-04-22,10/04/2022,02:00,ATROPELLO FUGA,1,0,0,PUNO,PUNO,PAUCARCOLLA,RURAL,CARRETERA,NACIONAL,PE-3S,NO,-15.7325123,-70.0578456,DESPEJADO,RURAL,TRAMO RECTO,PLANA ,ASFALTADA,,,,,NO IDENTIFICA LA CAUSA,
A-2022-04-66,10/04/2022,05:50,CHOQUE FUGA,1,0,1,SAN MARTIN,LAMAS,ALONSO DE ALVARADO,URBANA,CARRETERA,NACIONAL,PE-5N,NO,-6.245819,-76.784112,DESPEJADO,RESIDENCIAL,TRAMO RECTO,PLANA ,ASFALTADA,,,,,NO IDENTIFICA LA CAUSA,
A-2022-04-36,10/04/2022,08:30,DESPISTE,1,1,1,TUMBES,ZARUMILLA,AGUAS VERDES,RURAL,CARRETERA,NACIONAL,PE-1NO,NO,-3.48292125001106,-80.2544043030435,SOLEADO,RURAL,CURVA,PLANA ,ASFALTADA,,,,,IMPRUDENCIA DEL CONDUCTOR,CONDUCIR EN ESTADO DE EBRIEDAD Y/O DROGADICCIÓN
A-2022-04-235,10/04/2022,14:30,ATROPELLO,1,0,,LIMA,LIMA,ATE,URBANA,AVENIDA,URBANO,NO CORRESPONDE,,-12.0296231,-76.9279576,,,,,,,,,,,
A-2022-04-159,10/04/2022,18:00,CHOQUE,1,1,,LAMBAYEQUE,CHICLAYO,CHICLAYO,URBANA,AVENIDA,URBANO,NO CORRESPONDE,NO,-6.78138,-79.8371,DESPEJADO,RESIDENCIAL,INTERSECCIÓN,PLANA ,ASFALTADA,,,,,NO IDENTIFICA LA CAUSA,
A-2022-04-215,10/04/2022,18:00,DESPISTE,1,0,,APURIMAC,AYMARAES,COTARUSE,RURAL,CARRETERA,SIN CLASIFICAR,SIN CLASIFICAR,,-14.519135129185,-73.2750260502469,,,,,,,,,,,
A-2022-04-50,10/04/2022,18:30,CHOQUE,2,1,2,CAJAMARCA,CAJAMARCA,ENCAÑADA,URBANA,CARRETERA,NACIONAL,PE-08B,NO,-7.11869881,-78.33576852,LLUVIOSO,RURAL,TRAMO RECTO,PLANA ,ASFALTADA,,,,,NO IDENTIFICA LA CAUSA,
A-2023-04-159,10/04/2023,07:30,CHOQUE,3,14,4,JUNIN,JAUJA,SINCOS,RURAL,CARRETERA,NACIONAL,PE-3SB,NO,-11.9025735440747,-75.3685824988719,DESPEJADO,RURAL,TRAMO RECTO,PLANA ,ASFALTADA,NO,,,SI,IMPRUDENCIA DEL CONDUCTOR,CONDUCIR EN SENTIDO CONTRARIO
A-2023-04-87,10/04/2023,08:00,DESPISTE,1,0,1,LA LIBERTAD,BOLIVAR,CONDORMARCA,RURAL,CARRETERA,DEPARTAMENTAL,LI-125,NO,-7.640772,-77.593219,DESPEJADO,RURAL,TRAMO RECTO,PLANA ,ASFALTADA,,,,,NO IDENTIFICA LA CAUSA,
A-2023-04-8,10/04/2023,10:30,ATROPELLO,1,0,1,CALLAO,CALLAO,VENTANILLA,URBANA,CARRETERA,NACIONAL,PE-20,NO,-11.8422772,-77.117893717,DESPEJADO,COMERCIAL,TRAMO RECTO,PLANA ,ASFALTADA,SI,INFORMATIVA (I),,SI,IMPRUDENCIA DEL CONDUCTOR,OTRO (IMPRUDENCIA DEL CONDUCTOR)
A-2023-04-112,10/04/2023,14:10,DESPISTE,1,2,2,ICA,CHINCHA,EL CARMEN,RURAL,CARRETERA,NACIONAL,PE-1S,NO,-13.555856,-76.133447,DESPEJADO,RURAL,TRAMO RECTO,PLANA ,ASFALTADA,SI,INFORMATIVA (I),,NO,IMPRUDENCIA DEL CONDUCTOR,FATIGA Y/O CANSANCIO
A-2023-04-80,10/04/2023,20:00,CHOQUE,1,0,2,PUNO,HUANCANE,PUSI,RURAL,CARRETERA,NACIONAL,PE-34H,NO,-15.4012999,-70.0640514,DESPEJADO,RURAL,TRAMO RECTO,PLANA ,ASFALTADA,,,,,IMPRUDENCIA DEL CONDUCTOR,EXCESO DE VELOCIDAD
A-2021-05-28,10/05/2021,01:00,DESPISTE,1,0,1,PUNO,CHUCUITO,HUACULLANI,RURAL,CARRETERA,NACIONAL,PE-3S,NO,-16.6205146226441,-69.4056827512442,DESPEJADO,RURAL,TRAMO RECTO,PLANA ,ASFALTADA,,,,,INFRAESTRUCTURA Y ENTORNO VIAL,SUPERFICIE DETERIORADA
A-2021-05-174,10/05/2021,06:00,DESPISTE,2,0,1,LAMBAYEQUE,CHICLAYO,LAGUNAS,RURAL,CARRETERA,NACIONAL,PE-1N,NO,-6.974972,-79.672524,NUBLADO,RURAL,TRAMO RECTO,PLANA ,ASFALTADA,,,,,NO IDENTIFICA LA CAUSA,
A-2021-05-58,10/05/2021,07:00,DESPISTE,1,0,1,LAMBAYEQUE,LAMBAYEQUE,MORROPE,RURAL,CARRETERA,NACIONAL,PE-1N,NO,-6.52515504198444,-80.0404374275836,DESPEJADO,RURAL,OTRO,PLANA ,ASFALTADA,SI,PREVENTIVA (P),PREVENTIVA (P),NO,NO IDENTIFICA LA CAUSA,
A-2021-05-78,10/05/2021,13:00,ATROPELLO,1,0,0,APURIMAC,CHINCHEROS,ROCCHACC,URBANA,AVENIDA,URBANO,NO CORRESPONDE,NO,-13.4404845,-73.5999776,SOLEADO,COMERCIAL,TRAMO RECTO,PLANA ,TROCHA,,,,,IMPRUDENCIA DEL CONDUCTOR,OTRO (IMPRUDENCIA DEL CONDUCTOR)
A-2021-05-194,10/05/2021,18:12,CHOQUE,1,0,2,PUNO,AZANGARO,SAN ANTON,RURAL,CARRETERA,NACIONAL,PE-34B,NO,-14.5411033,-70.2900262,DESPEJADO,RURAL,TRAMO RECTO,PLANA ,ASFALTADA,,,,,IMPRUDENCIA DEL CONDUCTOR,EXCESO DE VELOCIDAD