CODIGO_SINIESTRO,FECHA_SINIESTRO,HORA_SINIESTRO,CLASE_SINIESTRO,CANTIDAD_DE_FALLECIDOS,CANTIDAD_DE_LESIONADOS,CANTIDAD_DE_VEHICULOS_DANADOS,DEPARTAMENTO,PROVINCIA,DISTRITO,ZONA,TIPO_DE_VIA,RED_VIAL,COD_CARRETERA,EXISTE_CICLOVIA,COORDENADAS_LATITUD,COORDENADAS_LONGITUD,CONDICION_CLIMATICA,ZONIFICACION,CARACTERISTICAS_DE_VIA,PERFIL_LONGITUDINAL_VIA,SUPERFICIE_DE_CALZADA,EXISTE_SENAL_VERTICAL,CLASIFICACION_DE_LA_SENAL_VERTICAL_N_1,CLASIFICACION_DE_LA_SENAL_VERTICAL_N_2,EXISTE_SENAL_HORIZONTAL,CAUSA_FACTOR_PRINCIPAL,CAUSA_ESPECIFICA
A-2022-08-15,10/08/2022,12:00,CHOQUE,1,2,2,AREQUIPA,AREQUIPA,MIRAFLORES,URBANA,CALLE,URBANO,NO CORRESPONDE,NO,-16.3861421,-71.5178437,DESPEJADO,ESCOLAR,TRAMO RECTO,INCLINADA,ASFALTADA,NO,,,SI,NO IDENTIFICA LA CAUSA,
A-2022-08-28,10/08/2022,15:00,CHOQUE,2,1,2,LA LIBERTAD,VIRU,CHAO,RURAL,CARRETERA,NACIONAL,PE-1N,NO,-8.499772,-78.690465,DESPEJADO,RURAL,TRAMO RECTO,PLANA ,ASFALTADA,,,,,IMPRUDENCIA DEL CONDUCTOR,ADELANTAR INDEBIDAMENTE
A-2022-08-207,10/08/2022,19:20,CHOQUE FUGA,1,0,1,LIMA,HUAURA,SAYAN,RURAL,CARRETERA,VECINAL,LM-665,NO,-11.24199,-77.36301,DESPEJADO,RURAL,TRAMO RECTO,PLANA ,ASFALTADA,,,,,NO IDENTIFICA LA CAUSA,
A-2022-08-30,10/08/2022,22:30,CHOQUE,2,0,2,LA LIBERTAD,ASCOPE,CHOCOPE,RURAL,CARRETERA,NACIONAL,PE-1N,NO,-7.772321,-79.255668,DESPEJADO,RURAL,CURVA,PLANA ,ASFALTADA,,,,,IMPRUDENCIA DEL CONDUCTOR,ADELANTAR INDEBIDAMENTE
A-2023-08-82,10/08/2023,07:00,DESPISTE,1,0,,PIURA,PIURA,PIURA,URBANA,AVENIDA,URBANO,NO CORRESPONDE,NO,-5.149425,-80.661211,DESPEJADO,RURAL,TRAMO RECTO,PLANA ,ASFALTADA,,,,,IMPRUDENCIA DEL CONDUCTOR,EXCESO DE VELOCIDAD
A-2023-08-47,10/08/2023,11:00,DESPISTE,2,1,1,CUSCO,CHUMBIVILCAS,COLQUEMARCA,RURAL,CARRETERA,VECINAL,CU-119B,NO,-14.2355845115201,-72.0137610556963,DESPEJADO,RURAL,CURVA,PLANA ,AFIRMADO,,,,,IMPRUDENCIA DEL CONDUCTOR,EXCESO DE VELOCIDAD
A-2023-08-51,10/08/2023,17:00,ATROPELLO,1,0,1,LA LIBERTAD,TRUJILLO,SALAVERRY,RURAL,CARRETERA,NACIONAL,PE-1N,NO,-8.18576435588753,-78.9828852519897,DESPEJADO,RURAL,TRAMO RECTO,PLANA ,ASFALTADA,,,,,NO IDENTIFICA LA CAUSA,
A-2023-08-19,10/08/2023,18:30,ATROPELLO FUGA,1,1,1,AREQUIPA,CAYLLOMA,MAJES,RURAL,CARRETERA,SIN CLASIFICAR,SIN CLASIFICAR,NO,-16.32006,-72.226962,DESPEJADO,RURAL,TRAMO RECTO,PLANA ,ASFALTADA,,,,,EN PROCESO DE INVESTIGACIÓN,NO CUENTA CON CAUSA ESPECIFICA
A-2023-08-46,10/08/2023,19:13,ATROPELLO,1,0,,TUMBES,ZARUMILLA,AGUAS VERDES,URBANA,CARRETERA,NACIONAL,PE-1N,NO,-3.48568952744905,-80.2609521695802,DESPEJADO,RURAL,TRAMO RECTO,PLANA ,ASFALTADA,,,,,IMPRUDENCIA DEL PEATÓN,ESTADO DE EBRIEDAD Y/O DROGADICCIÓN
A-2023-08-34,10/08/2023,19:30,DESPISTE,1,0,1,ANCASH,RECUAY,CATAC,RURAL,CARRETERA,NACIONAL,PE-3N,NO,-9.8028391,-77.434473,DESPEJADO,RURAL,TRAMO RECTO,PLANA ,CONCRETO,,,,,IMPERICIA DEL CONDUCTOR,
A-2021-09-183,10/09/2021,06:15,CHOQUE,1,0,2,LIMA,HUAURA,SANTA MARIA,URBANA,AVENIDA,URBANO,NO CORRESPONDE,NO,-11.0938278969931,-77.5840668080741,DESPEJADO,RESIDENCIAL,TRAMO RECTO,PLANA ,ASFALTADA,,,,,IMPRUDENCIA DEL CONDUCTOR,EXCESO DE VELOCIDAD
A-2021-09-286,10/09/2021,19:00,ATROPELLO,1,0,1,JUNIN,JAUJA,LEONOR ORDOÑEZ,RURAL,CARRETERA,NACIONAL,PE-3SB,NO,-11.8742168,-75.4044973,DESPEJADO,RURAL,TRAMO RECTO,PLANA ,ASFALTADA,,,,,IMPRUDENCIA DEL PEATÓN,CRUCE INDEBIDO POR LA CALZADA
A-2021-09-39,10/09/2021,23:30,VOLCADURA,1,0,1,PIURA,PIURA,VEINTISEIS DE OCTUBRE,URBANA,AVENIDA,URBANO,NO CORRESPONDE,SI,-5.1801321,-80.6552988,DESPEJADO,RESIDENCIAL,TRAMO RECTO,INCLINADA,ASFALTADA,SI,PREVENTIVA (P),REGULADORA (R),SI,NO IDENTIFICA LA CAUSA,
A-2022-09-274,10/09/2022,01:20,CHOQUE,1,0,,LIMA,LIMA,CARABAYLLO,URBANA,AVENIDA,URBANO,NO CORRESPONDE,NO,-11.88510591,-77.02328814,DESPEJADO,COMERCIAL,SINUOSA,INCLINADA,ASFALTADA,,,,,EN PROCESO DE INVESTIGACIÓN,NO CUENTA CON CAUSA ESPECIFICA
A-2022-09-174,10/09/2022,05:30,CHOQUE,1,0,1,CAJAMARCA,SAN MARCOS,PEDRO GALVEZ,URBANA,CARRETERA,NACIONAL,PE-1N,NO,-7.33602,-78.17049,DESPEJADO,RESIDENCIAL,TRAMO RECTO,PLANA ,ASFALTADA,,,,,NO IDENTIFICA LA CAUSA,
A-2022-09-175,10/09/2022,06:00,DESPISTE,1,3,1,CAJAMARCA,CELENDIN,JOSE GALVEZ,RURAL,CARRETERA,NACIONAL,PE-08B,NO,-6.941962,-78.190139,DESPEJADO,RURAL,CURVA,PLANA ,ASFALTADA,,,,,NO IDENTIFICA LA CAUSA,
A-2022-09-232,10/09/2022,07:35,CHOQUE,1,2,,JUNIN,TARMA,LA UNION,RURAL,CARRETERA,NACIONAL,PE-3N,NO,-11.3748509325902,-75.8815438509827,DESPEJADO,RURAL,TRAMO RECTO,PLANA ,ASFALTADA,NO,,,SI,IMPRUDENCIA DEL CONDUCTOR,GIRAR IMPRUDENTEMENTE
A-2022-09-221,10/09/2022,16:00,ATROPELLO,1,0,1,HUANUCO,HUANUCO,CHURUBAMBA,RURAL,CARRETERA,NACIONAL,PE-18A,NO,-9.8401208,-76.1265132,DESPEJADO,RURAL,PASE A DESNIVEL,INCLINADA,ASFALTADA,,,,,IMPRUDENCIA DEL PEATÓN,CRUCE INDEBIDO POR LA CALZADA
A-2022-09-172,10/09/2022,17:15,CHOQUE,1,2,2,LAMBAYEQUE,LAMBAYEQUE,OLMOS,RURAL,CARRETERA,NACIONAL,PE-1N,NO,-6.3143388,-80.2453331,DESPEJADO,RURAL,TRAMO RECTO,PLANA ,ASFALTADA,,,,,NO IDENTIFICA LA CAUSA,
A-2022-09-82,10/09/2022,17:56,CHOQUE,5,0,2,CUSCO,PAUCARTAMBO,COLQUEPATA,RURAL,CARRETERA,DEPARTAMENTAL,CU-113,NO,-13.4165393,-71.6327733,DESPEJADO,RURAL,TRAMO RECTO,PLANA ,ASFALTADA,,,,,IMPRUDENCIA DEL CONDUCTOR,FATIGA Y/O CANSANCIO
A-2022-09-210,10/09/2022,18:00,ATROPELLO,1,1,1,PIURA,MORROPON,SALITRAL,RURAL,CARRETERA,NACIONAL,PE-02A,NO,-5.435089,-79.767511,DESPEJADO,RURAL,TRAMO RECTO,PLANA ,ASFALTADA,,,,,,
A-2022-09-185,10/09/2022,18:45,CHOQUE FUGA,1,0,2,UCAYALI,CORONEL PORTILLO,YARINACOCHA,RURAL,JIRÓN,URBANO,NO CORRESPONDE,NO,-8.353281,-74.583656,DESPEJADO,RURAL,CURVA,INCLINADA,CONCRETO,SI,PREVENTIVA (P),REGULADORA (R),NO,,
A-2022-09-255,10/09/2022,20:30,ATROPELLO,2,0,1,ICA,CHINCHA,EL CARMEN,RURAL,CARRETERA,NACIONAL,PE-1SE,NO,-13.57847387,-76.17195543,DESPEJADO,RURAL,TRAMO RECTO,PLANA ,ASFALTADA,,,,,EN PROCESO DE INVESTIGACIÓN,NO CUENTA CON CAUSA ESPECIFICA
A-2023-09-93,10/09/2023,10:30,CHOQUE,1,1,,PIURA,PIURA,CATACAOS,RURAL,CARRETERA,VECINAL,PI-1023,NO,-5.317156,-80.664956,DESPEJADO,RURAL,TRAMO RECTO,PLANA ,ASFALTADA,,,,,,
A-2023-09-7,10/09/2023,10:45,DESPISTE,1,4,1,AMAZONAS,LUYA,SANTA CATALINA,URBANA,CARRETERA,NACIONAL,PE-1N,NO,-6.078438,-78.126134,DESPEJADO,RURAL,CURVA,INCLINADA,TROCHA,,,,,EN PROCESO DE INVESTIGACIÓN,NO CUENTA CON CAUSA ESPECIFICA
A-2023-09-65,10/09/2023,13:40,ATROPELLO FUGA,1,0,,LA LIBERTAD,VIRU,VIRU,RURAL,CARRETERA,NACIONAL,PE-1N,NO,-8.40655,-78.822965,DESPEJADO,RURAL,TRAMO RECTO,PLANA ,ASFALTADA,,,,,NO IDENTIFICA LA CAUSA,
A-2023-09-67,10/09/2023,14:00,DESPISTE,1,0,1,LA LIBERTAD,CHEPEN,PACANGA,RURAL,CARRETERA,VECINAL,LI-524,NO,-7.15381838285581,-79.3841985841337,DESPEJADO,COMERCIAL,TRAMO RECTO,PLANA ,ASFALTADA,,,,,IMPRUDENCIA DEL CONDUCTOR,CONDUCIR EN ESTADO DE EBRIEDAD Y/O DROGADICCIÓN
A-2023-09-125,10/09/2023,18:20,ATROPELLO,1,0,,LIMA,LIMA,BREÑA,URBANA,JIRÓN,URBANO,NO CORRESPONDE,NO,-12.05928678,-77.04611754,DESPEJADO,COMERCIAL,TRAMO RECTO,PLANA ,ASFALTADA,,,,,IMPRUDENCIA DEL CONDUCTOR,OTRO (IMPRUDENCIA DEL CONDUCTOR)
A-2021-10-31,10/10/2021,01:00,ATROPELLO FUGA,1,0,0,AREQUIPA,CAMANA,MARISCAL CACERES,RURAL,CARRETERA,NACIONAL,PE-1S,NO,-16.5905649357564,-72.7873720798708,DESPEJADO,RURAL,TRAMO RECTO,PLANA ,ASFALTADA,,,,,NO IDENTIFICA LA CAUSA,
A-2021-10-272,10/10/2021,02:30,DESPISTE,1,0,,JUNIN,CHANCHAMAYO,CHANCHAMAYO,RURAL,CARRETERA,NACIONAL,PE-5S,,-10.9492926531988,-75.2594505933653,,,,,,,,,,,
A-2021-10-76,10/10/2021,03:30,DESPISTE,2,1,1,LA LIBERTAD,PATAZ,PATAZ,RURAL,CARRETERA,VECINAL,LI-860,NO,-7.761307,-77.581554,DESPEJADO,RURAL,TRAMO RECTO,PLANA ,TROCHA,,,,,NO IDENTIFICA LA CAUSA,
A-2021-10-75,10/10/2021,05:30,ATROPELLO,1,0,1,LA LIBERTAD,TRUJILLO,SALAVERRY,RURAL,CARRETERA,NACIONAL,PE-1N,NO,-8.344752,-78.884327,DESPEJADO,RURAL,TRAMO RECTO,PLANA ,ASFALTADA,,,,,NO IDENTIFICA LA CAUSA,
A-2021-10-30,10/10/2021,09:35,CHOQUE,1,0,0,TACNA,TACNA,LA YARADA LOS PALOS,RURAL,AVENIDA,URBANO,NO CORRESPONDE,NO,-18.1654918301534,-70.4587983089308,DESPEJADO,RURAL,TRAMO RECTO,PLANA ,ASFALTADA,SI,PREVENTIVA (P),PREVENTIVA (P),NO,NO IDENTIFICA LA CAUSA,
A-2021-10-226,10/10/2021,10:00,DESPISTE,1,0,1,PIURA,SULLANA,SULLANA,RURAL,CARRETERA,VECINAL,PI-579,NO,-4.891034,-80.641044,DESPEJADO,RURAL,TRAMO RECTO,PLANA ,AFIRMADO,,,,,NO IDENTIFICA LA CAUSA,
A-2021-10-224,10/10/2021,12:30,DESPISTE,1,0,1,JUNIN,CHANCHAMAYO,PERENE,RURAL,CARRETERA,NACIONAL,PE-5S,NO,-10.9507342866191,-75.2238280532485,DESPEJADO,RURAL,TRAMO RECTO,PLANA ,ASFALTADA,,,,,NO IDENTIFICA LA CAUSA,
A-2021-10-274,10/10/2021,12:40,CHOQUE,1,0,2,SAN MARTIN,SAN MARTIN,JUAN GUERRA,RURAL,CARRETERA,NACIONAL,PE-5N,NO,-6.58914,-76.30856,DESPEJADO,RURAL,TRAMO RECTO,PLANA ,ASFALTADA,NO,,,SI,IMPRUDENCIA DEL CONDUCTOR,CONDUCIR EN ESTADO DE EBRIEDAD Y/O DROGADICCIÓN
A-2021-10-147,10/10/2021,20:00,ATROPELLO FUGA,1,0,,CUSCO,ANTA,ANTA,RURAL,CARRETERA,NACIONAL,PE-3S,NO,-13.4855,-72.198328,DESPEJADO,RURAL,TRAMO RECTO,PLANA ,ASFALTADA,,,,,IMPRUDENCIA DEL PEATÓN,ESTADO DE EBRIEDAD Y/O DROGADICCIÓN
A-2021-10-158,10/10/2021,22:35,CHOQUE,1,1,2,UCAYALI,CORONEL PORTILLO,YARINACOCHA,URBANA,CALLE,URBANO,NO CORRESPONDE,NO,-8.37454075660122,-74.5653408403693,DESPEJADO,COMERCIAL,CURVA,PLANA ,CONCRETO,,,,,IMPRUDENCIA DEL CONDUCTOR,EXCESO DE VELOCIDAD
A-2021-10-44,10/10/2021,22:40,ATROPELLO,1,0,1,ICA,ICA,SANTIAGO,RURAL,CARRETERA,NACIONAL,PE-1S,NO,-14.2039360839656,-75.71465816079,DESPEJADO,RURAL,TRAMO RECTO,PLANA ,ASFALTADA,,,,,NO IDENTIFICA LA CAUSA,
A-2022-10-103,10/10/2022,00:00,CHOQUE,1,4,2,LAMBAYEQUE,CHICLAYO,CHONGOYAPE,RURAL,CARRETERA,NACIONAL,PE-06A,NO,-6.6899555,-79.4646875,DESPEJADO,RURAL,TRAMO RECTO,PLANA ,ASFALTADA,,,,,NO IDENTIFICA LA CAUSA,
A-2022-10-111,10/10/2022,02:00,CHOQUE,1,0,1,CAJAMARCA,JAEN,JAEN,URBANA,CARRETERA,NACIONAL,PE-5N,NO,-5.7047076,-78.8041574,DESPEJADO,RESIDENCIAL,TRAMO RECTO,PLANA ,ASFALTADA,,,,,NO IDENTIFICA LA CAUSA,
A-2022-10-137,10/10/2022,08:00,ATROPELLO,1,0,,LIMA,LIMA,LURIGANCHO,RURAL,AVENIDA,URBANO,NO CORRESPONDE,NO,-11.9969093692338,-76.917090933546,SOLEADO,RURAL,INTERSECCIÓN,PLANA ,TROCHA,,,,,NO IDENTIFICA LA CAUSA,
A-2022-10-136,10/10/2022,10:20,ATROPELLO,1,0,,LIMA,LIMA,MIRAFLORES,URBANA,AVENIDA,URBANO,NO CORRESPONDE,NO,-12.1305236589791,-77.0195406313238,DESPEJADO,RESIDENCIAL,TRAMO RECTO,PLANA ,ASFALTADA,,,,,NO IDENTIFICA LA CAUSA,
A-2022-10-138,10/10/2022,13:40,ATROPELLO,1,0,,LIMA,LIMA,LOS OLIVOS,URBANA,AVENIDA,URBANO,NO CORRESPONDE,NO,-11.9486093347323,-77.0806037855088,DESPEJADO,COMERCIAL,INTERSECCIÓN,PLANA ,ASFALTADA,,,,,NO IDENTIFICA LA CAUSA,
A-2022-10-177,10/10/2022,14:00,ATROPELLO,1,0,,JUNIN,HUANCAYO,EL TAMBO,URBANA,CARRETERA,NACIONAL,PE-3S,NO,-12.056469,-75.223212,DESPEJADO,COMERCIAL,TRAMO RECTO,PLANA ,ASFALTADA,,,,,IMPRUDENCIA DEL PEATÓN,OTRO (IMPRUDENCIA DEL PEATÓN)
A-2022-10-112,10/10/2022,14:20,ATROPELLO,1,0,,AYACUCHO,HUAMANGA,AYACUCHO,URBANA,AVENIDA,URBANO,NO CORRESPONDE,NO,-13.15671563,-74.23178522,DESPEJADO,RESIDENCIAL,TRAMO RECTO,PLANA ,ASFALTADA,,,,,IMPRUDENCIA DEL CONDUCTOR,NO DAR PASO PREFERENTE AL PEATÓN
A-2022-10-108,10/10/2022,17:35,DESPISTE,1,1,1,LAMBAYEQUE,LAMBAYEQUE,MOCHUMI,RURAL,CARRETERA,VECINAL,LA-610,NO,-6.5340993,-79.8511198,DESPEJADO,RURAL,TRAMO RECTO,PLANA ,TROCHA,,,,,NO IDENTIFICA LA CAUSA,
A-2022-10-95,10/10/2022,18:50,ATROPELLO,1,0,1,TACNA,TACNA,ALTO DE LA ALIANZA,URBANA,CARRETERA,NACIONAL,PE-38,NO,-17.988221,-70.249818,DESPEJADO,COMERCIAL,TRAMO RECTO,PLANA ,ASFALTADA,,,,,IMPRUDENCIA DEL CONDUCTOR,OTRO (IMPRUDENCIA DEL CONDUCTOR)
A-2023-10-38,10/10/2023,01:45,DESPISTE,2,2,1,LA LIBERTAD,TRUJILLO,HUANCHACO,URBANA,AVENIDA,URBANO,NO CORRESPONDE,NO,-8.0988506,-79.067713,DESPEJADO,COMERCIAL,CURVA,PLANA ,ASFALTADA,,,,,NO IDENTIFICA LA CAUSA,
A-2023-10-91,10/10/2023,13:30,CHOQUE,1,1,2,AYACUCHO,HUAMANGA,SAN JUAN BAUTISTA,RURAL,CARRETERA,NACIONAL,PE-3S,NO,-13.197496,-74.203549,DESPEJADO,RURAL,CURVA,INCLINADA,ASFALTADA,SI,REGULADORA (R),,NO,IMPRUDENCIA DEL CONDUCTOR,GIRAR IMPRUDENTEMENTE
A-2023-10-102,10/10/2023,15:45,ATROPELLO,1,0,,LIMA,LIMA,MAGDALENA DEL MAR,URBANA,AVENIDA,URBANO,NO CORRESPONDE,NO,-12.09143431,-77.06724141,DESPEJADO,COMERCIAL,TRAMO RECTO,PLANA ,ASFALTADA,,,,,IMPRUDENCIA DEL PEATÓN,OTRO (IMPRUDENCIA DEL PEATÓN)
A-2023-10-53,10/10/2023,19:30,ATROPELLO,1,0,,CUSCO,CANCHIS,SAN PEDRO,RURAL,CARRETERA,NACIONAL,PE-3S,NO,-14.182708,-71.367209,DESPEJADO,RURAL,TRAMO RECTO,PLANA ,ASFALTADA,SI,PREVENTIVA (P),,SI,IMPRUDENCIA DEL PEATÓN,ESTADO DE EBRIEDAD Y/O DROGADICCIÓN
A-2021-11-17,10/11/2021,03:20,ATROPELLO,1,0,1,PUNO,SAN ROMAN,CARACOTO,RURAL,CARRETERA,NACIONAL,PE-3S,NO,-15.5458888,-70.1103135,DESPEJADO,RURAL,TRAMO RECTO,PLANA ,ASFALTADA,NO,,,SI,IMPRUDENCIA DEL CONDUCTOR,CONDUCIR EN SENTIDO CONTRARIO
A-2021-11-133,10/11/2021,11:00,DESPISTE,1,0,,PIURA,TALARA,LOS ORGANOS,URBANA,CALLE,URBANO,NO CORRESPONDE,NO,-4.17517409713786,-81.1276751642941,SOLEADO,COMERCIAL,TRAMO RECTO,PLANA ,CONCRETO,,,,,NO IDENTIFICA LA CAUSA,
A-2021-11-101,10/11/2021,17:30,DESPISTE,1,0,1,CUSCO,ANTA,LIMATAMBO,RURAL,CARRETERA,NACIONAL,PE-3S,NO,-13.461079,-72.410298,DESPEJADO,RURAL,CURVA,PLANA ,ASFALTADA,,,,,IMPRUDENCIA DEL CONDUCTOR,EXCESO DE VELOCIDAD
A-2021-11-154,10/11/2021,19:15,ATROPELLO,1,0,0,LIMA,LIMA,SAN JUAN DE LURIGANCHO,URBANA,AVENIDA,URBANO,NO CORRESPONDE,NO,-12.0191400783352,-76.9522012403723,DESPEJADO,INDUSTRIAL,INTERSECCIÓN,PLANA ,ASFALTADA,,,,,NO IDENTIFICA LA CAUSA,
A-2022-11-4,10/11/2022,02:15,CHOQUE,3,1,2,ICA,ICA,SUBTANJALLA,URBANA,CARRETERA,NACIONAL,PE-1S,NO,-14.033763480341,-75.7563277279685,DESPEJADO,COMERCIAL,TRAMO RECTO,PLANA ,ASFALTADA,,,,,NO IDENTIFICA LA CAUSA,
A-2022-11-50,10/11/2022,04:30,DESPISTE,1,4,1,PUNO,CHUCUITO,JULI,RURAL,CARRETERA,NACIONAL,PE-3S,NO,-16.2107484959589,-69.443609234995,DESPEJADO,RURAL,CURVA,PLANA ,ASFALTADA,,,,,IMPRUDENCIA DEL CONDUCTOR,EXCESO DE VELOCIDAD
A-2022-11-158,10/11/2022,07:20,ATROPELLO,1,1,,LIMA,LIMA,SAN JUAN DE LURIGANCHO,URBANA,AVENIDA,URBANO,NO CORRESPONDE,NO,-11.9685206053481,-76.9935211211303,DESPEJADO,COMERCIAL,TRAMO RECTO,PLANA ,ASFALTADA,SI,PREVENTIVA (P),,SI,NO IDENTIFICA LA CAUSA,
A-2022-11-63,10/11/2022,12:10,ATROPELLO,1,0,1,PUNO,SAN ROMAN,JULIACA,URBANA,JIRÓN,URBANO,NO CORRESPONDE,NO,-15.4723231446765,-70.1105403944248,DESPEJADO,RESIDENCIAL,TRAMO RECTO,PLANA ,TROCHA,,,,,IMPRUDENCIA DEL PEATÓN,CRUCE INDEBIDO POR LA CALZADA
A-2022-11-62,10/11/2022,14:30,CHOQUE,1,0,2,PUNO,AZANGARO,TIRAPATA,RURAL,CARRETERA,DEPARTAMENTAL,PU-102,NO,-14.8838582566921,-70.4259758615405,DESPEJADO,RURAL,TRAMO RECTO,PLANA ,ASFALTADA,,,,,IMPRUDENCIA DEL CONDUCTOR,CONDUCIR EN ESTADO DE EBRIEDAD Y/O DROGADICCIÓN
A-2022-11-47,10/11/2022,18:50,DESPISTE,1,1,1,ANCASH,AIJA,CORIS,RURAL,CARRETERA,SIN CLASIFICAR,SIN CLASIFICAR,NO,-9.82068040756231,-77.7204031228534,DESPEJADO,RURAL,CURVA,INCLINADA,TROCHA,,,,,NO IDENTIFICA LA CAUSA,
A-2022-11-80,10/11/2022,19:00,CHOQUE,1,0,2,LA LIBERTAD,PACASMAYO,SAN PEDRO DE LLOC,RURAL,CARRETERA,VECINAL,LI-589,NO,-7.37070959183269,-79.4686407700768,DESPEJADO,RURAL,TRAMO RECTO,PLANA ,AFIRMADO,,,,,IMPRUDENCIA DEL CONDUCTOR,ADELANTAR INDEBIDAMENTE
A-2022-11-104,10/11/2022,19:05,DESPISTE,1,0,1,LAMBAYEQUE,CHICLAYO,TUMAN,RURAL,CARRETERA,VECINAL,LA-758,NO,-6.800794,-79.685664,DESPEJADO,RURAL,TRAMO RECTO,PLANA ,ASFALTADA,,,,,NO IDENTIFICA LA CAUSA,
A-2022-11-140,10/11/2022,19:30,ATROPELLO FUGA,1,0,,LIMA,LIMA,LIMA,URBANA,JIRÓN,URBANO,NO CORRESPONDE,NO,-12.0613137953387,-77.0155714315354,DESPEJADO,COMERCIAL,INTERSECCIÓN,PLANA ,ASFALTADA,,,,,NO IDENTIFICA LA CAUSA,
A-2023-11-68,10/11/2023,02:30,DESPISTE,3,0,1,PUNO,LAMPA,SANTA LUCIA,RURAL,CARRETERA,NACIONAL,PE-34A,NO,-15.6619293,-70.6614533,DESPEJADO,RURAL,TRAMO RECTO,PLANA ,ASFALTADA,,,,,IMPRUDENCIA DEL CONDUCTOR,EXCESO DE VELOCIDAD
A-2023-11-5,10/11/2023,06:40,DESPISTE,2,1,1,PUNO,CHUCUITO,DESAGUADERO,RURAL,CARRETERA,NACIONAL,PE-3S,NO,-16.545718,-69.052722,DESPEJADO,RURAL,TRAMO RECTO,PLANA ,ASFALTADA,,,,,IMPRUDENCIA DEL CONDUCTOR,OTRO (IMPRUDENCIA DEL CONDUCTOR)
A-2023-11-6,10/11/2023,13:00,CHOQUE,1,1,2,PUNO,EL COLLAO,SANTA ROSA,RURAL,CARRETERA,NACIONAL,PE-36A,NO,-16.8424733145727,-70.0897260089392,DESPEJADO,RURAL,TRAMO RECTO,PLANA ,ASFALTADA,,,,,IMPRUDENCIA DEL CONDUCTOR,ADELANTAR INDEBIDAMENTE
A-2023-11-69,10/11/2023,21:30,ATROPELLO FUGA,1,0,0,PUNO,SAN ROMAN,JULIACA,URBANA,AVENIDA,URBANO,NO CORRESPONDE,NO,-15.525459,-70.118926,DESPEJADO,INDUSTRIAL,TRAMO RECTO,PLANA ,ASFALTADA,,,,,NO IDENTIFICA LA CAUSA,
A-2021-12-154,10/12/2021,01:00,DESPISTE,1,2,1,LIMA,LIMA,BARRANCO,URBANA,OTRO,URBANO,NO CORRESPONDE,NO,-12.1536882188412,-77.0247440885054,DESPEJADO,RESIDENCIAL,TRAMO RECTO,INCLINADA,ASFALTADA,,,,,NO IDENTIFICA LA CAUSA,
A-2021-12-11,10/12/2021,01:30,ATROPELLO,1,0,1,PUNO,EL COLLAO,ILAVE,RURAL,CARRETERA,NACIONAL,PE-3S,NO,-16.0805364054588,-69.652193932107,DESPEJADO,RURAL,TRAMO RECTO,PLANA ,ASFALTADA,,,,,IMPRUDENCIA DEL PEATÓN,CRUCE INDEBIDO POR LA CALZADA
A-2021-12-12,10/12/2021,02:00,ATROPELLO FUGA,1,0,1,AREQUIPA,AREQUIPA,LA JOYA,URBANA,CARRETERA,NACIONAL,PE-1S,NO,-16.5697113126406,-71.8303789791813,DESPEJADO,RESIDENCIAL,TRAMO RECTO,PLANA ,ASFALTADA,,,,,NO IDENTIFICA LA CAUSA,
A-2021-12-51,10/12/2021,13:30,ATROPELLO FUGA,1,2,1,LA LIBERTAD,TRUJILLO,HUANCHACO,RURAL,CARRETERA,NACIONAL,PE-1N,NO,-8.002536,-79.071728,DESPEJADO,RURAL,TRAMO RECTO,PLANA ,ASFALTADA,,,,,IMPRUDENCIA DEL CONDUCTOR,FATIGA Y/O CANSANCIO
A-2021-12-155,10/12/2021,16:40,CAÍDA DE PASAJERO,1,0,0,LIMA,LIMA,VILLA MARIA DEL TRIUNFO,URBANA,AVENIDA,URBANO,NO CORRESPONDE,NO,-12.166162,-76.952253,SOLEADO,ESCOLAR,TRAMO RECTO,PLANA ,ASFALTADA,,,,,NO IDENTIFICA LA CAUSA,
A-2021-12-204,10/12/2021,19:20,ATROPELLO FUGA,1,0,,LIMA,BARRANCA,SUPE,RURAL,CARRETERA,NACIONAL,PE-1N,NO,-10.8582675961997,-77.690317568303,DESPEJADO,RURAL,TRAMO RECTO,PLANA ,ASFALTADA,,,,,NO IDENTIFICA LA CAUSA,
A-2021-12-29,10/12/2021,20:00,DESPISTE,1,1,1,PIURA,AYABACA,AYABACA,RURAL,CARRETERA,NACIONAL,PE-1NT,NO,-4.65400390078125,-79.7373050219163,LLUVIOSO,RURAL,CURVA,INCLINADA,AFIRMADO,,,,,NO IDENTIFICA LA CAUSA,
A-2022-12-16,10/12/2022,01:00,CHOQUE CON OBJETO FIJO,1,0,1,SAN MARTIN,MOYOBAMBA,HABANA,RURAL,CARRETERA,NACIONAL,PE-08B,NO,-6.115332,-77.094342,DESPEJADO,RURAL,TRAMO RECTO,PLANA ,ASFALTADA,,,,,NO IDENTIFICA LA CAUSA,