CODIGO_SINIESTRO,FECHA_SINIESTRO,HORA_SINIESTRO,CLASE_SINIESTRO,CANTIDAD_DE_FALLECIDOS,CANTIDAD_DE_LESIONADOS,CANTIDAD_DE_VEHICULOS_DANADOS,DEPARTAMENTO,PROVINCIA,DISTRITO,ZONA,TIPO_DE_VIA,RED_VIAL,COD_CARRETERA,EXISTE_CICLOVIA,COORDENADAS_LATITUD,COORDENADAS_LONGITUD,CONDICION_CLIMATICA,ZONIFICACION,CARACTERISTICAS_DE_VIA,PERFIL_LONGITUDINAL_VIA,SUPERFICIE_DE_CALZADA,EXISTE_SENAL_VERTICAL,CLASIFICACION_DE_LA_SENAL_VERTICAL_N_1,CLASIFICACION_DE_LA_SENAL_VERTICAL_N_2,EXISTE_SENAL_HORIZONTAL,CAUSA_FACTOR_PRINCIPAL,CAUSA_ESPECIFICA
A-2022-12-206,10/12/2022,03:40,CHOQUE,2,1,2,JUNIN,JAUJA,CURICACA,RURAL,CARRETERA,NACIONAL,PE-3S,NO,-11.788858,-75.668149,DESPEJADO,RURAL,CURVA,INCLINADA,ASFALTADA,,,,,IMPRUDENCIA DEL CONDUCTOR,INVASIÓN DE CARRIL
A-2022-12-142,10/12/2022,10:30,DESPISTE,1,1,,LIMA,LIMA,LIMA,URBANA,JIRÓN,URBANO,NO CORRESPONDE,NO,-12.0445761737815,-77.0457080251964,DESPEJADO,COMERCIAL,TRAMO RECTO,PLANA ,ASFALTADA,,,,,NO IDENTIFICA LA CAUSA,
A-2022-12-200,10/12/2022,11:05,DESPISTE,1,0,,AMAZONAS,UTCUBAMBA,CAJARURO,URBANA,CARRETERA,DEPARTAMENTAL,AM-102,NO,-5.76165,-78.4021,SOLEADO,RURAL,TRAMO RECTO,PLANA ,ASFALTADA,,,,,NO IDENTIFICA LA CAUSA,
A-2022-12-133,10/12/2022,14:00,CHOQUE CON OBJETO FIJO,1,0,1,CALLAO,CALLAO,CALLAO,URBANA,CARRETERA,NACIONAL,PE-20B,NO,-12.0386153180246,-77.099686344007,DESPEJADO,COMERCIAL,TRAMO RECTO,PLANA ,CONCRETO,NO,,,SI,IMPRUDENCIA DEL CONDUCTOR,OTRO (IMPRUDENCIA DEL CONDUCTOR)
A-2022-12-84,10/12/2022,22:30,DESPISTE,1,0,,ANCASH,HUARMEY,HUARMEY,RURAL,CARRETERA,DEPARTAMENTAL,AN-109,NO,-10.0196087511476,-78.0674104624813,DESPEJADO,RURAL,CURVA,INCLINADA,ASFALTADA,,,,,NO IDENTIFICA LA CAUSA,
A-2022-12-151,10/12/2022,23:30,ATROPELLO FUGA,1,0,,LIMA,LIMA,SAN JUAN DE MIRAFLORES,URBANA,CARRETERA,NACIONAL,PE-1S,NO,-12.1836025503237,-76.9752278134566,DESPEJADO,COMERCIAL,TRAMO RECTO,PLANA ,ASFALTADA,,,,,NO IDENTIFICA LA CAUSA,
A-2023-12-83,10/12/2023,02:20,CHOQUE,1,1,,PIURA,HUANCABAMBA,CANCHAQUE,RURAL,CARRETERA,NACIONAL,PE-02A,NO,-5.38985374388101,-79.5994902271649,DESPEJADO,RURAL,TRAMO RECTO,PLANA ,ASFALTADA,,,,,IMPRUDENCIA DEL CONDUCTOR,INVASIÓN DE CARRIL
A-2023-12-61,10/12/2023,13:00,CHOQUE,1,0,,JUNIN,YAULI,MOROCOCHA,RURAL,CARRETERA,NACIONAL,PE-22,NO,-11.594118,-76.092812,LLUVIOSO,RURAL,CURVA,PLANA ,ASFALTADA,NO,,,SI,,
A-2023-12-41,10/12/2023,14:00,CHOQUE,1,1,2,LA LIBERTAD,VIRU,GUADALUPITO,RURAL,CARRETERA,NACIONAL,PE-1N,NO,-8.69736,-78.638,DESPEJADO,RURAL,TRAMO RECTO,PLANA ,ASFALTADA,,,,,NO IDENTIFICA LA CAUSA,
A-2023-12-19,10/12/2023,16:30,CHOQUE,1,1,2,CUSCO,CHUMBIVILCAS,QUIÑOTA,RURAL,CARRETERA,NACIONAL,PE-3SG,NO,-14.298914,-72.139453,LLUVIOSO,RURAL,CURVA,INCLINADA,ASFALTADA,SI,PREVENTIVA (P),,SI,NEGLIGENCIA DEL CONDUCTOR,OTRO (NEGLIGENCIA DEL CONDUCTOR)
A-2023-12-131,10/12/2023,21:00,DESPISTE,1,2,1,TACNA,TACNA,CORONEL GREGORIO ALBARRACIN LANCHIPA,RURAL,CARRETERA,SIN CLASIFICAR,SIN CLASIFICAR,NO,-18.103728,-70.257703,DESPEJADO,RURAL,CURVA,INCLINADA,TROCHA,,,,,IMPRUDENCIA DEL CONDUCTOR,CONDUCIR EN ESTADO DE EBRIEDAD Y/O DROGADICCIÓN
A-2023-12-98,10/12/2023,22:40,ATROPELLO,1,0,,LIMA,LIMA,LIMA,URBANA,AVENIDA,URBANO,NO CORRESPONDE,NO,-12.03636784,-77.05954158,DESPEJADO,COMERCIAL,INTERSECCIÓN,PLANA ,ASFALTADA,NO,,,SI,,
A-2023-12-20,10/12/2023,23:20,CAÍDA DE PASAJERO,1,0,,CUSCO,ANTA,ANTA,URBANA,CARRETERA,NACIONAL,PE-3S,NO,-13.4628051276589,-72.1481572187216,DESPEJADO,COMERCIAL,TRAMO RECTO,PLANA ,ASFALTADA,SI,REGULADORA (R),,SI,IMPRUDENCIA DEL CONDUCTOR,CONDUCIR EN ESTADO DE EBRIEDAD Y/O DROGADICCIÓN
A-2021-01-72,11/01/2021,01:00,ATROPELLO,1,0,1,LAMBAYEQUE,LAMBAYEQUE,LAMBAYEQUE,RURAL,CARRETERA,NACIONAL,PE-1N,NO,-6.637867,-79.950015,DESPEJADO,RURAL,TRAMO RECTO,PLANA ,ASFALTADA,,,,,NO IDENTIFICA LA CAUSA,
A-2021-01-60,11/01/2021,06:46,DESPISTE,1,2,1,TACNA,TARATA,SUSAPAYA,RURAL,CARRETERA,NACIONAL,PE-38,NO,-17.280044,-70.020587,DESPEJADO,RURAL,TRAMO RECTO,INCLINADA,ASFALTADA,,,,,IMPRUDENCIA DEL CONDUCTOR,CONDUCIR EN ESTADO DE EBRIEDAD Y/O DROGADICCIÓN
A-2021-01-297,11/01/2021,07:00,ATROPELLO,1,0,1,CUSCO,ESPINAR,PALLPATA,RURAL,CARRETERA,NACIONAL,PE-3SG,NO,-14.961884,-71.0568,NUBLADO,RURAL,TRAMO RECTO,PLANA ,TROCHA,SI,REGULADORA (R),PREVENTIVA (P),NO,NO IDENTIFICA LA CAUSA,
A-2021-01-78,11/01/2021,07:30,CHOQUE,1,4,2,LA LIBERTAD,ASCOPE,CHICAMA,RURAL,CARRETERA,NACIONAL,PE-1NF,NO,-7.743064,-79.08115,DESPEJADO,RURAL,TRAMO RECTO,PLANA ,ASFALTADA,,,,,IMPRUDENCIA DEL CONDUCTOR,ADELANTAR INDEBIDAMENTE
A-2021-01-265,11/01/2021,09:20,DESPISTE,1,0,0,LIMA,LIMA,VILLA MARIA DEL TRIUNFO,URBANA,AVENIDA,URBANO,NO CORRESPONDE,NO,-12.1622,-76.943612,DESPEJADO,INDUSTRIAL,TRAMO RECTO,PLANA ,ASFALTADA,,,,,NO IDENTIFICA LA CAUSA,
A-2021-01-108,11/01/2021,10:00,CHOQUE,1,0,2,ICA,NASCA,MARCONA,RURAL,CARRETERA,VECINAL,IC-824,NO,-15.3799072031775,-75.1364047181083,SOLEADO,RURAL,TRAMO RECTO,PLANA ,TROCHA,,,,,IMPRUDENCIA DEL CONDUCTOR,EXCESO DE VELOCIDAD
A-2021-01-140,11/01/2021,10:25,CHOQUE,1,1,2,MOQUEGUA,MARISCAL NIETO,MOQUEGUA,URBANA,CARRETERA,NACIONAL,PE-36A,NO,-17.192137,-70.918786,SOLEADO,COMERCIAL,TRAMO RECTO,INCLINADA,ASFALTADA,SI,REGULADORA (R),REGULADORA (R),NO,IMPRUDENCIA DEL CONDUCTOR,INVASIÓN DE CARRIL
A-2021-01-232,11/01/2021,13:45,DESPISTE,1,1,1,PUNO,SAN ROMAN,CABANA,RURAL,CARRETERA,NACIONAL,PE-34A,NO,-15.6173332384311,-70.3205195633224,DESPEJADO,RURAL,TRAMO RECTO,PLANA ,ASFALTADA,SI,PREVENTIVA (P),INFORMATIVA (I),SI,IMPRUDENCIA DEL CONDUCTOR,OTRO (IMPRUDENCIA DEL CONDUCTOR)
A-2021-01-216,11/01/2021,20:00,DESPISTE,1,0,1,LA LIBERTAD,PATAZ,PATAZ,RURAL,CARRETERA,DEPARTAMENTAL,LI-124,NO,-7.692107,-77.663357,DESPEJADO,RURAL,CURVA,INCLINADA,AFIRMADO,,,,,NO IDENTIFICA LA CAUSA,
A-2022-01-211,11/01/2022,03:55,ATROPELLO,1,0,1,LAMBAYEQUE,CHICLAYO,MONSEFU,RURAL,CARRETERA,DEPARTAMENTAL,LA-115,NO,-6.8820991,-79.9012933,DESPEJADO,RURAL,TRAMO RECTO,PLANA ,ASFALTADA,,,,,NO IDENTIFICA LA CAUSA,
A-2022-01-320,11/01/2022,04:30,CHOQUE,1,1,,ANCASH,CASMA,CASMA,URBANA,CARRETERA,NACIONAL,PE-1N,NO,-9.47325,-78.30741,DESPEJADO,COMERCIAL,INTERSECCIÓN,PLANA ,ASFALTADA,,,,,NO IDENTIFICA LA CAUSA,
A-2022-01-344,11/01/2022,11:50,CHOQUE,1,0,2,TACNA,TACNA,TACNA,RURAL,CARRETERA,NACIONAL,PE-1S,NO,-18.1643032565033,-70.3355345977059,DESPEJADO,RURAL,TRAMO RECTO,PLANA ,ASFALTADA,,,,,IMPRUDENCIA DEL CONDUCTOR,EXCESO DE VELOCIDAD
A-2022-01-31,11/01/2022,19:00,ATROPELLO FUGA,1,0,0,PUNO,EL COLLAO,ILAVE,RURAL,CARRETERA,VECINAL,PU-1166,NO,-16.0848867778506,-69.6173571690741,DESPEJADO,RURAL,TRAMO RECTO,PLANA ,AFIRMADO,,,,,NO IDENTIFICA LA CAUSA,
A-2023-01-55,11/01/2023,01:50,ATROPELLO FUGA,1,0,,AREQUIPA,AREQUIPA,CERRO COLORADO,URBANA,CARRETERA,NACIONAL,PE-34A,NO,-16.3402078045874,-71.5887460912844,DESPEJADO,COMERCIAL,PUENTE,PLANA ,ASFALTADA,NO,,,SI,NO IDENTIFICA LA CAUSA,
A-2023-01-41,11/01/2023,02:30,DESPISTE,1,0,1,LA LIBERTAD,VIRU,VIRU,URBANA,CARRETERA,VECINAL,LI-1150,NO,-8.421435,-78.77558,DESPEJADO,COMERCIAL,TRAMO RECTO,PLANA ,ASFALTADA,,,,,IMPRUDENCIA DEL CONDUCTOR,OTRO (IMPRUDENCIA DEL CONDUCTOR)
A-2023-01-67,11/01/2023,19:00,CHOQUE,1,1,2,CUSCO,PAUCARTAMBO,KOSÑIPATA,RURAL,CARRETERA,DEPARTAMENTAL,CU-111,NO,-12.97808,-71.46652,DESPEJADO,RURAL,TRAMO RECTO,PLANA ,AFIRMADO,,,,,IMPRUDENCIA DEL CONDUCTOR,CONDUCIR EN ESTADO DE EBRIEDAD Y/O DROGADICCIÓN
A-2023-01-93,11/01/2023,20:00,CHOQUE,1,2,2,CAJAMARCA,JAEN,BELLAVISTA,RURAL,CARRETERA,NACIONAL,PE-1N,NO,-5.5500488,-78.8160581,DESPEJADO,RURAL,TRAMO RECTO,PLANA ,ASFALTADA,,,,,NO IDENTIFICA LA CAUSA,
A-2021-02-279,11/02/2021,12:35,CHOQUE,1,1,2,HUANUCO,HUANUCO,SAN FRANCISCO DE CAYRAN,RURAL,CARRETERA,VECINAL,HU-1093,NO,-9.978324,-76.272743,DESPEJADO,RURAL,SINUOSA,INCLINADA,AFIRMADO,,,,,IMPRUDENCIA DEL CONDUCTOR,EXCESO DE VELOCIDAD
A-2021-02-47,11/02/2021,15:00,DESPISTE,1,1,1,APURIMAC,GRAU,CURPAHUASI,RURAL,CARRETERA,VECINAL,AP-883,NO,-14.0273498841689,-72.6071543287289,DESPEJADO,RURAL,CURVA,INCLINADA,TROCHA,,,,,NO IDENTIFICA LA CAUSA,
A-2021-02-50,11/02/2021,17:25,CHOQUE,1,2,2,AREQUIPA,AREQUIPA,CERRO COLORADO,URBANA,OTRO,URBANO,NO CORRESPONDE,NO,-16.323438,-71.594112,DESPEJADO,RESIDENCIAL,INTERSECCIÓN,PLANA ,ASFALTADA,SI,PREVENTIVA (P),PREVENTIVA (P),SI,IMPRUDENCIA DEL CONDUCTOR,NO ESTABLECER EL DERECHO DE PASO
A-2021-02-246,11/02/2021,22:30,CHOQUE,1,0,2,CAJAMARCA,JAEN,PUCARA,URBANA,CARRETERA,NACIONAL,PE-3N,NO,-6.0414394,-79.1254947,DESPEJADO,INDUSTRIAL,CURVA,INCLINADA,ASFALTADA,SI,PREVENTIVA (P),PREVENTIVA (P),NO,NO IDENTIFICA LA CAUSA,
A-2022-02-222,11/02/2022,02:40,CHOQUE,1,0,0,LIMA,LIMA,CARABAYLLO,URBANA,AVENIDA,URBANO,NO CORRESPONDE,NO,-11.8740327906353,-77.0278179965969,DESPEJADO,RESIDENCIAL,TRAMO RECTO,PLANA ,ASFALTADA,,,,,NO IDENTIFICA LA CAUSA,
A-2022-02-221,11/02/2022,18:30,ATROPELLO,1,0,0,LIMA,LIMA,ATE,URBANA,AVENIDA,URBANO,NO CORRESPONDE,NO,-12.029235,-76.923477,DESPEJADO,COMERCIAL,INTERSECCIÓN,PLANA ,ASFALTADA,,,,,NO IDENTIFICA LA CAUSA,
A-2022-02-75,11/02/2022,19:10,ATROPELLO,1,1,1,ICA,PISCO,PISCO,URBANA,CARRETERA,NACIONAL,PE-1SG,NO,-13.716464,-76.216519,DESPEJADO,RESIDENCIAL,TRAMO RECTO,PLANA ,ASFALTADA,,,,,NO IDENTIFICA LA CAUSA,
A-2023-02-61,11/02/2023,05:00,CHOQUE CON OBJETO FIJO,1,1,1,APURIMAC,CHINCHEROS,ANCO_HUALLO,RURAL,CARRETERA,NACIONAL,PE-3S,NO,-13.546849,-73.652318,NUBLADO,RURAL,CURVA,PLANA ,ASFALTADA,SI,PREVENTIVA (P),REGULADORA (R),SI,INFRAESTRUCTURA Y ENTORNO VIAL,ABANDONO DE OBJETOS EN LA VÍA
A-2023-02-96,11/02/2023,05:30,CHOQUE,1,0,3,PUNO,SAN ROMAN,CABANILLAS,RURAL,CARRETERA,NACIONAL,PE-34A,NO,-15.6716812,-70.3756205,DESPEJADO,RURAL,CURVA,PLANA ,ASFALTADA,,,,,IMPRUDENCIA DEL CONDUCTOR,CONDUCIR EN SENTIDO CONTRARIO
A-2023-02-69,11/02/2023,05:35,CAÍDA DE PASAJERO,1,0,,CAJAMARCA,CAJAMARCA,CAJAMARCA,URBANA,CARRETERA,NACIONAL,PE-3N,NO,-7.16844810049675,-78.5000551295241,DESPEJADO,RURAL,TRAMO RECTO,PLANA ,ASFALTADA,NO,,,SI,NO IDENTIFICA LA CAUSA,
A-2023-02-19,11/02/2023,11:00,CAÍDA DE PASAJERO,1,0,1,LA LIBERTAD,CHEPEN,PACANGA,RURAL,CARRETERA,NACIONAL,PE-1N,NO,-7.107442,-79.502711,DESPEJADO,RURAL,TRAMO RECTO,PLANA ,ASFALTADA,,,,,IMPRUDENCIA DEL PEATÓN,OTRO (IMPRUDENCIA DEL PEATÓN)
A-2023-02-42,11/02/2023,11:00,ATROPELLO,1,0,,CUSCO,CHUMBIVILCAS,VELILLE,URBANA,CARRETERA,NACIONAL,PE-3SG,,-14.5104862527707,-71.8846521955976,,,,,,,,,,,
A-2023-02-152,11/02/2023,11:20,ATROPELLO,1,0,,LIMA,LIMA,LOS OLIVOS,URBANA,AVENIDA,URBANO,NO CORRESPONDE,SI,-11.97889144,-77.07699822,DESPEJADO,COMERCIAL,TRAMO RECTO,PLANA ,ASFALTADA,SI,PREVENTIVA (P),PREVENTIVA (P),SI,EN PROCESO DE INVESTIGACIÓN,NO CUENTA CON CAUSA ESPECIFICA
A-2023-02-114,11/02/2023,18:30,ATROPELLO,1,0,1,PUNO,SAN ROMAN,JULIACA,URBANA,JIRÓN,URBANO,NO CORRESPONDE,NO,-15.4691642454006,-70.1408063857054,DESPEJADO,RESIDENCIAL,OTRO,PLANA ,ASFALTADA,,,,,NEGLIGENCIA DEL CONDUCTOR,OTRO (NEGLIGENCIA DEL CONDUCTOR)
A-2023-02-15,11/02/2023,19:05,CHOQUE,1,0,2,AREQUIPA,ISLAY,PUNTA DE BOMBON,RURAL,CARRETERA,NACIONAL,PE-1SD,NO,-17.17519227,-71.7683892,DESPEJADO,RURAL,TRAMO RECTO,PLANA ,ASFALTADA,NO,,,SI,NO IDENTIFICA LA CAUSA,
A-2023-02-43,11/02/2023,20:10,ATROPELLO,1,0,1,ANCASH,HUARAZ,HUARAZ,RURAL,CARRETERA,NACIONAL,PE-3N,NO,-9.55933132451164,-77.5391381909354,NUBLADO,RURAL,TRAMO RECTO,PLANA ,ASFALTADA,SI,REGULADORA (R),PREVENTIVA (P),NO,NO IDENTIFICA LA CAUSA,
A-2021-03-54,11/03/2021,04:00,DESPISTE,1,1,1,PIURA,PIURA,VEINTISEIS DE OCTUBRE,RURAL,CARRETERA,NACIONAL,PE-1N,NO,-5.140422,-80.699239,DESPEJADO,RURAL,TRAMO RECTO,PLANA ,ASFALTADA,,,,,IMPRUDENCIA DEL CONDUCTOR,FATIGA Y/O CANSANCIO
A-2021-03-218,11/03/2021,17:40,CHOQUE CON OBJETO FIJO,1,0,1,LIMA,LIMA,PUENTE PIEDRA,URBANA,CARRETERA,NACIONAL,PE-1N,NO,-11.91275,-77.07335,DESPEJADO,INDUSTRIAL,TRAMO RECTO,PLANA ,ASFALTADA,,,,,IMPRUDENCIA DEL CONDUCTOR,EXCESO DE VELOCIDAD
A-2021-03-43,11/03/2021,20:30,ATROPELLO,1,0,1,PUNO,EL COLLAO,ILAVE,RURAL,CARRETERA,VECINAL,PU-1149,NO,-16.0551,-69.6171,DESPEJADO,RURAL,TRAMO RECTO,PLANA ,ASFALTADA,,,,,IMPRUDENCIA DEL PEATÓN,ESTADO DE EBRIEDAD Y/O DROGADICCIÓN
A-2022-03-255,11/03/2022,02:00,CHOQUE,1,0,,LIMA,LIMA,SAN JUAN DE LURIGANCHO,URBANA,AVENIDA,URBANO,NO CORRESPONDE,,-11.970962,-76.992302,,,,,,,,,,,
A-2022-03-150,11/03/2022,04:30,DESPISTE,1,2,,AYACUCHO,SUCRE,SAN PEDRO DE LARCAY,RURAL,OTRO,URBANO,NO CORRESPONDE,NO,-14.168986,-73.57301,DESPEJADO,RURAL,CURVA,INCLINADA,AFIRMADO,,,,,IMPRUDENCIA DEL CONDUCTOR,EXCESO DE VELOCIDAD
A-2022-03-83,11/03/2022,09:30,DESPISTE,1,4,1,LA LIBERTAD,OTUZCO,USQUIL,RURAL,CARRETERA,SIN CLASIFICAR,SIN CLASIFICAR,NO,-7.803343,-78.402325,LLUVIOSO,RURAL,CURVA,INCLINADA,TROCHA,,,,,NEGLIGENCIA DEL CONDUCTOR,OTRO (NEGLIGENCIA DEL CONDUCTOR)
A-2022-03-185,11/03/2022,10:30,CHOQUE,1,7,2,CUSCO,CANCHIS,CHECACUPE,RURAL,CARRETERA,NACIONAL,PE-3S,NO,-14.0206058557979,-71.457160711522,LLUVIOSO,RURAL,TRAMO RECTO,PLANA ,ASFALTADA,SI,PREVENTIVA (P),REGULADORA (R),NO,IMPRUDENCIA DEL CONDUCTOR,VEHÍCULO MAL ESTACIONADO
A-2022-03-133,11/03/2022,18:30,CHOQUE,1,3,2,PUNO,CARABAYA,CRUCERO,RURAL,CARRETERA,DEPARTAMENTAL,PU-106,NO,-14.361764812056,-69.8215109520835,DESPEJADO,RURAL,TRAMO RECTO,PLANA ,ASFALTADA,,,,,IMPRUDENCIA DEL CONDUCTOR,CONDUCIR EN SENTIDO CONTRARIO
A-2022-03-257,11/03/2022,19:50,ATROPELLO,1,0,,LIMA,LIMA,LIMA,URBANA,AVENIDA,URBANO,NO CORRESPONDE,NO,-12.057647,-77.067668,DESPEJADO,RURAL,TRAMO RECTO,PLANA ,ASFALTADA,,,,,NO IDENTIFICA LA CAUSA,
A-2023-03-20,11/03/2023,05:40,ATROPELLO FUGA,1,0,,LA LIBERTAD,PACASMAYO,SAN PEDRO DE LLOC,RURAL,CARRETERA,NACIONAL,PE-1N,NO,-7.5310834,-79.3937702,DESPEJADO,RURAL,TRAMO RECTO,PLANA ,ASFALTADA,,,,,IMPRUDENCIA DEL CONDUCTOR,OTRO (IMPRUDENCIA DEL CONDUCTOR)
A-2023-03-129,11/03/2023,12:10,ATROPELLO,1,0,,JUNIN,HUANCAYO,HUANCAYO,URBANA,CARRETERA,NACIONAL,PE-3S,NO,-12.071543,-75.214018,DESPEJADO,RURAL,INTERSECCIÓN,PLANA ,ASFALTADA,SI,REGULADORA (R),,SI,IMPRUDENCIA DEL PEATÓN,CRUCE INDEBIDO POR LA CALZADA
A-2023-03-21,11/03/2023,17:10,DESPISTE,1,0,1,LA LIBERTAD,VIRU,CHAO,RURAL,CARRETERA,DEPARTAMENTAL,LI-122,NO,-8.47933784048562,-78.5730814522932,DESPEJADO,RURAL,TRAMO RECTO,PLANA ,ASFALTADA,,,,,NO IDENTIFICA LA CAUSA,
A-2023-03-22,11/03/2023,22:30,DESPISTE,1,3,1,LA LIBERTAD,VIRU,VIRU,RURAL,CARRETERA,NACIONAL,PE-1N,NO,-8.4587126,-78.7252153,DESPEJADO,RURAL,TRAMO RECTO,PLANA ,ASFALTADA,,,,,IMPRUDENCIA DEL CONDUCTOR,EXCESO DE VELOCIDAD
A-2021-04-258,11/04/2021,04:20,CHOQUE,1,0,0,LIMA,LIMA,LURIN,RURAL,CARRETERA,NACIONAL,PE-1S,NO,-12.28545,-76.87457,DESPEJADO,INDUSTRIAL,TRAMO RECTO,PLANA ,ASFALTADA,,,,,NO IDENTIFICA LA CAUSA,
A-2021-04-48,11/04/2021,05:10,CHOQUE,1,0,2,LA LIBERTAD,VIRU,GUADALUPITO,RURAL,CARRETERA,NACIONAL,PE-1N,NO,-8.957886,-78.629494,DESPEJADO,RURAL,TRAMO RECTO,PLANA ,ASFALTADA,,,,,IMPRUDENCIA DEL CONDUCTOR,EXCESO DE VELOCIDAD
A-2021-04-240,11/04/2021,09:40,ATROPELLO,1,0,,LIMA,LIMA,SAN JUAN DE LURIGANCHO,URBANA,CALLE,URBANO,NO CORRESPONDE,NO,-12.0115865824887,-77.0022576465708,SOLEADO,INDUSTRIAL,TRAMO RECTO,PLANA ,ASFALTADA,,,,,IMPRUDENCIA DEL CONDUCTOR,OTRO (IMPRUDENCIA DEL CONDUCTOR)
A-2021-04-248,11/04/2021,17:00,ATROPELLO,1,1,,LIMA,BARRANCA,BARRANCA,RURAL,CARRETERA,NACIONAL,PE-1N,,-10.7374087929442,-77.7496109559477,,,,,,,,,,,
A-2021-04-322,11/04/2021,19:40,CHOQUE,1,0,2,SAN MARTIN,SAN MARTIN,LA BANDA DE SHILCAYO,RURAL,CARRETERA,NACIONAL,PE-5NB,NO,-6.490609,-76.334311,DESPEJADO,RURAL,CURVA,INCLINADA,ASFALTADA,,,,,IMPRUDENCIA DEL CONDUCTOR,INVASIÓN DE CARRIL
A-2021-04-148,11/04/2021,23:00,CHOQUE,1,4,2,PUNO,LAMPA,CALAPUJA,RURAL,CARRETERA,NACIONAL,PE-3S,NO,-15.3068748562611,-70.2327632671937,NUBLADO,RURAL,TRAMO RECTO,PLANA ,ASFALTADA,SI,INFORMATIVA (I),INFORMATIVA (I),SI,IMPRUDENCIA DEL CONDUCTOR,CONDUCIR EN ESTADO DE EBRIEDAD Y/O DROGADICCIÓN
A-2022-04-231,11/04/2022,05:20,ATROPELLO,1,0,1,LIMA,HUAURA,HUAURA,RURAL,CARRETERA,NACIONAL,PE-1N,NO,-11.06594,-77.58721,DESPEJADO,RURAL,TRAMO RECTO,INCLINADA,ASFALTADA,SI,PREVENTIVA (P),REGULADORA (R),NO,IMPRUDENCIA DEL CONDUCTOR,EXCESO DE VELOCIDAD
A-2022-04-168,11/04/2022,06:00,CHOQUE,1,2,2,CAJAMARCA,SAN IGNACIO,CHIRINOS,RURAL,CARRETERA,NACIONAL,PE-5N,NO,-5.32838,-78.79727,DESPEJADO,RURAL,OTRO,PLANA ,ASFALTADA,,,,,NO IDENTIFICA LA CAUSA,
A-2022-04-33,11/04/2022,06:00,ATROPELLO FUGA,1,0,0,TACNA,TACNA,LA YARADA LOS PALOS,RURAL,CARRETERA,VECINAL,TA-644,NO,-18.276368,-70.43332,NUBLADO,RURAL,TRAMO RECTO,PLANA ,ASFALTADA,NO,,,SI,NO IDENTIFICA LA CAUSA,
A-2022-04-106,11/04/2022,07:20,ATROPELLO,1,0,1,LA LIBERTAD,VIRU,VIRU,RURAL,CARRETERA,NACIONAL,PE-1N,NO,-8.47521,-78.707538,DESPEJADO,RURAL,TRAMO RECTO,PLANA ,ASFALTADA,,,,,IMPRUDENCIA DEL PEATÓN,CRUCE INDEBIDO POR LA CALZADA
A-2022-04-226,11/04/2022,11:30,CAÍDA DE PASAJERO,1,0,0,JUNIN,HUANCAYO,CHILCA,URBANA,AVENIDA,URBANO,NO CORRESPONDE,NO,-12.099061,-75.186957,DESPEJADO,COMERCIAL,TRAMO RECTO,PLANA ,ASFALTADA,,,,,IMPRUDENCIA DEL PASAJERO/OCUPANTE,OTRO (IMPRUDENCIA DEL PASAJERO/OCUPANTE)
A-2022-04-29,11/04/2022,15:00,ATROPELLO,1,0,0,PUNO,EL COLLAO,ILAVE,RURAL,CARRETERA,NACIONAL,PE-3S,NO,-16.094836,-69.623235,DESPEJADO,RURAL,TRAMO RECTO,PLANA ,ASFALTADA,NO,,,SI,IMPRUDENCIA DEL PEATÓN,CRUCE INDEBIDO POR LA CALZADA
A-2023-04-42,11/04/2023,01:00,CHOQUE,1,0,,ANCASH,HUARI,CHAVIN DE HUANTAR,RURAL,CARRETERA,VECINAL,AN-738,NO,-9.52654376098971,-77.1614223987123,LLUVIOSO,RURAL,TRAMO RECTO,PLANA ,ASFALTADA,SI,PREVENTIVA (P),INFORMATIVA (I),NO,NO IDENTIFICA LA CAUSA,
A-2023-04-160,11/04/2023,02:30,CHOQUE,1,1,2,JUNIN,TARMA,LA UNION,RURAL,CARRETERA,NACIONAL,PE-3N,NO,-11.358069,-75.887458,DESPEJADO,RURAL,TRAMO RECTO,PLANA ,ASFALTADA,NO,,,SI,IMPRUDENCIA DEL CONDUCTOR,INVASIÓN DE CARRIL
A-2023-04-124,11/04/2023,09:00,ATROPELLO,1,0,,CALLAO,CALLAO,CALLAO,URBANA,AVENIDA,URBANO,NO CORRESPONDE,,-12.0165152,-77.105584617,,,,,,,,,,,
A-2023-04-88,11/04/2023,10:30,ATROPELLO,1,0,1,LA LIBERTAD,GRAN CHIMU,SAYAPULLO,RURAL,CARRETERA,DEPARTAMENTAL,LI-106,NO,-7.59523691195941,-78.4674614435777,DESPEJADO,RURAL,TRAMO RECTO,PLANA ,ASFALTADA,,,,,NO IDENTIFICA LA CAUSA,
A-2023-04-91,11/04/2023,11:00,CHOQUE,1,1,2,LA LIBERTAD,SANTIAGO DE CHUCO,QUIRUVILCA,RURAL,CARRETERA,NACIONAL,PE-3N,NO,-7.9718779637426,-78.2069277547499,DESPEJADO,RURAL,TRAMO RECTO,PLANA ,ASFALTADA,,,,,IMPRUDENCIA DEL CONDUCTOR,OTRO (IMPRUDENCIA DEL CONDUCTOR)
A-2023-04-51,11/04/2023,17:15,VOLCADURA,1,0,1,CUSCO,CANAS,KUNTURKANKI,RURAL,CARRETERA,NACIONAL,PE-34G,NO,-14.465613,-71.296353,DESPEJADO,RURAL,CURVA,INCLINADA,ASFALTADA,SI,REGULADORA (R),,SI,IMPRUDENCIA DEL CONDUCTOR,OTRO (IMPRUDENCIA DEL CONDUCTOR)