CODIGO_SINIESTRO,FECHA_SINIESTRO,HORA_SINIESTRO,CLASE_SINIESTRO,CANTIDAD_DE_FALLECIDOS,CANTIDAD_DE_LESIONADOS,CANTIDAD_DE_VEHICULOS_DANADOS,DEPARTAMENTO,PROVINCIA,DISTRITO,ZONA,TIPO_DE_VIA,RED_VIAL,COD_CARRETERA,EXISTE_CICLOVIA,COORDENADAS_LATITUD,COORDENADAS_LONGITUD,CONDICION_CLIMATICA,ZONIFICACION,CARACTERISTICAS_DE_VIA,PERFIL_LONGITUDINAL_VIA,SUPERFICIE_DE_CALZADA,EXISTE_SENAL_VERTICAL,CLASIFICACION_DE_LA_SENAL_VERTICAL_N_1,CLASIFICACION_DE_LA_SENAL_VERTICAL_N_2,EXISTE_SENAL_HORIZONTAL,CAUSA_FACTOR_PRINCIPAL,CAUSA_ESPECIFICA
A-2021-06-110,12/06/2021,04:50,CHOQUE,2,0,2,CAJAMARCA,CUTERVO,CHOROS,RURAL,CARRETERA,NACIONAL,PE-04C,NO,-5.9653776,-78.84773207,DESPEJADO,RURAL,CURVA,INCLINADA,ASFALTADA,SI,PREVENTIVA (P),,SI,IMPRUDENCIA DEL CONDUCTOR,EXCESO DE VELOCIDAD
A-2021-06-233,12/06/2021,07:39,CHOQUE,1,0,2,LA LIBERTAD,TRUJILLO,LAREDO,RURAL,CARRETERA,NACIONAL,PE-10A,NO,-8.063745,-78.859234,DESPEJADO,RURAL,INTERSECCIÓN,PLANA ,AFIRMADO,,,,,IMPRUDENCIA DEL CONDUCTOR,GIRAR IMPRUDENTEMENTE
A-2021-06-348,12/06/2021,16:00,DESPISTE,3,0,1,ANCASH,PALLASCA,PALLASCA,RURAL,CARRETERA,NACIONAL,PE-3N,NO,-8.28115335140617,-77.9918369232945,DESPEJADO,RURAL,CURVA,INCLINADA,TROCHA,,,,,NO IDENTIFICA LA CAUSA,
A-2021-06-75,12/06/2021,16:00,DESPISTE,1,0,1,CAJAMARCA,HUALGAYOC,BAMBAMARCA,URBANA,CARRETERA,VECINAL,CA-1177,NO,-6.68773646,-78.52404445,NUBLADO,INDUSTRIAL,CURVA,INCLINADA,TROCHA,,,,,,
A-2021-06-146,12/06/2021,17:00,CHOQUE FUGA,1,0,1,ICA,ICA,LA TINGUIÑA,URBANA,AVENIDA,URBANO,NO CORRESPONDE,NO,-14.0346663,-75.7031269,DESPEJADO,RESIDENCIAL,INTERSECCIÓN,PLANA ,ASFALTADA,,,,,NO IDENTIFICA LA CAUSA,
A-2021-06-107,12/06/2021,18:40,ATROPELLO,1,0,1,AREQUIPA,AREQUIPA,CERRO COLORADO,URBANA,CARRETERA,NACIONAL,PE-34A,NO,-16.3153818,-71.6065318,DESPEJADO,RESIDENCIAL,TRAMO RECTO,INCLINADA,ASFALTADA,NO,,,SI,NO IDENTIFICA LA CAUSA,
A-2021-06-158,12/06/2021,22:20,CHOQUE,1,0,2,LAMBAYEQUE,LAMBAYEQUE,LAMBAYEQUE,URBANA,CARRETERA,NACIONAL,PE-1N,NO,-6.692028,-79.903736,DESPEJADO,INDUSTRIAL,TRAMO RECTO,PLANA ,ASFALTADA,,,,,NO IDENTIFICA LA CAUSA,
A-2021-06-307,12/06/2021,22:30,ATROPELLO,1,0,0,LAMBAYEQUE,LAMBAYEQUE,TUCUME,URBANA,CARRETERA,NACIONAL,PE-1NJ,NO,-6.4893174,-79.8574452,DESPEJADO,INDUSTRIAL,TRAMO RECTO,PLANA ,ASFALTADA,,,,,NO IDENTIFICA LA CAUSA,
A-2021-06-313,12/06/2021,23:30,ATROPELLO,1,1,1,PIURA,PIURA,PIURA,URBANA,AVENIDA,URBANO,NO CORRESPONDE,NO,-5.182669,-80.631149,DESPEJADO,COMERCIAL,TRAMO RECTO,PLANA ,ASFALTADA,SI,REGULADORA (R),REGULADORA (R),SI,,
A-2022-06-44,12/06/2022,04:00,CHOQUE,3,9,2,AREQUIPA,CAYLLOMA,SAN ANTONIO DE CHUCA,RURAL,CARRETERA,NACIONAL,PE-34A,NO,-15.9879738,-71.2530199,DESPEJADO,RURAL,TRAMO RECTO,PLANA ,ASFALTADA,NO,,,SI,NO IDENTIFICA LA CAUSA,
A-2022-06-45,12/06/2022,09:35,ATROPELLO,1,0,1,AREQUIPA,AREQUIPA,JOSE LUIS BUSTAMANTE Y RIVERO,URBANA,AVENIDA,URBANO,NO CORRESPONDE,NO,-16.427276,-71.533219,SOLEADO,COMERCIAL,TRAMO RECTO,PLANA ,ASFALTADA,NO,,,SI,NO IDENTIFICA LA CAUSA,
A-2022-06-34,12/06/2022,16:30,CHOQUE,1,1,2,ICA,ICA,ICA,URBANA,CALLE,URBANO,NO CORRESPONDE,NO,-14.0644453881845,-75.7368310849169,DESPEJADO,ESCOLAR,INTERSECCIÓN,PLANA ,ASFALTADA,,,,,NO IDENTIFICA LA CAUSA,
A-2023-06-133,12/06/2023,00:30,ATROPELLO,1,0,,LIMA,LIMA,CHACLACAYO,URBANA,CARRETERA,NACIONAL,PE-22,NO,-11.982035,-76.797168,DESPEJADO,RESIDENCIAL,TRAMO RECTO,PLANA ,ASFALTADA,NO,,,SI,IMPRUDENCIA DEL PEATÓN,OTRO (IMPRUDENCIA DEL PEATÓN)
A-2023-06-187,12/06/2023,03:40,ATROPELLO FUGA,1,0,1,CAJAMARCA,JAEN,PUCARA,RURAL,CARRETERA,NACIONAL,PE-3N,NO,-6.047501,-79.045497,DESPEJADO,RURAL,CURVA,PLANA ,ASFALTADA,NO,,,SI,NO IDENTIFICA LA CAUSA,
A-2023-06-135,12/06/2023,06:30,CAÍDA DE PASAJERO,1,0,,LIMA,LIMA,LIMA,URBANA,AVENIDA,URBANO,NO CORRESPONDE,NO,-12.04426499,-77.04279183,DESPEJADO,COMERCIAL,INTERSECCIÓN,PLANA ,ASFALTADA,,,,,EN PROCESO DE INVESTIGACIÓN,NO CUENTA CON CAUSA ESPECIFICA
A-2023-06-21,12/06/2023,06:30,DESPISTE,1,1,1,ANCASH,HUARI,HUARI,RURAL,CARRETERA,NACIONAL,PE-14B,NO,-9.34907782485405,-77.1741377151408,DESPEJADO,RURAL,TRAMO RECTO,INCLINADA,TROCHA,,,,,NO IDENTIFICA LA CAUSA,
A-2023-06-160,12/06/2023,10:30,ATROPELLO,1,0,,JUNIN,JAUJA,HUARIPAMPA,URBANA,CARRETERA,NACIONAL,PE-3SB,NO,-11.8115865255892,-75.4738207012679,DESPEJADO,RURAL,TRAMO RECTO,PLANA ,ASFALTADA,SI,REGULADORA (R),,SI,IMPRUDENCIA DEL CONDUCTOR,DESACATO DE SEÑAL DE TRÁNSITO
A-2023-06-24,12/06/2023,14:30,CHOQUE,6,11,,AREQUIPA,AREQUIPA,YURA,URBANA,CARRETERA,NACIONAL,PE-34A,NO,-16.2938643,-71.6391367,SOLEADO,RURAL,CURVA,INCLINADA,ASFALTADA,,,,,EN PROCESO DE INVESTIGACIÓN,NO CUENTA CON CAUSA ESPECIFICA
A-2023-06-23,12/06/2023,15:10,CHOQUE,1,1,2,CUSCO,ESPINAR,ESPINAR,URBANA,CARRETERA,NACIONAL,PE-3SG,NO,-14.798394,-71.42181,DESPEJADO,RESIDENCIAL,TRAMO RECTO,PLANA ,ASFALTADA,,,,,IMPRUDENCIA DEL CONDUCTOR,OTRO (IMPRUDENCIA DEL CONDUCTOR)
A-2023-06-161,12/06/2023,19:00,DESPISTE,2,2,,JUNIN,YAULI,LA OROYA,URBANA,CARRETERA,NACIONAL,PE-3S,NO,-11.5664160675816,-75.8616899968194,DESPEJADO,RURAL,CURVA,INCLINADA,ASFALTADA,NO,,,SI,,
A-2023-06-134,12/06/2023,20:30,ATROPELLO,1,0,,LIMA,LIMA,SAN MARTIN DE PORRES,URBANA,CARRETERA,NACIONAL,PE-1N,NO,-12.033849,-77.052185,DESPEJADO,COMERCIAL,CURVA,PLANA ,ASFALTADA,,,,,EN PROCESO DE INVESTIGACIÓN,NO CUENTA CON CAUSA ESPECIFICA
A-2021-07-304,12/07/2021,03:30,CHOQUE,1,2,2,SAN MARTIN,SAN MARTIN,LA BANDA DE SHILCAYO,RURAL,CARRETERA,NACIONAL,PE-5N,NO,-6.51751124096736,-76.3615952657631,DESPEJADO,RURAL,TRAMO RECTO,INCLINADA,ASFALTADA,NO,,,SI,IMPRUDENCIA DEL CONDUCTOR,CONDUCIR EN ESTADO DE EBRIEDAD Y/O DROGADICCIÓN
A-2021-07-297,12/07/2021,04:50,CHOQUE,1,0,2,ANCASH,SANTA,NEPEÑA,RURAL,CARRETERA,NACIONAL,PE-1N,NO,-9.23441337036379,-78.4485635050079,DESPEJADO,RURAL,TRAMO RECTO,PLANA ,ASFALTADA,,,,,NO IDENTIFICA LA CAUSA,
A-2021-07-48,12/07/2021,06:15,CHOQUE,4,6,2,AREQUIPA,CAYLLOMA,SAN ANTONIO DE CHUCA,RURAL,CARRETERA,NACIONAL,PE-34A,NO,-15.758273,-70.965986,DESPEJADO,RURAL,TRAMO RECTO,INCLINADA,ASFALTADA,NO,,,SI,NO IDENTIFICA LA CAUSA,
A-2021-07-61,12/07/2021,08:10,CHOQUE,1,0,4,ICA,ICA,SANTIAGO,RURAL,CARRETERA,NACIONAL,PE-1S,NO,-14.215792,-75.709245,DESPEJADO,RURAL,CURVA,PLANA ,ASFALTADA,SI,PREVENTIVA (P),PREVENTIVA (P),SI,NO IDENTIFICA LA CAUSA,
A-2021-07-81,12/07/2021,09:45,CHOQUE,1,0,2,LA LIBERTAD,CHEPEN,CHEPEN,RURAL,CARRETERA,NACIONAL,PE-08,NO,-7.320172,-79.370243,DESPEJADO,RURAL,TRAMO RECTO,PLANA ,ASFALTADA,,,,,IMPRUDENCIA DEL CONDUCTOR,NO ESTABLECER EL DERECHO DE PASO
A-2021-07-227,12/07/2021,10:00,DESPISTE,2,2,1,AREQUIPA,CARAVELI,CHAPARRA,RURAL,CARRETERA,SIN CLASIFICAR,SIN CLASIFICAR,NO,-15.75,-73.787,DESPEJADO,RURAL,OTRO,INCLINADA,TROCHA,,,,,NO IDENTIFICA LA CAUSA,
A-2021-07-158,12/07/2021,12:00,DESPISTE,1,0,1,CUSCO,CALCA,CALCA,RURAL,CARRETERA,VECINAL,CU-948,NO,-13.24952,-71.89265,DESPEJADO,RURAL,TRAMO RECTO,PLANA ,ASFALTADA,SI,REGULADORA (R),REGULADORA (R),SI,IMPRUDENCIA DEL CONDUCTOR,EXCESO DE VELOCIDAD
A-2021-07-83,12/07/2021,13:40,DESPISTE,1,9,1,HUANCAVELICA,CASTROVIRREYNA,CASTROVIRREYNA,RURAL,CARRETERA,SIN CLASIFICAR,SIN CLASIFICAR,NO,-13.2544,-75.2749,SOLEADO,RURAL,SINUOSA,INCLINADA,AFIRMADO,,,,,NO IDENTIFICA LA CAUSA,
A-2021-07-244,12/07/2021,14:30,CHOQUE,1,0,0,LIMA,LIMA,LIMA,RURAL,AVENIDA,URBANO,NO CORRESPONDE,NO,-12.0580984,-77.0159842,DESPEJADO,RESIDENCIAL,TRAMO RECTO,PLANA ,ASFALTADA,,,,,IMPRUDENCIA DEL CONDUCTOR,EXCESO DE VELOCIDAD
A-2021-07-74,12/07/2021,14:30,CHOQUE,2,0,2,JUNIN,CHANCHAMAYO,PERENE,RURAL,CARRETERA,NACIONAL,PE-5S,NO,-10.8938069215599,-74.9366756428387,NUBLADO,RURAL,TRAMO RECTO,PLANA ,ASFALTADA,,,,,,
A-2021-07-70,12/07/2021,16:00,CHOQUE,2,4,2,CAJAMARCA,CAJAMARCA,MAGDALENA,RURAL,CARRETERA,NACIONAL,PE-08,NO,-7.280169,-78.588818,DESPEJADO,RURAL,TRAMO RECTO,PLANA ,ASFALTADA,SI,PREVENTIVA (P),REGULADORA (R),SI,NO IDENTIFICA LA CAUSA,
A-2021-07-245,12/07/2021,19:00,ATROPELLO,2,0,0,LIMA,LIMA,ATE,URBANA,AVENIDA,URBANO,NO CORRESPONDE,NO,-12.0197036,-76.9007886,DESPEJADO,COMERCIAL,TRAMO RECTO,PLANA ,ASFALTADA,,,,,IMPRUDENCIA DEL PEATÓN,USO DE DISPOSITIVOS MÓVILES Y/O ELECTRÓNICOS
A-2021-07-103,12/07/2021,22:50,ATROPELLO FUGA,1,0,0,LAMBAYEQUE,CHICLAYO,PIMENTEL,RURAL,CARRETERA,NACIONAL,PE-1N,NO,-6.7432016,-79.8756589,DESPEJADO,INDUSTRIAL,TRAMO RECTO,PLANA ,ASFALTADA,,,,,NO IDENTIFICA LA CAUSA,
A-2022-07-214,12/07/2022,11:40,DESPISTE,1,0,,APURIMAC,AYMARAES,TINTAY,RURAL,CARRETERA,NACIONAL,PE-30A,,-13.9519292288373,-73.140339704591,,,,,,,,,,,
A-2022-07-189,12/07/2022,12:20,DESPISTE,1,0,,CAJAMARCA,CUTERVO,SOCOTA,,CARRETERA,NACIONAL,PE-3ND,,-6.328728,-78.713119,,,,,,,,,,,
A-2022-07-238,12/07/2022,12:30,ATROPELLO FUGA,1,0,,CALLAO,CALLAO,CALLAO,URBANA,CALLE,URBANO,NO CORRESPONDE,NO,-12.0216519,-77.1365997195,DESPEJADO,COMERCIAL,TRAMO RECTO,PLANA ,ASFALTADA,SI,REGULADORA (R),,SI,NO IDENTIFICA LA CAUSA,
A-2022-07-67,12/07/2022,14:30,DESPISTE,2,0,1,LA LIBERTAD,VIRU,GUADALUPITO,RURAL,CARRETERA,NACIONAL,PE-1N,NO,-8.702087,-78.639476,DESPEJADO,RURAL,TRAMO RECTO,PLANA ,ASFALTADA,,,,,IMPRUDENCIA DEL CONDUCTOR,EXCESO DE VELOCIDAD
A-2022-07-216,12/07/2022,16:00,CHOQUE,1,0,,CAJAMARCA,CUTERVO,CUTERVO,RURAL,CARRETERA,NACIONAL,PE-3ND,NO,-6.368741,-78.779169,DESPEJADO,RURAL,CURVA,INCLINADA,ASFALTADA,,,,,NO IDENTIFICA LA CAUSA,
A-2022-07-177,12/07/2022,23:45,ATROPELLO FUGA,1,0,,LIMA,LIMA,SAN MARTIN DE PORRES,URBANA,AVENIDA,URBANO,NO CORRESPONDE,NO,-12.0319779957917,-77.0750169052239,DESPEJADO,COMERCIAL,TRAMO RECTO,PLANA ,ASFALTADA,,,,,NO IDENTIFICA LA CAUSA,
A-2023-07-135,12/07/2023,02:45,DESPISTE,1,1,,LIMA,LIMA,INDEPENDENCIA,URBANA,CARRETERA,NACIONAL,PE-1N,NO,-11.9810254674249,-77.065500252978,DESPEJADO,COMERCIAL,TRAMO RECTO,INCLINADA,ASFALTADA,,,,,EN PROCESO DE INVESTIGACIÓN,NO CUENTA CON CAUSA ESPECIFICA
A-2023-07-98,12/07/2023,03:00,CHOQUE,1,0,,LORETO,MAYNAS,IQUITOS,URBANA,CALLE,URBANO,NO CORRESPONDE,,-3.7568189,-73.2511955,,,,,,,,,,,
A-2023-07-13,12/07/2023,07:30,CHOQUE,2,4,2,PUNO,CHUCUITO,JULI,RURAL,CARRETERA,NACIONAL,PE-3S,NO,-16.2239721,-69.4623816,DESPEJADO,RURAL,CURVA,PLANA ,ASFALTADA,,,,,IMPRUDENCIA DEL CONDUCTOR,EXCESO DE VELOCIDAD
A-2023-07-88,12/07/2023,10:30,VOLCADURA,1,0,1,APURIMAC,CHINCHEROS,URANMARCA,RURAL,CARRETERA,VECINAL,AP-554,NO,-13.7249557965443,-73.6732008685842,SOLEADO,RURAL,TRAMO RECTO,PLANA ,TROCHA,,,,,NEGLIGENCIA DEL CONDUCTOR,OTRO (NEGLIGENCIA DEL CONDUCTOR)
A-2023-07-28,12/07/2023,17:20,ATROPELLO,1,0,1,LA LIBERTAD,SANCHEZ CARRION,HUAMACHUCO,URBANA,AUTOPISTA,URBANO,NO CORRESPONDE,NO,-7.817705,-78.033597,DESPEJADO,COMERCIAL,TRAMO RECTO,PLANA ,ASFALTADA,,,,,NO IDENTIFICA LA CAUSA,
A-2023-07-15,12/07/2023,18:40,ATROPELLO FUGA,1,0,,PUNO,PUNO,CHUCUITO,RURAL,CARRETERA,NACIONAL,PE-3S,NO,-15.9015322293279,-69.8884159405583,DESPEJADO,RURAL,TRAMO RECTO,PLANA ,ASFALTADA,,,,,NO IDENTIFICA LA CAUSA,
A-2023-07-137,12/07/2023,20:30,DESPISTE,1,0,,LIMA,LIMA,VILLA EL SALVADOR,URBANA,AVENIDA,URBANO,NO CORRESPONDE,NO,-12.2397627518089,-76.9121209122483,DESPEJADO,COMERCIAL,ÓVALO,INCLINADA,ASFALTADA,,,,,EN PROCESO DE INVESTIGACIÓN,NO CUENTA CON CAUSA ESPECIFICA
A-2023-07-105,12/07/2023,22:15,VOLCADURA,1,0,1,PUNO,SAN ANTONIO DE PUTINA,SINA,RURAL,CARRETERA,DEPARTAMENTAL,PU-109,NO,-14.553848,-69.293572,DESPEJADO,RURAL,TRAMO RECTO,PLANA ,TROCHA,,,,,IMPRUDENCIA DEL CONDUCTOR,EXCESO DE VELOCIDAD
A-2021-08-309,12/08/2021,01:40,CHOQUE,3,0,2,ANCASH,HUARMEY,HUARMEY,RURAL,CARRETERA,NACIONAL,PE-1N,NO,-10.0189764758187,-78.1714024188635,DESPEJADO,RURAL,TRAMO RECTO,PLANA ,ASFALTADA,,,,,NO IDENTIFICA LA CAUSA,
A-2021-08-264,12/08/2021,12:45,ATROPELLO FUGA,1,0,0,LIMA,BARRANCA,PARAMONGA,RURAL,CARRETERA,NACIONAL,PE-16,NO,-10.4098986065765,-77.7075859040785,SOLEADO,RURAL,TRAMO RECTO,PLANA ,ASFALTADA,,,,,NO IDENTIFICA LA CAUSA,
A-2021-08-64,12/08/2021,17:30,ATROPELLO,1,0,1,LA LIBERTAD,PACASMAYO,GUADALUPE,URBANA,CARRETERA,NACIONAL,PE-1N,NO,-7.260811,-79.488582,DESPEJADO,INDUSTRIAL,TRAMO RECTO,PLANA ,ASFALTADA,,,,,NEGLIGENCIA DEL CONDUCTOR,OTRO (NEGLIGENCIA DEL CONDUCTOR)
A-2021-08-310,12/08/2021,19:20,ATROPELLO FUGA,1,0,,ANCASH,SANTA,CHIMBOTE,URBANA,AVENIDA,URBANO,NO CORRESPONDE,NO,-9.07462448020743,-78.5830896176609,DESPEJADO,RESIDENCIAL,TRAMO RECTO,PLANA ,ASFALTADA,,,,,NO IDENTIFICA LA CAUSA,
A-2022-08-31,12/08/2022,00:05,ATROPELLO FUGA,1,0,1,LA LIBERTAD,TRUJILLO,HUANCHACO,RURAL,CARRETERA,NACIONAL,PE-1N,NO,-8.090622,-79.09733,DESPEJADO,RURAL,TRAMO RECTO,PLANA ,ASFALTADA,,,,,NO IDENTIFICA LA CAUSA,
A-2022-08-237,12/08/2022,02:15,DESPISTE,1,0,1,PIURA,PIURA,PIURA,URBANA,CARRETERA,NACIONAL,PE-1N,NO,-5.18464098516128,-80.6489166240722,DESPEJADO,RURAL,ÓVALO,PLANA ,ASFALTADA,,,,,,
A-2022-08-22,12/08/2022,19:10,CHOQUE,1,1,1,SAN MARTIN,MOYOBAMBA,HABANA,RURAL,CARRETERA,NACIONAL,PE-08B,NO,-6.0874,-77.085152,DESPEJADO,RURAL,TRAMO RECTO,PLANA ,ASFALTADA,,,,,IMPRUDENCIA DEL CONDUCTOR,OTRO (IMPRUDENCIA DEL CONDUCTOR)
A-2022-08-162,12/08/2022,19:20,CHOQUE FUGA,1,0,,LIMA,LIMA,SAN JUAN DE LURIGANCHO,URBANA,JIRÓN,URBANO,NO CORRESPONDE,NO,-12.0225770117272,-77.0017471929846,DESPEJADO,RESIDENCIAL,INTERSECCIÓN,PLANA ,ASFALTADA,,,,,NO IDENTIFICA LA CAUSA,
A-2023-08-16,12/08/2023,16:07,VOLCADURA,1,0,1,SAN MARTIN,MOYOBAMBA,MOYOBAMBA,RURAL,CARRETERA,NACIONAL,PE-5N,NO,-6.048827,-77.041165,DESPEJADO,RURAL,TRAMO RECTO,PLANA ,ASFALTADA,NO,,,NO,IMPRUDENCIA DEL CONDUCTOR,OTRO (IMPRUDENCIA DEL CONDUCTOR)
A-2023-08-123,12/08/2023,19:00,ATROPELLO,1,0,,HUANCAVELICA,HUANCAVELICA,VILCA,RURAL,CARRETERA,DEPARTAMENTAL,HV-110,NO,-12.512357,-75.196236,DESPEJADO,RURAL,CURVA,INCLINADA,TROCHA,,,,,IMPRUDENCIA DEL PEATÓN,ESTADO DE EBRIEDAD Y/O DROGADICCIÓN
A-2023-08-52,12/08/2023,22:30,DESPISTE,1,0,1,LIMA,HUAURA,HUACHO,RURAL,CARRETERA,NACIONAL,PE-1N,NO,-11.1954,-77.56842,DESPEJADO,RURAL,TRAMO RECTO,PLANA ,ASFALTADA,,,,,IMPRUDENCIA DEL CONDUCTOR,CONDUCIR EN ESTADO DE EBRIEDAD Y/O DROGADICCIÓN
A-2023-08-28,12/08/2023,23:00,CHOQUE,1,0,2,ICA,NASCA,NASCA,URBANA,CARRETERA,NACIONAL,PE-1S,NO,-14.8394228,-74.9423241,DESPEJADO,COMERCIAL,TRAMO RECTO,PLANA ,ASFALTADA,SI,INFORMATIVA (I),,NO,EN PROCESO DE INVESTIGACIÓN,NO CUENTA CON CAUSA ESPECIFICA
A-2021-09-276,12/09/2021,05:00,CHOQUE,1,0,2,CAJAMARCA,JAEN,BELLAVISTA,URBANA,CARRETERA,VECINAL,CA-744,NO,-5.66503978165167,-78.6812549418639,DESPEJADO,RESIDENCIAL,TRAMO RECTO,PLANA ,ASFALTADA,,,,,NO IDENTIFICA LA CAUSA,
A-2021-09-163,12/09/2021,12:30,FERROVIARIO,1,0,1,CUSCO,ANTA,ANTA,RURAL,CARRETERA,DEPARTAMENTAL,CU-110,NO,-13.455011,-72.189688,DESPEJADO,RURAL,OTRO,PLANA ,CASCAJO/RIPIO,,,,,IMPRUDENCIA DEL PEATÓN,OTRO (IMPRUDENCIA DEL PEATÓN)
A-2021-09-41,12/09/2021,16:40,CHOQUE,1,10,2,PUNO,PUNO,PUNO,URBANA,AVENIDA,URBANO,NO CORRESPONDE,SI,-15.851551,-70.015947,DESPEJADO,COMERCIAL,TRAMO RECTO,PLANA ,ASFALTADA,NO,,,SI,IMPRUDENCIA DEL CONDUCTOR,CONDUCIR EN ESTADO DE EBRIEDAD Y/O DROGADICCIÓN
A-2021-09-119,12/09/2021,19:58,CHOQUE,1,0,,LIMA,LIMA,VILLA EL SALVADOR,URBANA,AVENIDA,URBANO,NO CORRESPONDE,NO,-12.1928498679908,-76.9623671395796,DESPEJADO,RESIDENCIAL,TRAMO RECTO,PLANA ,ASFALTADA,,,,,IMPRUDENCIA DEL CONDUCTOR,OTRO (IMPRUDENCIA DEL CONDUCTOR)
A-2021-09-59,12/09/2021,22:00,CHOQUE,1,1,2,CUSCO,URUBAMBA,YUCAY,RURAL,CARRETERA,NACIONAL,PE-28B,NO,-13.330792,-72.071909,SOLEADO,RURAL,TRAMO RECTO,PLANA ,ASFALTADA,,,,,IMPRUDENCIA DEL CONDUCTOR,INVASIÓN DE CARRIL
A-2022-09-150,12/09/2022,03:40,DESPISTE,1,1,1,LIMA,LIMA,LURIGANCHO,URBANA,CARRETERA,VECINAL,LM-711,NO,-11.955,-76.936241,DESPEJADO,RURAL,CURVA,INCLINADA,TROCHA,,,,,NO IDENTIFICA LA CAUSA,
A-2022-09-107,12/09/2022,08:45,ATROPELLO,1,0,0,LAMBAYEQUE,CHICLAYO,PIMENTEL,URBANA,CARRETERA,NACIONAL,PE-1N,NO,-6.770169,-79.875999,DESPEJADO,RESIDENCIAL,TRAMO RECTO,PLANA ,ASFALTADA,,,,,NO IDENTIFICA LA CAUSA,
A-2022-09-53,12/09/2022,11:30,ATROPELLO FUGA,1,0,,AREQUIPA,AREQUIPA,AREQUIPA,URBANA,CALLE,URBANO,NO CORRESPONDE,NO,-16.4060904886183,-71.5299983926442,DESPEJADO,RESIDENCIAL,TRAMO RECTO,PLANA ,ASFALTADA,NO,,,SI,NO IDENTIFICA LA CAUSA,
A-2022-09-106,12/09/2022,12:00,ESPECIAL,1,0,0,LAMBAYEQUE,CHICLAYO,SAÑA,RURAL,CARRETERA,VECINAL,LA-817,NO,-6.95035,-79.577458,DESPEJADO,RURAL,TRAMO RECTO,PLANA ,TROCHA,,,,,NO IDENTIFICA LA CAUSA,
A-2022-09-184,12/09/2022,17:00,CHOQUE,1,0,,AYACUCHO,HUANTA,SIVIA,URBANA,CARRETERA,NACIONAL,PE-28H,NO,-12.51206576,-73.85891497,DESPEJADO,RURAL,TRAMO RECTO,PLANA ,ASFALTADA,,,,,IMPRUDENCIA DEL CONDUCTOR,OTRO (IMPRUDENCIA DEL CONDUCTOR)
A-2022-09-47,12/09/2022,20:20,ATROPELLO,1,0,1,LA LIBERTAD,TRUJILLO,HUANCHACO,RURAL,CARRETERA,NACIONAL,PE-1N,NO,-7.987828,-79.076388,DESPEJADO,INDUSTRIAL,TRAMO RECTO,PLANA ,ASFALTADA,,,,,NO IDENTIFICA LA CAUSA,
A-2023-09-11,12/09/2023,05:50,ATROPELLO,1,1,1,AMAZONAS,RODRIGUEZ DE MENDOZA,SAN NICOLAS,URBANA,AVENIDA,URBANO,NO CORRESPONDE,NO,-6.391068,-77.497284,DESPEJADO,INDUSTRIAL,TRAMO RECTO,INCLINADA,CONCRETO,SI,PREVENTIVA (P),,SI,EN PROCESO DE INVESTIGACIÓN,NO CUENTA CON CAUSA ESPECIFICA
A-2023-09-115,12/09/2023,11:00,DESPISTE,2,35,1,AYACUCHO,HUAMANGA,VINCHOS,RURAL,CARRETERA,NACIONAL,PE-28A,NO,-13.281071,-74.307477,DESPEJADO,RURAL,CURVA,INCLINADA,ASFALTADA,SI,PREVENTIVA (P),PREVENTIVA (P),NO,IMPRUDENCIA DEL CONDUCTOR,EXCESO DE VELOCIDAD
A-2023-09-42,12/09/2023,21:10,CHOQUE,10,7,,AREQUIPA,AREQUIPA,VITOR,RURAL,CARRETERA,NACIONAL,PE-1S,NO,-16.466055,-71.954075,DESPEJADO,RESIDENCIAL,CURVA,INCLINADA,ASFALTADA,,,,,NO IDENTIFICA LA CAUSA,
A-2021-10-77,12/10/2021,07:15,CHOQUE,1,2,2,LA LIBERTAD,ASCOPE,CHICAMA,RURAL,CARRETERA,NACIONAL,PE-1NF,NO,-7.608115,-78.915286,DESPEJADO,RURAL,TRAMO RECTO,PLANA ,ASFALTADA,,,,,NO IDENTIFICA LA CAUSA,
A-2021-10-91,12/10/2021,14:30,CHOQUE,1,0,1,PUNO,CARABAYA,MACUSANI,URBANA,JIRÓN,URBANO,NO CORRESPONDE,NO,-14.0616134330306,-70.4185089019921,DESPEJADO,RESIDENCIAL,TRAMO RECTO,PLANA ,TROCHA,,,,,IMPRUDENCIA DEL CONDUCTOR,OTRO (IMPRUDENCIA DEL CONDUCTOR)
A-2021-10-160,12/10/2021,15:20,DESPISTE,2,0,1,CUSCO,PAUCARTAMBO,HUANCARANI,RURAL,CARRETERA,DEPARTAMENTAL,CU-115,NO,-13.5093409712455,-71.6554708500217,DESPEJADO,RURAL,CURVA,PLANA ,AFIRMADO,,,,,IMPRUDENCIA DEL CONDUCTOR,EXCESO DE VELOCIDAD
A-2021-10-213,12/10/2021,21:20,DESPISTE,1,1,1,ANCASH,CARHUAZ,SAN MIGUEL DE ACO,RURAL,CARRETERA,VECINAL,AN-770,NO,-9.3395182428767,-77.5485222766807,DESPEJADO,RURAL,TRAMO RECTO,INCLINADA,AFIRMADO,,,,,NO IDENTIFICA LA CAUSA,