CODIGO_SINIESTRO,FECHA_SINIESTRO,HORA_SINIESTRO,CLASE_SINIESTRO,CANTIDAD_DE_FALLECIDOS,CANTIDAD_DE_LESIONADOS,CANTIDAD_DE_VEHICULOS_DANADOS,DEPARTAMENTO,PROVINCIA,DISTRITO,ZONA,TIPO_DE_VIA,RED_VIAL,COD_CARRETERA,EXISTE_CICLOVIA,COORDENADAS_LATITUD,COORDENADAS_LONGITUD,CONDICION_CLIMATICA,ZONIFICACION,CARACTERISTICAS_DE_VIA,PERFIL_LONGITUDINAL_VIA,SUPERFICIE_DE_CALZADA,EXISTE_SENAL_VERTICAL,CLASIFICACION_DE_LA_SENAL_VERTICAL_N_1,CLASIFICACION_DE_LA_SENAL_VERTICAL_N_2,EXISTE_SENAL_HORIZONTAL,CAUSA_FACTOR_PRINCIPAL,CAUSA_ESPECIFICA
A-2022-02-283,13/02/2022,15:30,CHOQUE,1,7,,JUNIN,CHANCHAMAYO,SAN RAMON,RURAL,CARRETERA,NACIONAL,PE-22B,,-11.1834635081528,-75.4580143517392,,,,,,,,,,,
A-2022-02-200,13/02/2022,21:00,CHOQUE CON OBJETO FIJO,1,0,1,CUSCO,CUSCO,SAN JERONIMO,URBANA,CARRETERA,SIN CLASIFICAR,SIN CLASIFICAR,NO,-13.5548138435378,-71.8756628609661,LLUVIOSO,RESIDENCIAL,TRAMO RECTO,INCLINADA,ASFALTADA,SI,REGULADORA (R),REGULADORA (R),NO,IMPRUDENCIA DEL CONDUCTOR,EXCESO DE VELOCIDAD
A-2022-02-100,13/02/2022,21:45,CHOQUE,1,1,2,LAMBAYEQUE,LAMBAYEQUE,LAMBAYEQUE,RURAL,CARRETERA,NACIONAL,PE-1N,NO,-6.72860432887903,-79.8892306919394,DESPEJADO,RURAL,CURVA,PLANA ,ASFALTADA,,,,,NO IDENTIFICA LA CAUSA,
A-2022-02-285,13/02/2022,22:30,DESPISTE,1,0,,JUNIN,CHANCHAMAYO,CHANCHAMAYO,RURAL,CARRETERA,NACIONAL,PE-5N,,-10.9124373704123,-75.2855193452588,,,,,,,,,,,
A-2023-02-16,13/02/2023,13:00,ESPECIAL,1,0,1,AREQUIPA,AREQUIPA,JACOBO HUNTER,URBANA,AVENIDA,URBANO,NO CORRESPONDE,NO,-16.4435945,-71.5556462,DESPEJADO,COMERCIAL,TRAMO RECTO,INCLINADA,CONCRETO,,,,,NO IDENTIFICA LA CAUSA,
A-2023-02-110,13/02/2023,15:00,VOLCADURA,1,0,,APURIMAC,GRAU,GAMARRA,RURAL,CARRETERA,VECINAL,AP-907,,-13.8417250342759,-72.5783175520282,,,,,,,,,,,
A-2023-02-4,13/02/2023,19:00,ATROPELLO,1,4,1,HUANUCO,LEONCIO PRADO,PUCAYACU,RURAL,CARRETERA,NACIONAL,PE-5N,NO,-8.799882,-76.124235,DESPEJADO,RURAL,TRAMO RECTO,PLANA ,ASFALTADA,SI,REGULADORA (R),PREVENTIVA (P),SI,NO IDENTIFICA LA CAUSA,
A-2023-02-22,13/02/2023,23:30,ATROPELLO FUGA,1,0,,LA LIBERTAD,CHEPEN,CHEPEN,URBANA,CALLE,URBANO,NO CORRESPONDE,NO,-7.231204,-79.422057,DESPEJADO,COMERCIAL,TRAMO RECTO,PLANA ,ASFALTADA,,,,,NO IDENTIFICA LA CAUSA,
A-2021-03-73,13/03/2021,00:10,ATROPELLO,1,0,1,AREQUIPA,AREQUIPA,CERRO COLORADO,URBANA,CARRETERA,NACIONAL,PE-34A,NO,-16.3758069,-71.5751028,DESPEJADO,COMERCIAL,TRAMO RECTO,INCLINADA,ASFALTADA,NO,,,SI,IMPRUDENCIA DEL CONDUCTOR,OTRO (IMPRUDENCIA DEL CONDUCTOR)
A-2021-03-274,13/03/2021,01:00,CHOQUE,2,8,2,HUANCAVELICA,HUAYTARA,PILPICHACA,RURAL,CARRETERA,NACIONAL,PE-28E,NO,-13.353474,-74.954488,DESPEJADO,RURAL,TRAMO RECTO,PLANA ,ASFALTADA,,,,,IMPRUDENCIA DEL CONDUCTOR,
A-2021-03-107,13/03/2021,03:00,DESPISTE,2,0,1,LIMA,HUAURA,HUACHO,RURAL,CARRETERA,NACIONAL,PE-1N,NO,-11.2489548268988,-77.5296913987911,DESPEJADO,RURAL,TRAMO RECTO,PLANA ,ASFALTADA,SI,REGULADORA (R),,NO,NO IDENTIFICA LA CAUSA,
A-2021-03-168,13/03/2021,08:29,ESPECIAL,1,0,0,SAN MARTIN,RIOJA,PARDO MIGUEL,URBANA,CARRETERA,NACIONAL,PE-5N,NO,-5.74669370562832,-77.4762570461342,LLUVIOSO,RESIDENCIAL,TRAMO RECTO,PLANA ,ASFALTADA,,,,,IMPRUDENCIA DEL CONDUCTOR,CONDUCIR EN ESTADO DE EBRIEDAD Y/O DROGADICCIÓN
A-2021-03-79,13/03/2021,15:40,ATROPELLO,1,0,1,SAN MARTIN,RIOJA,NUEVA CAJAMARCA,URBANA,CARRETERA,NACIONAL,PE-5N,NO,-5.92532612047425,-77.3151709934277,DESPEJADO,COMERCIAL,TRAMO RECTO,PLANA ,ASFALTADA,,PREVENTIVA (P),PREVENTIVA (P),,IMPRUDENCIA DEL CONDUCTOR,OTRO (IMPRUDENCIA DEL CONDUCTOR)
A-2021-03-82,13/03/2021,16:50,CHOQUE,1,5,2,PIURA,MORROPON,CHULUCANAS,RURAL,CARRETERA,SIN CLASIFICAR,SIN CLASIFICAR,NO,-5.00954765882599,-80.2211168608005,DESPEJADO,RURAL,CURVA,PLANA ,TROCHA,,,,,,
A-2021-03-373,13/03/2021,20:20,ATROPELLO FUGA,1,0,,ANCASH,SANTA,CHIMBOTE,RURAL,CARRETERA,SIN CLASIFICAR,SIN CLASIFICAR,NO,-9.03360485450942,-78.5612527204443,DESPEJADO,RURAL,TRAMO RECTO,PLANA ,ASFALTADA,,,,,NO IDENTIFICA LA CAUSA,
A-2021-03-320,13/03/2021,21:00,CHOQUE FUGA,1,0,1,LAMBAYEQUE,FERREÑAFE,FERREÑAFE,RURAL,CARRETERA,VECINAL,LA-712,NO,-6.678596,-79.781781,DESPEJADO,RURAL,OTRO,PLANA ,TROCHA,,,,,NO IDENTIFICA LA CAUSA,
A-2021-03-81,13/03/2021,23:30,ATROPELLO FUGA,1,1,1,AREQUIPA,AREQUIPA,CAYMA,URBANA,AVENIDA,URBANO,NO CORRESPONDE,NO,-16.3188111956533,-71.5296923462241,DESPEJADO,RESIDENCIAL,CURVA,INCLINADA,ASFALTADA,,,,,IMPRUDENCIA DEL CONDUCTOR,EXCESO DE VELOCIDAD
A-2022-03-71,13/03/2022,03:30,ATROPELLO,1,0,1,AREQUIPA,ISLAY,ISLAY,RURAL,CARRETERA,NACIONAL,PE-1SD,NO,-16.998379,-72.062978,DESPEJADO,RURAL,TRAMO RECTO,INCLINADA,ASFALTADA,NO,,,SI,NO IDENTIFICA LA CAUSA,
A-2022-03-109,13/03/2022,04:00,CHOQUE FUGA,1,0,2,AREQUIPA,AREQUIPA,AREQUIPA,URBANA,CALLE,URBANO,NO CORRESPONDE,NO,-16.397815544469,-71.5326475605022,DESPEJADO,RESIDENCIAL,TRAMO RECTO,PLANA ,ASFALTADA,,,,,NO IDENTIFICA LA CAUSA,
A-2022-03-33,13/03/2022,04:00,ATROPELLO FUGA,1,0,,ICA,PISCO,SAN CLEMENTE,URBANA,CALLE,URBANO,NO CORRESPONDE,NO,-13.6791809678303,-76.1523140031983,DESPEJADO,RESIDENCIAL,INTERSECCIÓN,PLANA ,ASFALTADA,,,,,NO IDENTIFICA LA CAUSA,
A-2022-03-32,13/03/2022,05:45,ATROPELLO FUGA,1,0,,ICA,ICA,SALAS,RURAL,CARRETERA,NACIONAL,PE-1S,NO,-13.9305637636699,-75.939260831557,DESPEJADO,RURAL,TRAMO RECTO,PLANA ,ASFALTADA,,,,,NO IDENTIFICA LA CAUSA,
A-2022-03-284,13/03/2022,06:00,CHOQUE,1,0,,MADRE DE DIOS,TAMBOPATA,LABERINTO,,CARRETERA,VECINAL,MD-529,,-12.760173,-69.566378,,,,,,,,,,,
A-2022-03-165,13/03/2022,07:10,CHOQUE,2,1,,LIMA,HUAURA,VEGUETA,RURAL,CARRETERA,NACIONAL,PE-1N,NO,-11.002744,-77.617208,DESPEJADO,RURAL,INTERSECCIÓN,PLANA ,ASFALTADA,SI,REGULADORA (R),REGULADORA (R),NO,IMPRUDENCIA DEL CONDUCTOR,EXCESO DE VELOCIDAD
A-2022-03-259,13/03/2022,11:40,ATROPELLO,1,0,,LIMA,LIMA,SAN JUAN DE LURIGANCHO,URBANA,AVENIDA,URBANO,NO CORRESPONDE,,-11.9927389,-77.0108661,,,,,,,,,,,
A-2022-03-205,13/03/2022,14:40,DESPISTE,1,1,1,LIMA,HUAURA,SAYAN,RURAL,CARRETERA,NACIONAL,PE-18,NO,-11.13827,-77.202376,DESPEJADO,RURAL,CURVA,PLANA ,ASFALTADA,SI,PREVENTIVA (P),,NO,IMPRUDENCIA DEL CONDUCTOR,EXCESO DE VELOCIDAD
A-2022-03-126,13/03/2022,16:10,ESPECIAL,2,0,1,LA LIBERTAD,PATAZ,PATAZ,RURAL,CARRETERA,DEPARTAMENTAL,LI-124,NO,-7.697309,-77.66172,LLUVIOSO,RURAL,TRAMO RECTO,PLANA ,TROCHA,,,,,INFRAESTRUCTURA Y ENTORNO VIAL,FACTOR AMBIENTAL
A-2022-03-157,13/03/2022,18:00,DESPISTE,1,3,1,CAJAMARCA,SAN PABLO,SAN PABLO,RURAL,CARRETERA,VECINAL,CA-1290,NO,-7.07082,-78.782245,NUBLADO,RURAL,CURVA,PLANA ,TROCHA,,,,,NO IDENTIFICA LA CAUSA,
A-2022-03-240,13/03/2022,18:00,VOLCADURA,1,0,,APURIMAC,ANTABAMBA,ANTABAMBA,RURAL,CARRETERA,SIN CLASIFICAR,SIN CLASIFICAR,,-14.388761398216,-72.8426072455281,,,,,,,,,,,
A-2022-03-155,13/03/2022,19:20,DESPISTE,1,0,1,CUSCO,ACOMAYO,MOSOC LLACTA,RURAL,CARRETERA,SIN CLASIFICAR,SIN CLASIFICAR,NO,-14.1225351186694,-71.4743294606795,DESPEJADO,RURAL,TRAMO RECTO,PLANA ,ASFALTADA,,,,,IMPRUDENCIA DEL CONDUCTOR,EXCESO DE VELOCIDAD
A-2022-03-226,13/03/2022,21:10,CHOQUE,1,0,,JUNIN,SATIPO,SATIPO,URBANA,CARRETERA,NACIONAL,PE-24A,,-11.2477963385713,-74.6372293901492,,,,,,,,,,,
A-2022-03-156,13/03/2022,23:30,CHOQUE,1,0,1,CAJAMARCA,JAEN,PUCARA,RURAL,CARRETERA,NACIONAL,PE-3N,NO,-6.059592,-79.075479,DESPEJADO,RURAL,TRAMO RECTO,PLANA ,ASFALTADA,NO,,,SI,NO IDENTIFICA LA CAUSA,
A-2023-03-83,13/03/2023,05:30,CHOQUE,1,0,1,ICA,NASCA,NASCA,URBANA,CARRETERA,NACIONAL,PE-30A,NO,-14.8405,-74.93178,DESPEJADO,RURAL,TRAMO RECTO,PLANA ,ASFALTADA,,,,,NO IDENTIFICA LA CAUSA,
A-2023-03-142,13/03/2023,15:30,CAÍDA DE PASAJERO,1,0,,LIMA,LIMA,ANCON,URBANA,CARRETERA,NACIONAL,PE-1N,NO,-11.812734,-77.12962,DESPEJADO,COMERCIAL,TRAMO RECTO,PLANA ,ASFALTADA,,,,,NO IDENTIFICA LA CAUSA,
A-2023-03-79,13/03/2023,20:00,DESPISTE,1,0,1,AMAZONAS,RODRIGUEZ DE MENDOZA,LONGAR,RURAL,CARRETERA,NACIONAL,PE-08B,NO,-6.3699019,-77.5221742,LLUVIOSO,RURAL,CURVA,INCLINADA,AFIRMADO,,,,,NO IDENTIFICA LA CAUSA,
A-2023-03-159,13/03/2023,23:00,ATROPELLO FUGA,1,0,,LIMA,LIMA,LIMA,URBANA,JIRÓN,URBANO,NO CORRESPONDE,NO,-12.04945744,-77.01956828,DESPEJADO,RESIDENCIAL,TRAMO RECTO,PLANA ,ASFALTADA,,,,,IMPRUDENCIA DEL PEATÓN,OTRO (IMPRUDENCIA DEL PEATÓN)
A-2023-03-18,13/03/2023,23:00,CHOQUE,2,1,2,PUNO,PUNO,PUNO,RURAL,CARRETERA,NACIONAL,PE-3S,NO,-15.876976,-69.926815,DESPEJADO,RURAL,TRAMO RECTO,PLANA ,ASFALTADA,,,,,INFRAESTRUCTURA Y ENTORNO VIAL,OTRO (INFRAESTRUCTURA Y ENTORNO VIAL)
A-2021-04-274,13/04/2021,08:10,VOLCADURA,1,2,1,AREQUIPA,AREQUIPA,VITOR,RURAL,CARRETERA,NACIONAL,PE-1S,NO,-16.4430928196151,-71.980432517097,DESPEJADO,RURAL,TRAMO RECTO,PLANA ,ASFALTADA,NO,,,SI,IMPRUDENCIA DEL CONDUCTOR,OTRO (IMPRUDENCIA DEL CONDUCTOR)
A-2021-04-114,13/04/2021,13:20,DESPISTE,1,0,1,PUNO,AZANGARO,SANTIAGO DE PUPUJA,RURAL,CARRETERA,SIN CLASIFICAR,SIN CLASIFICAR,NO,-15.1439045258081,-70.289006474265,NUBLADO,RURAL,TRAMO RECTO,PLANA ,TROCHA,,,,,IMPRUDENCIA DEL CONDUCTOR,EXCESO DE VELOCIDAD
A-2021-04-111,13/04/2021,15:30,DESPISTE,1,0,2,LA LIBERTAD,SANCHEZ CARRION,HUAMACHUCO,RURAL,CARRETERA,NACIONAL,PE-3N,NO,-7.818842,-78.051671,DESPEJADO,RURAL,TRAMO RECTO,PLANA ,ASFALTADA,,,,,NO IDENTIFICA LA CAUSA,
A-2021-04-241,13/04/2021,21:40,ATROPELLO FUGA,1,0,0,LIMA,LIMA,ATE,URBANA,CARRETERA,NACIONAL,PE-22,NO,-12.0169306244964,-76.892194935198,DESPEJADO,INDUSTRIAL,TRAMO RECTO,PLANA ,ASFALTADA,,,,,NO IDENTIFICA LA CAUSA,
A-2022-04-136,13/04/2022,01:10,ATROPELLO,1,0,1,CUSCO,ANTA,ANCAHUASI,RURAL,CARRETERA,NACIONAL,PE-3S,NO,-13.4741387583803,-72.2784512819243,DESPEJADO,RURAL,TRAMO RECTO,PLANA ,ASFALTADA,,,,,IMPERICIA DEL CONDUCTOR,
A-2022-04-139,13/04/2022,16:00,ATROPELLO,1,1,1,CUSCO,CALCA,PISAC,RURAL,CARRETERA,DEPARTAMENTAL,CU-112,NO,-13.4172671975737,-71.8366574953339,DESPEJADO,RURAL,TRAMO RECTO,INCLINADA,TROCHA,,,,,IMPRUDENCIA DEL CONDUCTOR,EXCESO DE VELOCIDAD
A-2022-04-201,13/04/2022,16:00,ATROPELLO,1,0,,LIMA,LIMA,LA VICTORIA,URBANA,AVENIDA,URBANO,NO CORRESPONDE,,-12.075948,-77.02623,,,,,,,,,,,
A-2022-04-82,13/04/2022,18:30,CHOQUE,1,1,,LAMBAYEQUE,LAMBAYEQUE,MORROPE,URBANA,CARRETERA,NACIONAL,PE-1N,NO,-6.6125924,-79.9681199,DESPEJADO,COMERCIAL,TRAMO RECTO,PLANA ,ASFALTADA,,,,,NO IDENTIFICA LA CAUSA,
A-2022-04-74,13/04/2022,19:08,CHOQUE,1,0,2,AREQUIPA,AREQUIPA,LA JOYA,RURAL,CARRETERA,NACIONAL,PE-1S,NO,-16.657997,-71.871372,DESPEJADO,RURAL,TRAMO RECTO,PLANA ,ASFALTADA,NO,,,SI,NO IDENTIFICA LA CAUSA,
A-2022-04-202,13/04/2022,23:30,ATROPELLO,1,0,,LIMA,LIMA,PUENTE PIEDRA,URBANA,CARRETERA,NACIONAL,PE-1N,,-11.861387,-77.078387,,,,,,,,,,,
A-2023-04-43,13/04/2023,00:30,DESPISTE,1,0,1,CUSCO,ESPINAR,ESPINAR,URBANA,CALLE,URBANO,NO CORRESPONDE,NO,-14.794914,-71.414893,DESPEJADO,RESIDENCIAL,TRAMO RECTO,INCLINADA,CONCRETO,,,,,IMPRUDENCIA DEL CONDUCTOR,CONDUCIR EN ESTADO DE EBRIEDAD Y/O DROGADICCIÓN
A-2021-05-53,13/05/2021,04:30,DESPISTE,1,1,1,AREQUIPA,CARAVELI,ATICO,RURAL,CARRETERA,NACIONAL,PE-1S,NO,-16.302635,-73.396271,DESPEJADO,RURAL,CURVA,INCLINADA,ASFALTADA,NO,,,SI,NO IDENTIFICA LA CAUSA,
A-2021-05-50,13/05/2021,07:33,ATROPELLO,1,0,1,TACNA,TACNA,ALTO DE LA ALIANZA,URBANA,AVENIDA,URBANO,NO CORRESPONDE,NO,-17.987599,-70.244088,DESPEJADO,RESIDENCIAL,INTERSECCIÓN,INCLINADA,ASFALTADA,SI,INFORMATIVA (I),INFORMATIVA (I),SI,IMPRUDENCIA DEL CONDUCTOR,NO ESTABLECER EL DERECHO DE PASO
A-2021-05-287,13/05/2021,08:20,CHOQUE,1,0,2,LAMBAYEQUE,CHICLAYO,CHICLAYO,URBANA,CARRETERA,NACIONAL,PE-1N,NO,-6.785434,-79.869206,DESPEJADO,RURAL,TRAMO RECTO,PLANA ,ASFALTADA,SI,REGULADORA (R),REGULADORA (R),NO,NO IDENTIFICA LA CAUSA,
A-2021-05-93,13/05/2021,11:30,DESPISTE,1,0,1,PIURA,AYABACA,SUYO,RURAL,CARRETERA,VECINAL,PI-603,NO,-4.547547,-80.206153,DESPEJADO,RURAL,SINUOSA,PLANA ,TROCHA,,,,,,
A-2021-05-41,13/05/2021,15:10,CHOQUE,1,0,1,PUNO,CHUCUITO,POMATA,RURAL,CARRETERA,NACIONAL,PE-3S,NO,-16.2874040337345,-69.2254626369366,DESPEJADO,RURAL,TRAMO RECTO,PLANA ,ASFALTADA,,,,,IMPRUDENCIA DEL CONDUCTOR,INVASIÓN DE CARRIL
A-2021-05-195,13/05/2021,19:00,CHOQUE,1,0,2,PUNO,HUANCANE,PUSI,RURAL,CARRETERA,VECINAL,PU-909,NO,-15.4198780826123,-70.0500696320667,DESPEJADO,RURAL,TRAMO RECTO,PLANA ,ASFALTADA,,,,,NEGLIGENCIA DEL CONDUCTOR,CONDUCIR CON FALLAS ELÉCTRICAS
A-2021-05-46,13/05/2021,19:20,CHOQUE,1,5,2,HUANUCO,LEONCIO PRADO,JOSE CRESPO Y CASTILLO,RURAL,CARRETERA,NACIONAL,PE-5N,NO,-8.963253,-76.095438,DESPEJADO,RURAL,TRAMO RECTO,PLANA ,ASFALTADA,,,,,IMPRUDENCIA DEL CONDUCTOR,EXCESO DE VELOCIDAD
A-2021-05-178,13/05/2021,19:30,ATROPELLO,1,0,,PUNO,SAN ROMAN,SAN MIGUEL,RURAL,CARRETERA,NACIONAL,PE-3S,,-15.4349726060574,-70.1408867366145,,,,,,,,,,,
A-2022-05-153,13/05/2022,01:30,ATROPELLO,1,0,1,LA LIBERTAD,SANCHEZ CARRION,HUAMACHUCO,RURAL,CARRETERA,NACIONAL,PE-3N,NO,-7.798368,-77.979569,DESPEJADO,RURAL,TRAMO RECTO,PLANA ,ASFALTADA,,,,,NO IDENTIFICA LA CAUSA,
A-2022-05-51,13/05/2022,04:00,DESPISTE,1,0,1,ANCASH,MARISCAL LUZURIAGA,LLUMPA,RURAL,CARRETERA,NACIONAL,PE-14C,NO,-8.95478082450162,-77.3640322478486,SOLEADO,RURAL,SINUOSA,PLANA ,AFIRMADO,,,,,IMPRUDENCIA DEL CONDUCTOR,FATIGA Y/O CANSANCIO
A-2022-05-215,13/05/2022,05:30,ATROPELLO,1,0,,LIMA,LIMA,LURIGANCHO,URBANA,AVENIDA,URBANO,NO CORRESPONDE,,-12.0193984,-76.9187015,,,,,,,,,,,
A-2022-05-67,13/05/2022,13:20,ATROPELLO,1,0,0,CALLAO,CALLAO,CALLAO,URBANA,AVENIDA,URBANO,NO CORRESPONDE,NO,-12.0496023719256,-77.1108395043045,DESPEJADO,INDUSTRIAL,TRAMO RECTO,PLANA ,ASFALTADA,NO,,,SI,IMPRUDENCIA DEL PEATÓN,OTRO (IMPRUDENCIA DEL PEATÓN)
A-2022-05-233,13/05/2022,14:50,DESPISTE,3,3,1,JUNIN,CONCEPCION,MITO,RURAL,CARRETERA,NACIONAL,PE-3SB,NO,-11.9460573130092,-75.328205332467,DESPEJADO,RURAL,TRAMO RECTO,PLANA ,ASFALTADA,,,,,IMPRUDENCIA DEL CONDUCTOR,CONDUCIR EN ESTADO DE EBRIEDAD Y/O DROGADICCIÓN
A-2022-05-248,13/05/2022,15:20,DESPISTE,1,1,1,LIMA,HUAURA,AMBAR,RURAL,CARRETERA,VECINAL,LM-560,NO,-10.7502359156762,-77.2621192701715,DESPEJADO,RURAL,CURVA,PLANA ,AFIRMADO,,,,,IMPERICIA DEL CONDUCTOR,
A-2022-05-79,13/05/2022,18:13,ATROPELLO,1,1,1,AREQUIPA,AREQUIPA,LA JOYA,URBANA,CARRETERA,NACIONAL,PE-1S,NO,-16.497109,-71.835723,DESPEJADO,COMERCIAL,INTERSECCIÓN,PLANA ,ASFALTADA,NO,,,SI,NO IDENTIFICA LA CAUSA,
A-2022-05-48,13/05/2022,18:30,CHOQUE,2,0,2,PUNO,EL COLLAO,SANTA ROSA,RURAL,CARRETERA,NACIONAL,PE-38,NO,-16.9078092870904,-69.7067527959327,DESPEJADO,RURAL,CURVA,PLANA ,ASFALTADA,,,,,IMPRUDENCIA DEL CONDUCTOR,CONDUCIR EN SENTIDO CONTRARIO
A-2022-05-158,13/05/2022,20:15,CHOQUE FUGA,1,0,2,PUNO,SAN ROMAN,JULIACA,URBANA,CARRETERA,NACIONAL,PE-34A,NO,-15.5243284,-70.1819582,DESPEJADO,INDUSTRIAL,TRAMO RECTO,PLANA ,ASFALTADA,,,,,IMPRUDENCIA DEL CONDUCTOR,EXCESO DE VELOCIDAD
A-2023-05-148,13/05/2023,04:00,CHOQUE,1,3,,JUNIN,YAULI,MOROCOCHA,RURAL,CARRETERA,NACIONAL,PE-22,NO,-11.597276,-76.145393,DESPEJADO,RURAL,CURVA,PLANA ,ASFALTADA,NO,,,SI,IMPRUDENCIA DEL CONDUCTOR,INVASIÓN DE CARRIL
A-2023-05-65,13/05/2023,09:00,DESPISTE,3,23,1,LA LIBERTAD,SANTIAGO DE CHUCO,QUIRUVILCA,RURAL,CARRETERA,NACIONAL,PE-3N,NO,-8.020769,-78.316386,DESPEJADO,RURAL,CURVA,PLANA ,TROCHA,,,,,NEGLIGENCIA DEL CONDUCTOR,CONDUCIR CON FALLAS DE FRENOS
A-2023-05-131,13/05/2023,10:30,ATROPELLO,1,1,,LIMA,LIMA,RIMAC,URBANA,JIRÓN,URBANO,NO CORRESPONDE,NO,-12.03779377,-77.02698101,DESPEJADO,RESIDENCIAL,INTERSECCIÓN,PLANA ,ASFALTADA,,,,,NO IDENTIFICA LA CAUSA,
A-2023-05-66,13/05/2023,13:30,ATROPELLO,1,0,1,LA LIBERTAD,TRUJILLO,VICTOR LARCO HERRERA,URBANA,CARRETERA,NACIONAL,PE-1N,NO,-8.136443,-79.058955,DESPEJADO,COMERCIAL,TRAMO RECTO,PLANA ,ASFALTADA,,,,,NO IDENTIFICA LA CAUSA,
A-2023-05-110,13/05/2023,15:45,DESPISTE,1,1,,AREQUIPA,AREQUIPA,LA JOYA,URBANA,CARRETERA,NACIONAL,PE-1S,NO,-16.685099,-71.870726,DESPEJADO,COMERCIAL,TRAMO RECTO,PLANA ,ASFALTADA,SI,REGULADORA (R),,SI,NO IDENTIFICA LA CAUSA,
A-2023-05-168,13/05/2023,19:00,ATROPELLO,1,0,1,CAJAMARCA,CAJABAMBA,CAJABAMBA,URBANA,CARRETERA,NACIONAL,PE-3N,NO,-7.6288114,-78.0434344,DESPEJADO,COMERCIAL,TRAMO RECTO,PLANA ,ASFALTADA,,,,,IMPRUDENCIA DEL CONDUCTOR,CONDUCIR EN ESTADO DE EBRIEDAD Y/O DROGADICCIÓN
A-2023-05-16,13/05/2023,19:45,ATROPELLO,1,0,1,AREQUIPA,AREQUIPA,UCHUMAYO,URBANA,CARRETERA,NACIONAL,PE-34A,NO,-16.409763,-71.619783,DESPEJADO,INDUSTRIAL,TRAMO RECTO,INCLINADA,ASFALTADA,NO,,,SI,NO IDENTIFICA LA CAUSA,
A-2021-06-87,13/06/2021,03:00,DESPISTE,1,0,1,PIURA,PIURA,PIURA,RURAL,CARRETERA,NACIONAL,PE-1N,NO,-5.046088,-80.70223,DESPEJADO,RURAL,TRAMO RECTO,PLANA ,ASFALTADA,,,,,,
A-2021-06-84,13/06/2021,11:00,ATROPELLO FUGA,1,0,1,LA LIBERTAD,TRUJILLO,HUANCHACO,RURAL,CARRETERA,NACIONAL,PE-1N,NO,-8.089253,-79.09689,DESPEJADO,RURAL,TRAMO RECTO,PLANA ,ASFALTADA,,,,,NO IDENTIFICA LA CAUSA,
A-2021-06-182,13/06/2021,16:00,CHOQUE,1,2,2,SAN MARTIN,RIOJA,NUEVA CAJAMARCA,URBANA,CARRETERA,NACIONAL,PE-5N,NO,-5.919407,-77.318197,DESPEJADO,COMERCIAL,TRAMO RECTO,PLANA ,ASFALTADA,,,,,IMPRUDENCIA DEL CONDUCTOR,INVASIÓN DE CARRIL
A-2021-06-171,13/06/2021,18:00,DESPISTE,1,0,1,PUNO,SAN ROMAN,JULIACA,RURAL,CARRETERA,VECINAL,PU-971,NO,-15.470276780585,-70.2501171757681,DESPEJADO,RURAL,TRAMO RECTO,INCLINADA,TROCHA,,,,,IMPRUDENCIA DEL CONDUCTOR,CONDUCIR EN ESTADO DE EBRIEDAD Y/O DROGADICCIÓN
A-2021-06-254,13/06/2021,18:30,CHOQUE FUGA,1,0,2,LIMA,HUARAL,CHANCAY,URBANA,CARRETERA,NACIONAL,PE-1N,NO,-11.6006414888175,-77.2478833363662,DESPEJADO,RURAL,TRAMO RECTO,PLANA ,ASFALTADA,SI,REGULADORA (R),INFORMATIVA (I),NO,IMPRUDENCIA DEL CONDUCTOR,OTRO (IMPRUDENCIA DEL CONDUCTOR)
A-2021-06-335,13/06/2021,18:50,CHOQUE,1,0,2,LIMA,BARRANCA,PATIVILCA,RURAL,CARRETERA,NACIONAL,PE-1N,SI,-10.696839077604,-77.7831887438248,DESPEJADO,RURAL,TRAMO RECTO,PLANA ,ASFALTADA,,,,,IMPRUDENCIA DEL CONDUCTOR,EXCESO DE VELOCIDAD
A-2021-06-281,13/06/2021,19:00,CHOQUE FUGA,1,0,1,CAJAMARCA,JAEN,JAEN,RURAL,CARRETERA,NACIONAL,PE-5N,NO,-5.67654452800491,-78.7782464105653,NUBLADO,RURAL,TRAMO RECTO,PLANA ,ASFALTADA,,,,,NO IDENTIFICA LA CAUSA,
A-2021-06-282,13/06/2021,21:15,CHOQUE FUGA,1,0,2,LAMBAYEQUE,FERREÑAFE,PITIPO,RURAL,CARRETERA,DEPARTAMENTAL,LA-103,NO,-6.48081557899455,-79.6663285982273,DESPEJADO,RURAL,TRAMO RECTO,PLANA ,ASFALTADA,,,,,NO IDENTIFICA LA CAUSA,
A-2022-06-69,13/06/2022,06:00,CHOQUE,1,0,2,LAMBAYEQUE,LAMBAYEQUE,MORROPE,RURAL,CARRETERA,NACIONAL,PE-1N,NO,-6.5546024,-80.0044064,DESPEJADO,RURAL,TRAMO RECTO,PLANA ,ASFALTADA,,,,,NO IDENTIFICA LA CAUSA,