CODIGO_SINIESTRO,FECHA_SINIESTRO,HORA_SINIESTRO,CLASE_SINIESTRO,CANTIDAD_DE_FALLECIDOS,CANTIDAD_DE_LESIONADOS,CANTIDAD_DE_VEHICULOS_DANADOS,DEPARTAMENTO,PROVINCIA,DISTRITO,ZONA,TIPO_DE_VIA,RED_VIAL,COD_CARRETERA,EXISTE_CICLOVIA,COORDENADAS_LATITUD,COORDENADAS_LONGITUD,CONDICION_CLIMATICA,ZONIFICACION,CARACTERISTICAS_DE_VIA,PERFIL_LONGITUDINAL_VIA,SUPERFICIE_DE_CALZADA,EXISTE_SENAL_VERTICAL,CLASIFICACION_DE_LA_SENAL_VERTICAL_N_1,CLASIFICACION_DE_LA_SENAL_VERTICAL_N_2,EXISTE_SENAL_HORIZONTAL,CAUSA_FACTOR_PRINCIPAL,CAUSA_ESPECIFICA
A-2021-07-71,14/07/2021,18:20,ATROPELLO FUGA,1,0,,CALLAO,CALLAO,VENTANILLA,URBANA,CARRETERA,NACIONAL,PE-20,NO,-11.916421252541,-77.1289141925749,DESPEJADO,INDUSTRIAL,OTRO,INCLINADA,ASFALTADA,SI,INFORMATIVA (I),,SI,NO IDENTIFICA LA CAUSA,
A-2021-07-247,14/07/2021,18:35,ATROPELLO,1,0,,LIMA,LIMA,SANTA ANITA,URBANA,AVENIDA,URBANO,NO CORRESPONDE,NO,-12.0532414,-76.9632317,DESPEJADO,COMERCIAL,INTERSECCIÓN,PLANA ,ASFALTADA,NO,,,NO,IMPRUDENCIA DEL CONDUCTOR,NO DAR PASO PREFERENTE AL PEATÓN
A-2021-07-147,14/07/2021,23:00,ATROPELLO FUGA,1,0,,LIMA,HUAURA,HUACHO,RURAL,CARRETERA,NACIONAL,PE-1N,,-11.1592557360747,-77.5919949946285,,,,,,,,,,,
A-2022-07-174,14/07/2022,17:00,DESPISTE,1,1,1,LIMA,CAÑETE,CHILCA,URBANA,CARRETERA,NACIONAL,PE-1S,NO,-12.4678952896163,-76.7504077664106,DESPEJADO,RESIDENCIAL,CURVA,PLANA ,ASFALTADA,,,,,NO IDENTIFICA LA CAUSA,
A-2022-07-80,14/07/2022,19:30,CHOQUE,1,0,2,LA LIBERTAD,OTUZCO,USQUIL,RURAL,CARRETERA,VECINAL,LI-787,NO,-7.86110771208738,-78.4789318323763,DESPEJADO,RURAL,TRAMO RECTO,PLANA ,AFIRMADO,,,,,NO IDENTIFICA LA CAUSA,
A-2023-07-52,14/07/2023,04:00,DESPISTE,1,0,1,CUSCO,LA CONVENCION,ECHARATE,RURAL,CARRETERA,DEPARTAMENTAL,CU-105,NO,-12.650155,-72.562413,DESPEJADO,RURAL,TRAMO RECTO,PLANA ,ASFALTADA,SI,REGULADORA (R),,NO,IMPRUDENCIA DEL CONDUCTOR,CONDUCIR EN ESTADO DE EBRIEDAD Y/O DROGADICCIÓN
A-2023-07-140,14/07/2023,09:20,CHOQUE,1,0,,LIMA,LIMA,LIMA,URBANA,AVENIDA,URBANO,NO CORRESPONDE,SI,-12.06746168,-77.07770363,DESPEJADO,COMERCIAL,TRAMO RECTO,PLANA ,ASFALTADA,,,,,IMPRUDENCIA DEL CONDUCTOR,OTRO (IMPRUDENCIA DEL CONDUCTOR)
A-2023-07-23,14/07/2023,15:30,DESPISTE,3,0,1,ANCASH,HUAYLAS,CARAZ,RURAL,CARRETERA,VECINAL,AN-901,NO,-9.08297910887399,-77.8142607636424,SOLEADO,RURAL,SINUOSA,INCLINADA,AFIRMADO,,,,,IMPRUDENCIA DEL CONDUCTOR,FATIGA Y/O CANSANCIO
A-2023-07-21,14/07/2023,19:15,CHOQUE,1,0,2,PUNO,PUNO,PICHACANI,RURAL,CARRETERA,NACIONAL,PE-36B,NO,-16.1347855341102,-70.0452875355305,DESPEJADO,RURAL,TRAMO RECTO,PLANA ,ASFALTADA,,,,,IMPRUDENCIA DEL CONDUCTOR,EXCESO DE VELOCIDAD
A-2021-08-209,14/08/2021,02:30,DESPISTE,2,0,1,HUANCAVELICA,HUAYTARA,PILPICHACA,RURAL,CARRETERA,NACIONAL,PE-28A,NO,-13.36089384,-74.71629322,DESPEJADO,RURAL,CURVA,INCLINADA,ASFALTADA,,,,,IMPRUDENCIA DEL CONDUCTOR,FATIGA Y/O CANSANCIO
A-2021-08-192,14/08/2021,03:20,ATROPELLO FUGA,1,0,0,PUNO,SAN ROMAN,JULIACA,RURAL,CARRETERA,NACIONAL,PE-34A,NO,-15.5226352967776,-70.1803820026992,DESPEJADO,RURAL,TRAMO RECTO,PLANA ,ASFALTADA,,,,,IMPRUDENCIA DEL PEATÓN,CRUCE INDEBIDO POR LA CALZADA
A-2021-08-202,14/08/2021,04:00,DESPISTE,1,1,1,PIURA,HUANCABAMBA,HUARMACA,RURAL,CARRETERA,NACIONAL,PE-3N,NO,-5.632853,-79.539087,NIEBLA,RURAL,CURVA,INCLINADA,ASFALTADA,,,,,NO IDENTIFICA LA CAUSA,
A-2021-08-57,14/08/2021,04:00,ATROPELLO FUGA,1,0,,PUNO,CHUCUITO,ZEPITA,RURAL,CARRETERA,NACIONAL,PE-36A,NO,-16.5793158905489,-69.2373204795302,DESPEJADO,RURAL,TRAMO RECTO,PLANA ,ASFALTADA,,,,,NO IDENTIFICA LA CAUSA,
A-2021-08-69,14/08/2021,07:50,DESPISTE,1,0,1,AREQUIPA,CAYLLOMA,SAN ANTONIO DE CHUCA,RURAL,CARRETERA,NACIONAL,PE-34J,NO,-15.7107648,-71.0535778,DESPEJADO,RURAL,CURVA,PLANA ,ASFALTADA,NO,,,SI,NO IDENTIFICA LA CAUSA,
A-2021-08-201,14/08/2021,10:30,ATROPELLO,1,0,0,PUNO,SANDIA,SAN PEDRO DE PUTINA PUNCO,URBANA,CARRETERA,NACIONAL,PE-34H,NO,-14.1246004161397,-69.0697198955341,DESPEJADO,COMERCIAL,TRAMO RECTO,PLANA ,ASFALTADA,,,,,IMPRUDENCIA DEL PEATÓN,OTRO (IMPRUDENCIA DEL PEATÓN)
A-2021-08-66,14/08/2021,12:45,CHOQUE,1,0,2,LA LIBERTAD,TRUJILLO,TRUJILLO,URBANA,AVENIDA,URBANO,NO CORRESPONDE,NO,-8.119951,-79.028736,DESPEJADO,RESIDENCIAL,INTERSECCIÓN,PLANA ,ASFALTADA,,,,,IMPRUDENCIA DEL CONDUCTOR,NO ESTABLECER EL DERECHO DE PASO
A-2021-08-237,14/08/2021,15:30,ATROPELLO,1,0,0,LIMA,LIMA,COMAS,URBANA,AVENIDA,URBANO,NO CORRESPONDE,NO,-11.9258322128821,-77.0428811828466,NUBLADO,ESCOLAR,TRAMO RECTO,PLANA ,ASFALTADA,,,,,NO IDENTIFICA LA CAUSA,
A-2021-08-110,14/08/2021,17:05,ATROPELLO,1,0,,CAJAMARCA,CAJAMARCA,CAJAMARCA,URBANA,AVENIDA,URBANO,NO CORRESPONDE,NO,-7.15318,-78.523147,DESPEJADO,ESCOLAR,TRAMO RECTO,PLANA ,ASFALTADA,,,,,IMPRUDENCIA DEL PEATÓN,CRUCE INDEBIDO POR LA CALZADA
A-2021-08-71,14/08/2021,18:30,CHOQUE,1,0,3,AREQUIPA,CAYLLOMA,MAJES,RURAL,CARRETERA,SIN CLASIFICAR,SIN CLASIFICAR,NO,-16.3644805,-72.1977814,DESPEJADO,RURAL,INTERSECCIÓN,PLANA ,ASFALTADA,NO,,,SI,NO IDENTIFICA LA CAUSA,
A-2021-08-60,14/08/2021,22:00,CHOQUE,1,1,2,PIURA,PIURA,PIURA,RURAL,CARRETERA,NACIONAL,PE-1N,NO,-5.108808,-80.70334,DESPEJADO,RURAL,TRAMO RECTO,PLANA ,ASFALTADA,,,,,,
A-2022-08-138,14/08/2022,01:30,CHOQUE,1,2,,PIURA,PIURA,VEINTISEIS DE OCTUBRE,URBANA,AVENIDA,URBANO,NO CORRESPONDE,NO,-5.178871,-80.653755,DESPEJADO,INDUSTRIAL,TRAMO RECTO,PLANA ,ASFALTADA,,,,,NO IDENTIFICA LA CAUSA,
A-2022-08-12,14/08/2022,04:30,DESPISTE,1,2,1,PUNO,CHUCUITO,JULI,RURAL,CARRETERA,NACIONAL,PE-3S,NO,-16.2509416,-69.3587262,DESPEJADO,RURAL,TRAMO RECTO,PLANA ,ASFALTADA,,,,,IMPRUDENCIA DEL CONDUCTOR,EXCESO DE VELOCIDAD
A-2022-08-161,14/08/2022,05:20,DESPISTE,1,1,2,LIMA,LIMA,CARABAYLLO,URBANA,AVENIDA,URBANO,NO CORRESPONDE,NO,-11.8938328163146,-77.0407055632943,DESPEJADO,RESIDENCIAL,TRAMO RECTO,PLANA ,ASFALTADA,,,,,NO IDENTIFICA LA CAUSA,
A-2022-08-158,14/08/2022,05:30,ATROPELLO,1,0,,LIMA,LIMA,VILLA EL SALVADOR,URBANA,CARRETERA,NACIONAL,PE-1S,NO,-12.240789674574,-76.9470675050548,DESPEJADO,INDUSTRIAL,TRAMO RECTO,PLANA ,ASFALTADA,,,,,NO IDENTIFICA LA CAUSA,
A-2022-08-17,14/08/2022,06:00,CHOQUE FUGA,1,0,1,AREQUIPA,AREQUIPA,CERRO COLORADO,URBANA,CALLE,URBANO,NO CORRESPONDE,NO,-16.4009968,-71.5818988,DESPEJADO,INDUSTRIAL,INTERSECCIÓN,INCLINADA,ASFALTADA,,,,,NO IDENTIFICA LA CAUSA,
A-2022-08-66,14/08/2022,06:00,CHOQUE,1,0,2,LAMBAYEQUE,CHICLAYO,CHICLAYO,URBANA,AVENIDA,URBANO,NO CORRESPONDE,SI,-6.768678,-79.846529,DESPEJADO,RESIDENCIAL,TRAMO RECTO,PLANA ,ASFALTADA,,,,,NO IDENTIFICA LA CAUSA,
A-2022-08-107,14/08/2022,06:30,CHOQUE CON OBJETO FIJO,1,0,1,HUANUCO,LEONCIO PRADO,JOSE CRESPO Y CASTILLO,URBANA,AVENIDA,URBANO,NO CORRESPONDE,NO,-8.93528515692261,-76.1189889561985,DESPEJADO,COMERCIAL,TRAMO RECTO,PLANA ,AFIRMADO,,,,,IMPRUDENCIA DEL CONDUCTOR,CONDUCIR EN ESTADO DE EBRIEDAD Y/O DROGADICCIÓN
A-2022-08-32,14/08/2022,06:30,DESPISTE,1,1,1,LA LIBERTAD,TRUJILLO,SALAVERRY,URBANA,CALLE,URBANO,NO CORRESPONDE,NO,-8.186819,-78.985537,DESPEJADO,RESIDENCIAL,TRAMO RECTO,PLANA ,ASFALTADA,,,,,NO IDENTIFICA LA CAUSA,
A-2022-08-11,14/08/2022,07:40,CHOQUE,1,0,2,ICA,ICA,SANTIAGO,RURAL,CARRETERA,NACIONAL,PE-1S,NO,-14.390245,-75.601089,DESPEJADO,RURAL,TRAMO RECTO,PLANA ,ASFALTADA,,,,,IMPRUDENCIA DEL CONDUCTOR,FATIGA Y/O CANSANCIO
A-2022-08-157,14/08/2022,10:30,VOLCADURA,1,0,,LIMA,LIMA,COMAS,URBANA,AVENIDA,URBANO,NO CORRESPONDE,NO,-11.9058064235698,-77.0429219727154,DESPEJADO,COMERCIAL,TRAMO RECTO,PLANA ,ASFALTADA,,,,,NO IDENTIFICA LA CAUSA,
A-2022-08-52,14/08/2022,11:00,DESPISTE,1,0,1,CUSCO,QUISPICANCHI,MARCAPATA,RURAL,CARRETERA,NACIONAL,PE-30C,NO,-13.5776544,-70.9262091,DESPEJADO,RURAL,CURVA,PLANA ,ASFALTADA,SI,PREVENTIVA (P),,SI,IMPRUDENCIA DEL CONDUCTOR,EXCESO DE VELOCIDAD
A-2022-08-181,14/08/2022,12:40,CHOQUE,1,0,1,TACNA,TACNA,LA YARADA LOS PALOS,RURAL,CARRETERA,NACIONAL,PE-1SD,NO,-18.149862,-70.443709,SOLEADO,RURAL,TRAMO RECTO,PLANA ,ASFALTADA,,,,,IMPRUDENCIA DEL CONDUCTOR,CONDUCIR EN ESTADO DE EBRIEDAD Y/O DROGADICCIÓN
A-2022-08-197,14/08/2022,15:10,DESPISTE,1,1,1,CAJAMARCA,CELENDIN,JOSE GALVEZ,RURAL,CARRETERA,NACIONAL,PE-08B,NO,-6.94201167,-78.190175,DESPEJADO,RURAL,CURVA,PLANA ,ASFALTADA,,,,,NO IDENTIFICA LA CAUSA,
A-2022-08-271,14/08/2022,17:00,ATROPELLO FUGA,1,0,,LORETO,MAYNAS,SAN JUAN BAUTISTA,RURAL,CARRETERA,DEPARTAMENTAL,LO-103,NO,-4.04589102816101,-73.4377390171781,DESPEJADO,RURAL,TRAMO RECTO,PLANA ,ASFALTADA,,,,,EN PROCESO DE INVESTIGACIÓN,NO CUENTA CON CAUSA ESPECIFICA
A-2022-08-67,14/08/2022,19:00,DESPISTE,1,0,1,LAMBAYEQUE,CHICLAYO,REQUE,RURAL,CARRETERA,VECINAL,LA-808,NO,-6.840807,-79.790486,DESPEJADO,RURAL,TRAMO RECTO,PLANA ,ASFALTADA,SI,PREVENTIVA (P),,NO,NO IDENTIFICA LA CAUSA,
A-2022-08-220,14/08/2022,19:30,DESPISTE,1,0,1,PIURA,SECHURA,SECHURA,RURAL,CARRETERA,NACIONAL,PE-1NK,NO,-5.598874,-80.835954,DESPEJADO,RURAL,TRAMO RECTO,PLANA ,ASFALTADA,,,,,NO IDENTIFICA LA CAUSA,
A-2022-08-188,14/08/2022,21:36,ATROPELLO,1,0,,HUANUCO,HUANUCO,HUANUCO,URBANA,JIRÓN,URBANO,NO CORRESPONDE,NO,-9.929372,-76.242904,DESPEJADO,COMERCIAL,TRAMO RECTO,PLANA ,ASFALTADA,,,,,IMPRUDENCIA DEL PEATÓN,ESTADO DE EBRIEDAD Y/O DROGADICCIÓN
A-2022-08-159,14/08/2022,22:20,DESPISTE,1,0,,LIMA,LIMA,VILLA MARIA DEL TRIUNFO,URBANA,AVENIDA,URBANO,NO CORRESPONDE,NO,-12.1698558519359,-76.9498481445407,DESPEJADO,RESIDENCIAL,TRAMO RECTO,PLANA ,ASFALTADA,,,,,NO IDENTIFICA LA CAUSA,
A-2023-08-95,14/08/2023,06:00,ATROPELLO,1,0,,LIMA,LIMA,LA VICTORIA,URBANA,JIRÓN,URBANO,NO CORRESPONDE,NO,-12.06071248,-77.02647054,DESPEJADO,COMERCIAL,TRAMO RECTO,PLANA ,ASFALTADA,,,,,EN PROCESO DE INVESTIGACIÓN,NO CUENTA CON CAUSA ESPECIFICA
A-2023-08-76,14/08/2023,06:30,ATROPELLO FUGA,1,0,,PUNO,LAMPA,CALAPUJA,RURAL,CARRETERA,NACIONAL,PE-3S,NO,-15.2800847871391,-70.2583570140341,SOLEADO,RURAL,TRAMO RECTO,PLANA ,ASFALTADA,,,,,IMPRUDENCIA DEL CONDUCTOR,OTRO (IMPRUDENCIA DEL CONDUCTOR)
A-2023-08-132,14/08/2023,12:00,ATROPELLO,2,0,,JUNIN,HUANCAYO,HUANCAN,URBANA,PASAJE,URBANO,NO CORRESPONDE,NO,-12.104998,-75.189626,DESPEJADO,RURAL,INTERSECCIÓN,PLANA ,TROCHA,,,,,IMPRUDENCIA DEL PEATÓN,OTRO (IMPRUDENCIA DEL PEATÓN)
A-2023-08-96,14/08/2023,23:30,CHOQUE,1,0,,LIMA,LIMA,VILLA MARIA DEL TRIUNFO,URBANA,AVENIDA,URBANO,NO CORRESPONDE,NO,-12.19676413,-76.93102825,DESPEJADO,RESIDENCIAL,INTERSECCIÓN,INCLINADA,ASFALTADA,,,,,EN PROCESO DE INVESTIGACIÓN,NO CUENTA CON CAUSA ESPECIFICA
A-2021-09-78,14/09/2021,05:25,CHOQUE,1,2,2,AREQUIPA,CAYLLOMA,SAN ANTONIO DE CHUCA,RURAL,CARRETERA,NACIONAL,PE-34A,NO,-15.7617292,-70.9896114,DESPEJADO,RURAL,CURVA,INCLINADA,ASFALTADA,SI,PREVENTIVA (P),PREVENTIVA (P),SI,IMPRUDENCIA DEL CONDUCTOR,INVASIÓN DE CARRIL
A-2021-09-268,14/09/2021,09:00,CHOQUE,1,0,,APURIMAC,COTABAMBAS,CHALLHUAHUACHO,RURAL,CARRETERA,NACIONAL,PE-3SF,,-14.1438043003516,-72.3028853302307,,,,,,,,,,,
A-2021-09-130,14/09/2021,14:00,DESPISTE,1,0,1,LA LIBERTAD,SANTIAGO DE CHUCO,CACHICADAN,RURAL,CARRETERA,VECINAL,LI-939,NO,-8.039117,-78.09946,DESPEJADO,RURAL,TRAMO RECTO,PLANA ,TROCHA,,,,,NO IDENTIFICA LA CAUSA,
A-2021-09-206,14/09/2021,14:45,CHOQUE,1,0,2,JUNIN,JAUJA,SAN LORENZO,RURAL,CARRETERA,NACIONAL,PE-3S,NO,-11.845242,-75.386895,DESPEJADO,RESIDENCIAL,TRAMO RECTO,PLANA ,ASFALTADA,SI,PREVENTIVA (P),PREVENTIVA (P),NO,IMPRUDENCIA DEL CONDUCTOR,CONDUCIR EN ESTADO DE EBRIEDAD Y/O DROGADICCIÓN
A-2021-09-84,14/09/2021,19:30,CHOQUE,1,0,2,LA LIBERTAD,TRUJILLO,FLORENCIA DE MORA,URBANA,CALLE,URBANO,NO CORRESPONDE,NO,-8.08727,-79.026687,DESPEJADO,COMERCIAL,INTERSECCIÓN,PLANA ,ASFALTADA,,,,,IMPRUDENCIA DEL CONDUCTOR,NO ESTABLECER EL DERECHO DE PASO
A-2021-09-121,14/09/2021,21:00,DESPISTE,1,0,0,LIMA,LIMA,LOS OLIVOS,URBANA,CARRETERA,NACIONAL,PE-1N,NO,-11.9661888,-77.0678143,DESPEJADO,RESIDENCIAL,TRAMO RECTO,PLANA ,ASFALTADA,,,,,NO IDENTIFICA LA CAUSA,
A-2022-09-159,14/09/2022,01:00,DESPISTE,2,1,,ANCASH,SANTA,MORO,RURAL,CARRETERA,DEPARTAMENTAL,AN-104,NO,-9.10332433757847,-78.0684502520326,DESPEJADO,RURAL,SINUOSA,INCLINADA,TROCHA,,,,,NO IDENTIFICA LA CAUSA,
A-2022-09-43,14/09/2022,05:38,ATROPELLO,1,0,1,SAN MARTIN,MOYOBAMBA,JEPELACIO,RURAL,CARRETERA,NACIONAL,PE-5N,NO,-6.166125,-76.835254,DESPEJADO,RURAL,TRAMO RECTO,PLANA ,CONCRETO,,,,,IMPRUDENCIA DEL PEATÓN,OTRO (IMPRUDENCIA DEL PEATÓN)
A-2022-09-56,14/09/2022,08:00,CHOQUE CON OBJETO FIJO,1,0,,AREQUIPA,AREQUIPA,LA JOYA,URBANA,OTRO,URBANO,NO CORRESPONDE,NO,-16.430721,-71.831583,DESPEJADO,RURAL,OTRO,INCLINADA,CONCRETO,,,,,NO IDENTIFICA LA CAUSA,
A-2022-09-146,14/09/2022,12:00,DESPISTE,2,0,1,LIMA,OYON,OYON,RURAL,CARRETERA,NACIONAL,PE-18,NO,-10.6884093221629,-76.7370498546873,DESPEJADO,RURAL,CURVA,INCLINADA,CONCRETO,,,,,IMPERICIA DEL CONDUCTOR,
A-2022-09-78,14/09/2022,17:20,ATROPELLO,1,0,1,CUSCO,ANTA,ANTA,RURAL,CARRETERA,NACIONAL,PE-3S,NO,-13.48639701,-72.1659022,DESPEJADO,RURAL,TRAMO RECTO,PLANA ,ASFALTADA,NO,,,NO,IMPRUDENCIA DEL CONDUCTOR,EXCESO DE VELOCIDAD
A-2022-09-250,14/09/2022,18:46,DESPISTE,1,0,,LORETO,MAYNAS,IQUITOS,URBANA,AVENIDA,URBANO,NO CORRESPONDE,NO,-3.75501297744197,-73.2501939514765,DESPEJADO,COMERCIAL,INTERSECCIÓN,PLANA ,ASFALTADA,,,,,IMPRUDENCIA DEL CONDUCTOR,EXCESO DE VELOCIDAD
A-2023-09-127,14/09/2023,09:00,CHOQUE,1,23,,LIMA,LIMA,PUNTA NEGRA,RURAL,CARRETERA,NACIONAL,PE-1S,NO,-12.355944,-76.800663,DESPEJADO,RURAL,TRAMO RECTO,PLANA ,ASFALTADA,,,,,IMPRUDENCIA DEL CONDUCTOR,OTRO (IMPRUDENCIA DEL CONDUCTOR)
A-2023-09-19,14/09/2023,13:14,CHOQUE,1,0,2,SAN MARTIN,LAMAS,ALONSO DE ALVARADO,RURAL,CARRETERA,NACIONAL,PE-5N,NO,-6.27617,-76.767232,DESPEJADO,RURAL,TRAMO RECTO,PLANA ,ASFALTADA,,,,,IMPRUDENCIA DEL CONDUCTOR,OTRO (IMPRUDENCIA DEL CONDUCTOR)
A-2023-09-70,14/09/2023,17:15,CHOQUE,1,0,,PUNO,LAMPA,PUCARA,RURAL,CARRETERA,NACIONAL,PE-3S,NO,-14.9834147,-70.4124364,DESPEJADO,RURAL,TRAMO RECTO,PLANA ,ASFALTADA,,,,,IMPRUDENCIA DEL CONDUCTOR,INVASIÓN DE CARRIL
A-2023-09-9,14/09/2023,17:25,CHOQUE CON OBJETO FIJO,1,0,1,LIMA,OYON,PACHANGARA,URBANA,AVENIDA,URBANO,NO CORRESPONDE,NO,-10.80949,-76.87457,DESPEJADO,RESIDENCIAL,TRAMO RECTO,INCLINADA,AFIRMADO,,,,,NO IDENTIFICA LA CAUSA,
A-2023-09-128,14/09/2023,18:00,CHOQUE,1,2,,LIMA,LIMA,LURIGANCHO,URBANA,AVENIDA,URBANO,NO CORRESPONDE,NO,-11.94939127,-76.72162645,DESPEJADO,RESIDENCIAL,INTERSECCIÓN,PLANA ,ASFALTADA,,,,,NO IDENTIFICA LA CAUSA,
A-2023-09-25,14/09/2023,18:30,DESPISTE,1,0,1,ICA,ICA,ICA,URBANA,CARRETERA,DEPARTAMENTAL,IC-105,NO,-14.0787803148285,-75.7751107097038,DESPEJADO,COMERCIAL,TRAMO RECTO,PLANA ,ASFALTADA,,,,,EN PROCESO DE INVESTIGACIÓN,NO CUENTA CON CAUSA ESPECIFICA
A-2023-09-20,14/09/2023,19:00,ATROPELLO,1,0,,ICA,ICA,LA TINGUIÑA,URBANA,AVENIDA,URBANO,NO CORRESPONDE,NO,-14.040949,-75.701914,DESPEJADO,RESIDENCIAL,INTERSECCIÓN,PLANA ,ASFALTADA,,,,,NO IDENTIFICA LA CAUSA,
A-2023-09-94,14/09/2023,19:10,DESPISTE,1,0,,PIURA,PIURA,VEINTISEIS DE OCTUBRE,RURAL,CARRETERA,NACIONAL,PE-1N,NO,-5.1486916,-80.696743,DESPEJADO,RURAL,TRAMO RECTO,PLANA ,ASFALTADA,,,,,,
A-2023-09-23,14/09/2023,20:50,DESPISTE,1,0,1,PUNO,PUNO,HUATA,RURAL,CARRETERA,VECINAL,PU-936,NO,-15.657703,-69.952775,DESPEJADO,RURAL,TRAMO RECTO,PLANA ,ASFALTADA,,,,,IMPRUDENCIA DEL CONDUCTOR,EXCESO DE VELOCIDAD
A-2021-10-276,14/10/2021,02:00,DESPISTE,1,1,1,SAN MARTIN,HUALLAGA,TINGO DE SAPOSOA,RURAL,JIRÓN,URBANO,NO CORRESPONDE,NO,-7.09333,-76.64245,DESPEJADO,RURAL,CURVA,INCLINADA,ASFALTADA,NO,,,SI,IMPRUDENCIA DEL CONDUCTOR,EXCESO DE VELOCIDAD
A-2021-10-189,14/10/2021,08:15,ESPECIAL,1,1,,LIMA,LIMA,LURIN,URBANA,CARRETERA,NACIONAL,PE-1S,NO,-12.2649454386925,-76.9074413088149,DESPEJADO,RESIDENCIAL,TRAMO RECTO,PLANA ,ASFALTADA,,,,,NO IDENTIFICA LA CAUSA,
A-2021-10-56,14/10/2021,15:30,CHOQUE,1,6,2,AREQUIPA,AREQUIPA,YURA,RURAL,CARRETERA,NACIONAL,PE-34A,NO,-16.290627,-71.654266,DESPEJADO,RURAL,TRAMO RECTO,PLANA ,ASFALTADA,SI,PREVENTIVA (P),PREVENTIVA (P),SI,NO IDENTIFICA LA CAUSA,
A-2021-10-121,14/10/2021,18:00,CHOQUE,1,0,2,PUNO,CARABAYA,MACUSANI,URBANA,CARRETERA,NACIONAL,PE-34B,NO,-14.0653303,-70.43374,DESPEJADO,COMERCIAL,TRAMO RECTO,PLANA ,ASFALTADA,,,,,IMPRUDENCIA DEL CONDUCTOR,NO DAR PASO PREFERENTE AL PEATÓN
A-2021-10-63,14/10/2021,18:10,ATROPELLO,1,0,1,PIURA,HUANCABAMBA,HUARMACA,URBANA,CARRETERA,VECINAL,PI-965,NO,-5.56780767914501,-79.5266979424452,DESPEJADO,COMERCIAL,TRAMO RECTO,INCLINADA,ASFALTADA,,,,,NO IDENTIFICA LA CAUSA,
A-2021-10-190,14/10/2021,22:00,CHOQUE,2,0,0,LIMA,LIMA,LA VICTORIA,URBANA,AVENIDA,URBANO,NO CORRESPONDE,NO,-12.0770213,-77.0103256,DESPEJADO,INDUSTRIAL,ÓVALO,INCLINADA,ASFALTADA,,,,,NO IDENTIFICA LA CAUSA,
A-2022-10-165,14/10/2022,04:00,DESPISTE,3,2,1,JUNIN,JAUJA,JANJAILLO,RURAL,CARRETERA,VECINAL,JU-690,NO,-11.755389,-75.605817,DESPEJADO,RURAL,CURVA,INCLINADA,TROCHA,,,,,IMPRUDENCIA DEL CONDUCTOR,EXCESO DE VELOCIDAD
A-2022-10-173,14/10/2022,04:40,CHOQUE,2,0,2,JUNIN,HUANCAYO,SAN AGUSTIN,URBANA,CARRETERA,NACIONAL,PE-3S,NO,-12.016419,-75.243433,DESPEJADO,INDUSTRIAL,TRAMO RECTO,INCLINADA,ASFALTADA,,,,,IMPRUDENCIA DEL CONDUCTOR,CONDUCIR EN ESTADO DE EBRIEDAD Y/O DROGADICCIÓN
A-2022-10-71,14/10/2022,05:20,DESPISTE,5,1,1,LA LIBERTAD,SANCHEZ CARRION,SARTIMBAMBA,RURAL,CARRETERA,VECINAL,LI-852,NO,-7.585258,-77.778588,DESPEJADO,RURAL,TRAMO RECTO,PLANA ,TROCHA,,,,,NO IDENTIFICA LA CAUSA,
A-2022-10-107,14/10/2022,10:45,DESPISTE,1,0,1,APURIMAC,CHINCHEROS,HUACCANA,URBANA,CARRETERA,NACIONAL,PE-3S,NO,-13.489784,-73.813201,DESPEJADO,RESIDENCIAL,CURVA,PLANA ,ASFALTADA,SI,REGULADORA (R),PREVENTIVA (P),SI,IMPRUDENCIA DEL CONDUCTOR,FATIGA Y/O CANSANCIO
A-2022-10-181,14/10/2022,18:50,DESPISTE,1,0,1,PIURA,SULLANA,IGNACIO ESCUDERO,RURAL,CARRETERA,NACIONAL,PE-1N,NO,-4.79671491230075,-80.9405978393252,SOLEADO,RURAL,TRAMO RECTO,PLANA ,ASFALTADA,,,,,INFRAESTRUCTURA Y ENTORNO VIAL,ABANDONO DE OBJETOS EN LA VÍA
A-2022-10-104,14/10/2022,19:30,CHOQUE,1,7,2,LAMBAYEQUE,LAMBAYEQUE,MORROPE,RURAL,CARRETERA,NACIONAL,PE-1N,NO,-6.4314563,-80.1601104,DESPEJADO,RURAL,TRAMO RECTO,PLANA ,ASFALTADA,,,,,NO IDENTIFICA LA CAUSA,
A-2023-10-55,14/10/2023,02:00,CHOQUE,2,1,2,CUSCO,ESPINAR,CONDOROMA,RURAL,CARRETERA,NACIONAL,PE-34J,NO,-15.4126719052358,-71.0791758269973,DESPEJADO,RURAL,CURVA,PLANA ,ASFALTADA,NO,,,SI,IMPRUDENCIA DEL CONDUCTOR,INVASIÓN DE CARRIL
A-2023-10-74,14/10/2023,05:00,ATROPELLO,1,0,,PIURA,PIURA,CASTILLA,RURAL,CARRETERA,DEPARTAMENTAL,PI-126,NO,-5.1424783,-80.6080116,DESPEJADO,RURAL,TRAMO RECTO,PLANA ,ASFALTADA,,,,,,