CODIGO_SINIESTRO,FECHA_SINIESTRO,HORA_SINIESTRO,CLASE_SINIESTRO,CANTIDAD_DE_FALLECIDOS,CANTIDAD_DE_LESIONADOS,CANTIDAD_DE_VEHICULOS_DANADOS,DEPARTAMENTO,PROVINCIA,DISTRITO,ZONA,TIPO_DE_VIA,RED_VIAL,COD_CARRETERA,EXISTE_CICLOVIA,COORDENADAS_LATITUD,COORDENADAS_LONGITUD,CONDICION_CLIMATICA,ZONIFICACION,CARACTERISTICAS_DE_VIA,PERFIL_LONGITUDINAL_VIA,SUPERFICIE_DE_CALZADA,EXISTE_SENAL_VERTICAL,CLASIFICACION_DE_LA_SENAL_VERTICAL_N_1,CLASIFICACION_DE_LA_SENAL_VERTICAL_N_2,EXISTE_SENAL_HORIZONTAL,CAUSA_FACTOR_PRINCIPAL,CAUSA_ESPECIFICA
A-2023-10-21,14/10/2023,06:00,ATROPELLO,1,0,,ICA,NASCA,EL INGENIO,URBANA,CARRETERA,DEPARTAMENTAL,IC-113,NO,-14.660909,-75.115472,DESPEJADO,RURAL,TRAMO RECTO,PLANA ,ASFALTADA,SI,REGULADORA (R),PREVENTIVA (P),SI,EN PROCESO DE INVESTIGACIÓN,NO CUENTA CON CAUSA ESPECIFICA
A-2023-10-14,14/10/2023,09:40,DESPISTE,1,0,,AREQUIPA,AREQUIPA,YURA,RURAL,CARRETERA,VECINAL,AR-706,NO,-16.231648,-71.819151,DESPEJADO,RURAL,CURVA,PLANA ,TROCHA,,,,,NO IDENTIFICA LA CAUSA,
A-2023-10-22,14/10/2023,11:00,DESPISTE,1,0,1,ICA,ICA,LOS AQUIJES,RURAL,CARRETERA,VECINAL,IC-653,NO,-14.0938170955057,-75.6851822065133,DESPEJADO,RURAL,TRAMO RECTO,PLANA ,ASFALTADA,,,,,EN PROCESO DE INVESTIGACIÓN,NO CUENTA CON CAUSA ESPECIFICA
A-2023-10-18,14/10/2023,13:05,ATROPELLO,1,0,,PUNO,PUNO,PUNO,RURAL,CARRETERA,DEPARTAMENTAL,PU-122,NO,-15.81854,-70.038923,DESPEJADO,RURAL,TRAMO RECTO,PLANA ,ASFALTADA,,,,,IMPRUDENCIA DEL PEATÓN,CRUCE INDEBIDO POR LA CALZADA
A-2023-10-27,14/10/2023,17:30,ATROPELLO,1,0,1,CUSCO,QUISPICANCHI,OCONGATE,RURAL,CARRETERA,NACIONAL,PE-30C,NO,-13.647913,-71.291826,DESPEJADO,RURAL,CURVA,PLANA ,ASFALTADA,SI,PREVENTIVA (P),,SI,EN PROCESO DE INVESTIGACIÓN,NO CUENTA CON CAUSA ESPECIFICA
A-2023-10-29,14/10/2023,17:50,CHOQUE,1,0,,AREQUIPA,CAYLLOMA,SAN ANTONIO DE CHUCA,RURAL,CARRETERA,NACIONAL,PE-34A,NO,-15.927939,-71.191227,DESPEJADO,RURAL,TRAMO RECTO,PLANA ,ASFALTADA,SI,REGULADORA (R),,NO,NO IDENTIFICA LA CAUSA,
A-2021-11-128,14/11/2021,00:30,ATROPELLO FUGA,1,0,,PIURA,PIURA,CATACAOS,URBANA,CARRETERA,NACIONAL,PE-1NK,NO,-5.263178,-80.669254,DESPEJADO,COMERCIAL,TRAMO RECTO,PLANA ,ASFALTADA,,,,,NO IDENTIFICA LA CAUSA,
A-2021-11-208,14/11/2021,01:00,CHOQUE,1,0,2,LAMBAYEQUE,LAMBAYEQUE,OLMOS,URBANA,OTRO,URBANO,NO CORRESPONDE,NO,-5.988739,-79.748139,DESPEJADO,RESIDENCIAL,INTERSECCIÓN,PLANA ,ASFALTADA,,,,,NO IDENTIFICA LA CAUSA,
A-2021-11-21,14/11/2021,02:30,CHOQUE FUGA,1,0,,LORETO,LORETO,NAUTA,RURAL,CARRETERA,DEPARTAMENTAL,LO-103,,-4.38513696776843,-73.5666002011291,,,,,,,,,,,
A-2021-11-22,14/11/2021,04:50,DESPISTE,1,0,,LORETO,MAYNAS,IQUITOS,URBANA,AVENIDA,URBANO,NO CORRESPONDE,,-3.75695189526774,-73.2514178065837,,,,,,,,,,,
A-2021-11-44,14/11/2021,06:40,CHOQUE,1,1,2,CAJAMARCA,SAN MIGUEL,SAN MIGUEL,RURAL,CARRETERA,DEPARTAMENTAL,CA-100,NO,-7.0224847,-78.90122152,DESPEJADO,RURAL,TRAMO RECTO,INCLINADA,AFIRMADO,,,,,IMPRUDENCIA DEL CONDUCTOR,ADELANTAR INDEBIDAMENTE
A-2021-11-16,14/11/2021,11:00,DESPISTE,1,2,1,HUANCAVELICA,ANGARAES,SECCLLA,RURAL,CARRETERA,VECINAL,HV-866,NO,-13.042851,-74.504639,DESPEJADO,RURAL,SINUOSA,PLANA ,AFIRMADO,SI,PREVENTIVA (P),,NO,NO IDENTIFICA LA CAUSA,
A-2021-11-81,14/11/2021,11:20,DESPISTE,1,1,1,LA LIBERTAD,VIRU,GUADALUPITO,RURAL,CARRETERA,NACIONAL,PE-1N,NO,-8.758983,-78.633522,DESPEJADO,RURAL,TRAMO RECTO,PLANA ,ASFALTADA,,,,,IMPRUDENCIA DEL CONDUCTOR,ADELANTAR INDEBIDAMENTE
A-2022-11-162,14/11/2022,00:30,ATROPELLO FUGA,1,0,,LIMA,LIMA,LURIGANCHO,URBANA,CALLE,URBANO,NO CORRESPONDE,NO,-11.9387740464177,-76.7139190454089,DESPEJADO,RESIDENCIAL,INTERSECCIÓN,INCLINADA,ASFALTADA,,,,,NO IDENTIFICA LA CAUSA,
A-2022-11-101,14/11/2022,15:40,CHOQUE,1,0,,ANCASH,SANTA,NUEVO CHIMBOTE,URBANA,CARRETERA,NACIONAL,PE-1N,NO,-9.15490685677383,-78.5025076800411,DESPEJADO,INDUSTRIAL,TRAMO RECTO,PLANA ,ASFALTADA,,,,,NO IDENTIFICA LA CAUSA,
A-2022-11-168,14/11/2022,16:30,DESPISTE,2,5,1,JUNIN,JAUJA,CURICACA,URBANA,CARRETERA,NACIONAL,PE-3S,NO,-11.763505,-75.713138,DESPEJADO,RURAL,CURVA,PLANA ,ASFALTADA,,,,,IMPRUDENCIA DEL CONDUCTOR,FATIGA Y/O CANSANCIO
A-2022-11-187,14/11/2022,16:30,CHOQUE,1,0,,MADRE DE DIOS,TAMBOPATA,LABERINTO,RURAL,CARRETERA,NACIONAL,PE-30C,,-12.753833,-69.554536,,,,,,,,,,,
A-2022-11-89,14/11/2022,19:20,DESPISTE,1,0,,APURIMAC,ABANCAY,TAMBURCO,RURAL,CARRETERA,SIN CLASIFICAR,SIN CLASIFICAR,,-13.593276620363,-72.8578492489692,,,,,,,,,,,
A-2023-11-20,14/11/2023,13:40,DESPISTE,1,0,1,CUSCO,QUISPICANCHI,OCONGATE,RURAL,CARRETERA,SIN CLASIFICAR,SIN CLASIFICAR,NO,-13.631193,-71.317345,LLUVIOSO,RURAL,SINUOSA,INCLINADA,TROCHA,,,,,EN PROCESO DE INVESTIGACIÓN,NO CUENTA CON CAUSA ESPECIFICA
A-2023-11-29,14/11/2023,14:10,DESPISTE,1,0,1,CUSCO,URUBAMBA,CHINCHERO,RURAL,CARRETERA,VECINAL,CU-1155,NO,-13.424269,-72.02432569,DESPEJADO,RURAL,CURVA,INCLINADA,AFIRMADO,,,,,EN PROCESO DE INVESTIGACIÓN,NO CUENTA CON CAUSA ESPECIFICA
A-2023-11-61,14/11/2023,16:05,DESPISTE,1,4,1,LIMA,HUAURA,HUAURA,RURAL,CARRETERA,NACIONAL,PE-1NE,NO,-11.0887694743619,-77.469097638042,DESPEJADO,RURAL,TRAMO RECTO,PLANA ,ASFALTADA,,,,,IMPRUDENCIA DEL CONDUCTOR,EXCESO DE VELOCIDAD
A-2021-12-159,14/12/2021,06:50,CHOQUE,1,0,2,LIMA,LIMA,LOS OLIVOS,URBANA,CARRETERA,NACIONAL,PE-20F,NO,-11.954954,-77.084784,DESPEJADO,RESIDENCIAL,INTERSECCIÓN,PLANA ,ASFALTADA,,,,,NO IDENTIFICA LA CAUSA,
A-2021-12-35,14/12/2021,10:30,DESPISTE,1,1,1,TUMBES,TUMBES,SAN JACINTO,URBANA,CALLE,URBANO,NO CORRESPONDE,NO,-3.65707636167786,-80.4477148609806,DESPEJADO,RURAL,TRAMO RECTO,PLANA ,ASFALTADA,,,,,IMPRUDENCIA DEL CONDUCTOR,EXCESO DE VELOCIDAD
A-2021-12-138,14/12/2021,11:00,DESPISTE,1,0,1,AYACUCHO,HUAMANGA,OCROS,RURAL,CARRETERA,VECINAL,AY-942,NO,-13.4270030742541,-73.8992032361863,DESPEJADO,RURAL,CURVA,INCLINADA,AFIRMADO,,,,,IMPRUDENCIA DEL CONDUCTOR,FATIGA Y/O CANSANCIO
A-2021-12-282,14/12/2021,21:00,ATROPELLO,1,0,1,AREQUIPA,CASTILLA,APLAO,RURAL,CARRETERA,DEPARTAMENTAL,AR-105,NO,-16.0559949980339,-72.4872190934737,DESPEJADO,RURAL,CURVA,INCLINADA,ASFALTADA,,,,,NO IDENTIFICA LA CAUSA,
A-2022-12-66,14/12/2022,16:30,CHOQUE,1,0,1,LA LIBERTAD,TRUJILLO,SIMBAL,RURAL,CARRETERA,NACIONAL,PE-10A,NO,-8.013975,-78.832225,DESPEJADO,RURAL,TRAMO RECTO,PLANA ,ASFALTADA,,,,,IMPRUDENCIA DEL CONDUCTOR,OTRO (IMPRUDENCIA DEL CONDUCTOR)
A-2022-12-33,14/12/2022,22:40,VOLCADURA,1,0,1,CUSCO,CANCHIS,CHECACUPE,RURAL,CARRETERA,NACIONAL,PE-3S,NO,-14.012664,-71.457956,DESPEJADO,RURAL,TRAMO RECTO,INCLINADA,ASFALTADA,SI,INFORMATIVA (I),,SI,IMPRUDENCIA DEL CONDUCTOR,EXCESO DE VELOCIDAD
A-2022-12-67,14/12/2022,23:10,ATROPELLO FUGA,1,0,0,LA LIBERTAD,VIRU,VIRU,RURAL,CARRETERA,NACIONAL,PE-1N,NO,-8.41212366219022,-78.8008278148734,DESPEJADO,RURAL,TRAMO RECTO,PLANA ,ASFALTADA,,,,,NO IDENTIFICA LA CAUSA,
A-2023-12-62,14/12/2023,04:00,CHOQUE,1,2,,JUNIN,JUNIN,JUNIN,RURAL,CARRETERA,NACIONAL,PE-3N,,-11.2148215,-75.9486199,,,,,,,,,,,
A-2023-12-103,14/12/2023,05:45,CHOQUE,2,1,,LIMA,LIMA,SAN BARTOLO,RURAL,CARRETERA,NACIONAL,PE-1S,NO,-12.393781,-76.761351,DESPEJADO,RURAL,TRAMO RECTO,INCLINADA,ASFALTADA,,,,,,
A-2023-12-102,14/12/2023,06:30,DESPISTE,3,8,,LIMA,LIMA,LURIN,RURAL,CARRETERA,NACIONAL,PE-1S,NO,-12.251733,-76.92881,DESPEJADO,INDUSTRIAL,TRAMO RECTO,PLANA ,ASFALTADA,,,,,,
A-2023-12-124,14/12/2023,12:43,CHOQUE,1,0,2,AYACUCHO,HUAMANGA,SAN JUAN BAUTISTA,URBANA,AVENIDA,URBANO,NO CORRESPONDE,NO,-13.174876,-74.196616,DESPEJADO,RESIDENCIAL,TRAMO RECTO,INCLINADA,ASFALTADA,,,,,IMPRUDENCIA DEL CONDUCTOR,CONDUCIR EN ESTADO DE EBRIEDAD Y/O DROGADICCIÓN
A-2023-12-73,14/12/2023,13:30,CHOQUE,6,0,2,AREQUIPA,CAYLLOMA,SAN ANTONIO DE CHUCA,RURAL,CARRETERA,NACIONAL,PE-34A,NO,-15.811953,-71.063505,DESPEJADO,RURAL,TRAMO RECTO,PLANA ,ASFALTADA,NO,,,SI,NO IDENTIFICA LA CAUSA,
A-2023-12-63,14/12/2023,18:30,DESPISTE,1,0,,JUNIN,CHUPACA,TRES DE DICIEMBRE,URBANA,AVENIDA,URBANO,NO CORRESPONDE,NO,-12.113453,-75.245291,LLUVIOSO,RESIDENCIAL,TRAMO RECTO,PLANA ,ASFALTADA,,,,,,
A-2021-01-197,15/01/2021,06:00,DESPISTE,1,3,1,CUSCO,LA CONVENCION,OCOBAMBA,RURAL,CARRETERA,DEPARTAMENTAL,CU-106,NO,-13.014916,-72.184,NUBLADO,RURAL,CURVA,INCLINADA,ASFALTADA,SI,PREVENTIVA (P),PREVENTIVA (P),NO,NEGLIGENCIA DEL CONDUCTOR,OTRO (NEGLIGENCIA DEL CONDUCTOR)
A-2021-01-152,15/01/2021,08:15,CHOQUE,1,0,2,LA LIBERTAD,TRUJILLO,LA ESPERANZA,URBANA,CALLE,URBANO,NO CORRESPONDE,NO,-8.081327,-79.04702,DESPEJADO,COMERCIAL,INTERSECCIÓN,PLANA ,ASFALTADA,,,,,NO IDENTIFICA LA CAUSA,
A-2021-01-390,15/01/2021,17:00,VOLCADURA,1,0,1,PASCO,DANIEL ALCIDES CARRION,TAPUC,RURAL,CARRETERA,SIN CLASIFICAR,SIN CLASIFICAR,NO,-10.431044582769,-76.4771819711221,LLUVIOSO,RURAL,CURVA,INCLINADA,TROCHA,,,,,NEGLIGENCIA DEL CONDUCTOR,OTRO (NEGLIGENCIA DEL CONDUCTOR)
A-2022-01-172,15/01/2022,00:30,VOLCADURA,1,1,1,PIURA,MORROPON,CHULUCANAS,RURAL,CARRETERA,NACIONAL,PE-1NJ,NO,-5.169457,-80.18693,DESPEJADO,COMERCIAL,TRAMO RECTO,PLANA ,ASFALTADA,,,,,NO IDENTIFICA LA CAUSA,
A-2022-01-313,15/01/2022,04:00,CHOQUE,1,0,2,JUNIN,SATIPO,SATIPO,RURAL,CARRETERA,NACIONAL,PE-24A,NO,-11.2476858495178,-74.6371918977052,DESPEJADO,RURAL,INTERSECCIÓN,PLANA ,ASFALTADA,,,,,NO IDENTIFICA LA CAUSA,
A-2022-01-43,15/01/2022,06:10,ATROPELLO,1,0,,TUMBES,ZARUMILLA,PAPAYAL,RURAL,CARRETERA,SIN CLASIFICAR,SIN CLASIFICAR,NO,-3.61342,-80.19236,DESPEJADO,RURAL,CURVA,INCLINADA,TROCHA,,,,,IMPRUDENCIA DEL CONDUCTOR,EXCESO DE VELOCIDAD
A-2022-01-288,15/01/2022,08:30,CHOQUE,1,0,2,AREQUIPA,CARAVELI,ATICO,RURAL,CARRETERA,NACIONAL,PE-1S,NO,-16.2421343876437,-73.572630226186,DESPEJADO,RURAL,TRAMO RECTO,INCLINADA,ASFALTADA,,,,,NO IDENTIFICA LA CAUSA,
A-2022-01-297,15/01/2022,10:35,ATROPELLO FUGA,1,0,,JUNIN,HUANCAYO,HUANCAYO,URBANA,AVENIDA,URBANO,NO CORRESPONDE,NO,-12.069688,-75.199547,DESPEJADO,COMERCIAL,TRAMO RECTO,PLANA ,ASFALTADA,,,,,IMPRUDENCIA DEL CONDUCTOR,OTRO (IMPRUDENCIA DEL CONDUCTOR)
A-2022-01-165,15/01/2022,18:00,DESPISTE,1,0,1,PUNO,CARABAYA,MACUSANI,RURAL,CARRETERA,NACIONAL,PE-34B,NO,-14.0951379,-70.3834199,DESPEJADO,RURAL,CURVA,PLANA ,ASFALTADA,,,,,IMPRUDENCIA DEL CONDUCTOR,EXCESO DE VELOCIDAD
A-2022-01-251,15/01/2022,19:50,ATROPELLO,1,0,1,CUSCO,CANCHIS,MARANGANI,RURAL,CARRETERA,NACIONAL,PE-3S,NO,-14.3868783067737,-71.137839898016,DESPEJADO,RURAL,TRAMO RECTO,PLANA ,ASFALTADA,,,,,IMPRUDENCIA DEL CONDUCTOR,EXCESO DE VELOCIDAD
A-2022-01-217,15/01/2022,20:00,CHOQUE,1,2,2,LAMBAYEQUE,LAMBAYEQUE,MORROPE,RURAL,CARRETERA,NACIONAL,PE-1N,NO,-6.576851,-79.988526,LLUVIOSO,RURAL,TRAMO RECTO,PLANA ,ASFALTADA,,,,,NO IDENTIFICA LA CAUSA,
A-2022-01-314,15/01/2022,20:00,DESPISTE,1,1,,JUNIN,CHANCHAMAYO,PERENE,RURAL,CARRETERA,NACIONAL,PE-5S,,-10.9429973493019,-75.2178364467561,,,,,,,,,,,
A-2022-01-93,15/01/2022,23:00,CHOQUE,1,2,2,SAN MARTIN,RIOJA,NUEVA CAJAMARCA,URBANA,CARRETERA,NACIONAL,PE-5N,NO,-5.933622,-77.311038,DESPEJADO,COMERCIAL,TRAMO RECTO,PLANA ,CONCRETO,,,,,NO IDENTIFICA LA CAUSA,
A-2023-01-80,15/01/2023,01:00,DESPISTE,1,0,1,CAJAMARCA,SAN MIGUEL,SAN GREGORIO,RURAL,CARRETERA,DEPARTAMENTAL,CA-100,NO,-7.053936,-79.093398,SOLEADO,RURAL,CURVA,INCLINADA,AFIRMADO,,,,,IMPRUDENCIA DEL CONDUCTOR,EXCESO DE VELOCIDAD
A-2023-01-117,15/01/2023,02:57,DESPISTE,1,0,1,PIURA,PIURA,PIURA,RURAL,CARRETERA,NACIONAL,PE-1N,NO,-5.0411083,-80.701613,DESPEJADO,RURAL,TRAMO RECTO,PLANA ,ASFALTADA,,,,,IMPRUDENCIA DEL CONDUCTOR,EXCESO DE VELOCIDAD
A-2023-01-89,15/01/2023,03:20,DESPISTE,1,1,1,LAMBAYEQUE,CHICLAYO,REQUE,RURAL,CARRETERA,SIN CLASIFICAR,SIN CLASIFICAR,NO,-6.837588,-79.7952347,DESPEJADO,RURAL,CURVA,PLANA ,ASFALTADA,,,,,NO IDENTIFICA LA CAUSA,
A-2023-01-17,15/01/2023,04:00,DESPISTE,1,0,1,SAN MARTIN,MOYOBAMBA,MOYOBAMBA,URBANA,CARRETERA,DEPARTAMENTAL,SM-100,SI,-6.05784,-76.97303,DESPEJADO,RESIDENCIAL,TRAMO RECTO,PLANA ,ASFALTADA,,,,,IMPRUDENCIA DEL CONDUCTOR,OTRO (IMPRUDENCIA DEL CONDUCTOR)
A-2023-01-79,15/01/2023,05:00,DESPISTE,1,0,1,CAJAMARCA,SAN IGNACIO,SAN IGNACIO,RURAL,CARRETERA,VECINAL,CA-533,NO,-5.11145,-79.02149167,LLUVIOSO,RURAL,CURVA,INCLINADA,AFIRMADO,,,,,NEGLIGENCIA DEL CONDUCTOR,OTRO (NEGLIGENCIA DEL CONDUCTOR)
A-2023-01-13,15/01/2023,12:15,CHOQUE,1,0,2,SAN MARTIN,MOYOBAMBA,MOYOBAMBA,RURAL,CARRETERA,NACIONAL,PE-5N,NO,-6.049138,-77.040499,DESPEJADO,RURAL,CURVA,PLANA ,ASFALTADA,,,,,NO IDENTIFICA LA CAUSA,
A-2023-01-21,15/01/2023,19:30,DESPISTE,1,6,1,ANCASH,ASUNCION,CHACAS,RURAL,CARRETERA,NACIONAL,PE-1N,NO,-9.16501799837972,-77.3787636620929,LLUVIOSO,RURAL,SINUOSA,INCLINADA,ASFALTADA,SI,REGULADORA (R),PREVENTIVA (P),NO,NO IDENTIFICA LA CAUSA,
A-2023-01-71,15/01/2023,20:00,ATROPELLO,1,0,1,LIMA,HUAURA,SANTA MARIA,RURAL,CARRETERA,NACIONAL,PE-1N,NO,-11.07643,-77.5829,DESPEJADO,RURAL,TRAMO RECTO,PLANA ,ASFALTADA,SI,REGULADORA (R),,NO,IMPRUDENCIA DEL PEATÓN,CRUCE INDEBIDO POR LA CALZADA
A-2023-01-42,15/01/2023,20:30,ATROPELLO FUGA,1,0,,LA LIBERTAD,TRUJILLO,VICTOR LARCO HERRERA,URBANA,CARRETERA,NACIONAL,PE-1N,NO,-8.1408261,-79.0522763,DESPEJADO,INDUSTRIAL,TRAMO RECTO,PLANA ,ASFALTADA,,,,,NO IDENTIFICA LA CAUSA,
A-2021-02-80,15/02/2021,07:30,ESPECIAL,2,4,2,CAJAMARCA,CONTUMAZA,TANTARICA,RURAL,CARRETERA,NACIONAL,PE-08,NO,-7.19824358,-78.95239371,SOLEADO,RURAL,CURVA,INCLINADA,ASFALTADA,SI,PREVENTIVA (P),,SI,IMPRUDENCIA DEL CONDUCTOR,INVASIÓN DE CARRIL
A-2021-02-92,15/02/2021,08:30,DESPISTE,1,0,1,LA LIBERTAD,PATAZ,HUANCASPATA,RURAL,CARRETERA,NACIONAL,PE-10C,NO,-8.459044,-77.300349,DESPEJADO,RURAL,TRAMO RECTO,PLANA ,AFIRMADO,,,,,NO IDENTIFICA LA CAUSA,
A-2021-02-69,15/02/2021,15:38,CAÍDA DE PASAJERO,1,0,0,AMAZONAS,UTCUBAMBA,CAJARURO,URBANA,CARRETERA,DEPARTAMENTAL,AM-102,NO,-5.75070212251995,-78.4214720944562,SOLEADO,RURAL,CURVA,INCLINADA,ASFALTADA,,,,,NO IDENTIFICA LA CAUSA,
A-2022-02-231,15/02/2022,04:30,ATROPELLO FUGA,1,0,0,LIMA,LIMA,LURIGANCHO,URBANA,AVENIDA,URBANO,NO CORRESPONDE,NO,-12.0196972244307,-76.9199985344761,DESPEJADO,INDUSTRIAL,TRAMO RECTO,PLANA ,ASFALTADA,,,,,NO IDENTIFICA LA CAUSA,
A-2022-02-287,15/02/2022,09:00,CHOQUE,1,0,,JUNIN,CHANCHAMAYO,PICHANAQUI,RURAL,CARRETERA,VECINAL,JU-1487,,-10.9386258113949,-74.838384319325,,,,,,,,,,,
A-2022-02-234,15/02/2022,11:00,ATROPELLO,1,0,0,LIMA,LIMA,COMAS,URBANA,AVENIDA,URBANO,NO CORRESPONDE,SI,-11.9416921307959,-77.0644139688882,DESPEJADO,RESIDENCIAL,INTERSECCIÓN,PLANA ,ASFALTADA,,,,,NO IDENTIFICA LA CAUSA,
A-2022-02-301,15/02/2022,11:40,CHOQUE,1,6,,ANCASH,HUARMEY,HUARMEY,RURAL,CARRETERA,NACIONAL,PE-1N,NO,-10.56637563,-77.87376066,DESPEJADO,RURAL,TRAMO RECTO,PLANA ,ASFALTADA,,,,,,
A-2022-02-243,15/02/2022,15:00,VOLCADURA,1,0,1,PIURA,SECHURA,SECHURA,RURAL,CARRETERA,SIN CLASIFICAR,SIN CLASIFICAR,NO,-5.97402,-81.09711,DESPEJADO,RURAL,PASE A DESNIVEL,INCLINADA,CONCRETO,,,,,NO IDENTIFICA LA CAUSA,
A-2022-02-97,15/02/2022,20:00,DESPISTE,2,5,1,LA LIBERTAD,OTUZCO,USQUIL,RURAL,CARRETERA,VECINAL,LI-777,NO,-7.76208693787852,-78.3385867344192,LLUVIOSO,RURAL,CURVA,INCLINADA,AFIRMADO,,,,,IMPRUDENCIA DEL CONDUCTOR,GIRAR IMPRUDENTEMENTE
A-2023-02-104,15/02/2023,01:00,ATROPELLO FUGA,1,0,,JUNIN,CONCEPCION,CONCEPCION,RURAL,CARRETERA,NACIONAL,PE-3S,NO,-11.933564,-75.314174,LLUVIOSO,RURAL,CURVA,PLANA ,ASFALTADA,SI,REGULADORA (R),,NO,NO IDENTIFICA LA CAUSA,
A-2023-02-24,15/02/2023,11:55,DESPISTE,1,0,1,LA LIBERTAD,SANCHEZ CARRION,HUAMACHUCO,URBANA,CALLE,URBANO,NO CORRESPONDE,NO,-7.8202042,-78.0389994,DESPEJADO,COMERCIAL,INTERSECCIÓN,PLANA ,ASFALTADA,,,,,NO IDENTIFICA LA CAUSA,
A-2023-02-141,15/02/2023,19:00,ATROPELLO,1,0,,LIMA,LIMA,LOS OLIVOS,URBANA,AVENIDA,URBANO,NO CORRESPONDE,NO,-11.9815313032011,-77.0722466886651,DESPEJADO,RESIDENCIAL,TRAMO RECTO,PLANA ,ASFALTADA,,,,,IMPRUDENCIA DEL CONDUCTOR,OTRO (IMPRUDENCIA DEL CONDUCTOR)
A-2021-03-296,15/03/2021,01:00,CHOQUE,1,4,2,AYACUCHO,LA MAR,AYNA,URBANA,CARRETERA,NACIONAL,PE-28B,NO,-12.624625,-73.789154,DESPEJADO,RURAL,CURVA,PLANA ,TROCHA,NO,,,SI,NEGLIGENCIA DEL CONDUCTOR,OTRO (NEGLIGENCIA DEL CONDUCTOR)
A-2021-03-368,15/03/2021,05:00,DESPISTE,1,0,1,HUANUCO,HUANUCO,YACUS,RURAL,CARRETERA,DEPARTAMENTAL,HU-111,NO,-9.97815888177728,-76.4997232854055,DESPEJADO,RURAL,CURVA,PLANA ,AFIRMADO,,,,,NO IDENTIFICA LA CAUSA,
A-2021-03-334,15/03/2021,07:00,DESPISTE,2,3,1,PIURA,HUANCABAMBA,HUARMACA,RURAL,CARRETERA,SIN CLASIFICAR,SIN CLASIFICAR,NO,-5.61141,-79.611036,DESPEJADO,RURAL,CURVA,INCLINADA,AFIRMADO,,,,,,
A-2021-03-110,15/03/2021,09:00,CHOQUE,1,1,2,LIMA,HUARAL,HUARAL,RURAL,CARRETERA,VECINAL,LM-667,NO,-11.3797750563064,-77.3119013879502,DESPEJADO,RURAL,TRAMO RECTO,PLANA ,ASFALTADA,,,,,IMPRUDENCIA DEL CONDUCTOR,INVASIÓN DE CARRIL
A-2021-03-95,15/03/2021,10:20,ATROPELLO,1,1,1,CAJAMARCA,CAJAMARCA,LLACANORA,RURAL,CARRETERA,VECINAL,CA-1495,NO,-7.19258821260287,-78.4284867247807,DESPEJADO,RURAL,TRAMO RECTO,PLANA ,TROCHA,,,,,IMPRUDENCIA DEL PEATÓN,CRUCE INDEBIDO POR LA CALZADA
A-2021-03-113,15/03/2021,12:20,ATROPELLO,1,0,1,PUNO,HUANCANE,TARACO,RURAL,CARRETERA,NACIONAL,PE-34H,NO,-15.290999,-69.95277,DESPEJADO,RURAL,TRAMO RECTO,PLANA ,ASFALTADA,SI,REGULADORA (R),PREVENTIVA (P),SI,IMPRUDENCIA DEL CONDUCTOR,EXCESO DE VELOCIDAD
A-2021-03-262,15/03/2021,17:20,ATROPELLO,1,0,0,JUNIN,CHUPACA,CHUPACA,RURAL,JIRÓN,URBANO,NO CORRESPONDE,NO,-12.0884911,-75.286090516,DESPEJADO,RURAL,TRAMO RECTO,PLANA ,TROCHA,,,,,,
A-2022-03-49,15/03/2022,12:27,ESPECIAL,1,0,1,ANCASH,HUARAZ,HUARAZ,URBANA,OTRO,URBANO,NO CORRESPONDE,NO,-9.52967998407476,-77.5306356663489,DESPEJADO,COMERCIAL,INTERSECCIÓN,INCLINADA,CONCRETO,SI,REGULADORA (R),REGULADORA (R),SI,NEGLIGENCIA DEL CONDUCTOR,OTRO (NEGLIGENCIA DEL CONDUCTOR)
A-2022-03-260,15/03/2022,23:30,ATROPELLO,1,0,,LIMA,LIMA,SAN JUAN DE LURIGANCHO,URBANA,CARRETERA,VECINAL,LM-711,,-11.9255698497521,-76.9636556981117,,,,,,,,,,,
A-2023-03-143,15/03/2023,00:15,CHOQUE,1,0,,LIMA,LIMA,SAN BORJA,URBANA,CARRETERA,NACIONAL,PE-1S,NO,-12.10486683,-76.9790993,NUBLADO,RESIDENCIAL,TRAMO RECTO,PLANA ,ASFALTADA,,,,,IMPRUDENCIA DEL CONDUCTOR,OTRO (IMPRUDENCIA DEL CONDUCTOR)
A-2023-03-23,15/03/2023,08:30,CHOQUE,1,0,2,LA LIBERTAD,TRUJILLO,TRUJILLO,URBANA,CARRETERA,NACIONAL,PE-10A,NO,-8.12276435382876,-79.0070200286749,DESPEJADO,RURAL,INTERSECCIÓN,PLANA ,ASFALTADA,,,,,NO IDENTIFICA LA CAUSA,
A-2023-03-56,15/03/2023,16:10,CHOQUE,1,1,2,CUSCO,ANTA,LIMATAMBO,RURAL,CARRETERA,NACIONAL,PE-3S,NO,-13.46172,-72.42498,DESPEJADO,RURAL,TRAMO RECTO,INCLINADA,ASFALTADA,SI,PREVENTIVA (P),,SI,IMPRUDENCIA DEL CONDUCTOR,FATIGA Y/O CANSANCIO