CODIGO_SINIESTRO,FECHA_SINIESTRO,HORA_SINIESTRO,CLASE_SINIESTRO,CANTIDAD_DE_FALLECIDOS,CANTIDAD_DE_LESIONADOS,CANTIDAD_DE_VEHICULOS_DANADOS,DEPARTAMENTO,PROVINCIA,DISTRITO,ZONA,TIPO_DE_VIA,RED_VIAL,COD_CARRETERA,EXISTE_CICLOVIA,COORDENADAS_LATITUD,COORDENADAS_LONGITUD,CONDICION_CLIMATICA,ZONIFICACION,CARACTERISTICAS_DE_VIA,PERFIL_LONGITUDINAL_VIA,SUPERFICIE_DE_CALZADA,EXISTE_SENAL_VERTICAL,CLASIFICACION_DE_LA_SENAL_VERTICAL_N_1,CLASIFICACION_DE_LA_SENAL_VERTICAL_N_2,EXISTE_SENAL_HORIZONTAL,CAUSA_FACTOR_PRINCIPAL,CAUSA_ESPECIFICA
A-2023-03-126,15/03/2023,20:00,ATROPELLO,1,2,,CALLAO,CALLAO,VENTANILLA,URBANA,AVENIDA,URBANO,NO CORRESPONDE,,-11.8282122,-77.124005617,,,,,,,,,,,
A-2021-04-243,15/04/2021,13:00,CHOQUE,1,2,,LIMA,LIMA,LURIGANCHO,URBANA,AVENIDA,URBANO,NO CORRESPONDE,NO,-11.967223,-76.936176,DESPEJADO,RURAL,TRAMO RECTO,PLANA ,ASFALTADA,,,,,IMPRUDENCIA DEL CONDUCTOR,EXCESO DE VELOCIDAD
A-2021-04-66,15/04/2021,14:30,DESPISTE,1,0,1,LORETO,MAYNAS,SAN JUAN BAUTISTA,RURAL,CARRETERA,VECINAL,LO-506,NO,-3.77516223599449,-73.3029267595738,SOLEADO,RURAL,CURVA,PLANA ,ASFALTADA,,,,,IMPRUDENCIA DEL CONDUCTOR,CONDUCIR EN ESTADO DE EBRIEDAD Y/O DROGADICCIÓN
A-2021-04-138,15/04/2021,15:50,CHOQUE,1,1,2,CAJAMARCA,JAEN,PUCARA,URBANA,CARRETERA,NACIONAL,PE-3N,NO,-6.04011293019076,-79.0328333510505,DESPEJADO,RURAL,TRAMO RECTO,PLANA ,ASFALTADA,,,,,NO IDENTIFICA LA CAUSA,
A-2022-04-75,15/04/2022,02:10,DESPISTE,1,0,1,AREQUIPA,AREQUIPA,SOCABAYA,URBANA,CALLE,URBANO,NO CORRESPONDE,NO,-16.468725,-71.551163,DESPEJADO,RESIDENCIAL,INTERSECCIÓN,INCLINADA,ASFALTADA,NO,,,SI,NO IDENTIFICA LA CAUSA,
A-2022-04-237,15/04/2022,04:45,CHOQUE,2,0,,LIMA,LIMA,LURIGANCHO,URBANA,CARRETERA,NACIONAL,PE-22,,-12.018346,-76.911652,,,,,,,,,,,
A-2022-04-51,15/04/2022,18:45,ATROPELLO,1,0,1,CAJAMARCA,CAJAMARCA,LOS BAÑOS DEL INCA,URBANA,JIRÓN,URBANO,NO CORRESPONDE,NO,-7.15525091,-78.45967954,DESPEJADO,RURAL,TRAMO RECTO,PLANA ,CONCRETO,,,,,NO IDENTIFICA LA CAUSA,
A-2022-04-152,15/04/2022,19:00,CHOQUE,1,0,1,PIURA,PIURA,CASTILLA,URBANA,CARRETERA,NACIONAL,PE-1NJ,NO,-5.2079184,-80.6212371,DESPEJADO,COMERCIAL,TRAMO RECTO,PLANA ,ASFALTADA,,,,,NO IDENTIFICA LA CAUSA,
A-2022-04-143,15/04/2022,20:50,ATROPELLO FUGA,1,0,,PIURA,PIURA,TAMBO GRANDE,RURAL,CARRETERA,NACIONAL,PE-1NJ,NO,-5.139098,-80.349455,DESPEJADO,RURAL,TRAMO RECTO,PLANA ,ASFALTADA,,,,,NO IDENTIFICA LA CAUSA,
A-2023-04-31,15/04/2023,02:30,CHOQUE,1,1,2,AREQUIPA,AREQUIPA,CERRO COLORADO,URBANA,CARRETERA,NACIONAL,PE-34A,NO,-16.3537393,-71.5802957,DESPEJADO,INDUSTRIAL,TRAMO RECTO,PLANA ,ASFALTADA,NO,,,SI,NO IDENTIFICA LA CAUSA,
A-2023-04-34,15/04/2023,18:30,ATROPELLO,1,0,1,AREQUIPA,AREQUIPA,PAUCARPATA,URBANA,CALLE,URBANO,NO CORRESPONDE,NO,-16.40986,-71.4927,DESPEJADO,COMERCIAL,TRAMO RECTO,PLANA ,ASFALTADA,NO,,,SI,NO IDENTIFICA LA CAUSA,
A-2023-04-69,15/04/2023,21:30,ATROPELLO FUGA,1,0,,ANCASH,HUAYLAS,CARAZ,URBANA,CARRETERA,NACIONAL,PE-3N,,-9.0508723504791,-77.8106494327671,,,,,,,,,,,
A-2021-05-187,15/05/2021,11:30,CHOQUE,1,1,2,LAMBAYEQUE,CHICLAYO,JOSE LEONARDO ORTIZ,URBANA,AVENIDA,URBANO,NO CORRESPONDE,NO,-6.762234,-79.829662,SOLEADO,RESIDENCIAL,TRAMO RECTO,PLANA ,ASFALTADA,,,,,NO IDENTIFICA LA CAUSA,
A-2021-05-120,15/05/2021,12:45,DESPISTE,1,1,1,CUSCO,CANAS,KUNTURKANKI,RURAL,CARRETERA,SIN CLASIFICAR,SIN CLASIFICAR,NO,-14.499621,-71.329169,DESPEJADO,RURAL,CURVA,PLANA ,TROCHA,,,,,NEGLIGENCIA DEL CONDUCTOR,OTRO (NEGLIGENCIA DEL CONDUCTOR)
A-2021-05-121,15/05/2021,15:45,CHOQUE,1,0,2,CUSCO,LA CONVENCION,SANTA ANA,RURAL,CARRETERA,NACIONAL,PE-28B,NO,-12.804034,-72.683129,DESPEJADO,RURAL,TRAMO RECTO,PLANA ,ASFALTADA,,,,,NEGLIGENCIA DEL CONDUCTOR,OTRO (NEGLIGENCIA DEL CONDUCTOR)
A-2021-05-86,15/05/2021,18:45,VOLCADURA,1,0,1,CUSCO,ESPINAR,COPORAQUE,RURAL,CARRETERA,NACIONAL,PE-3S,NO,-14.748404,-71.484805,DESPEJADO,RURAL,CURVA,INCLINADA,TROCHA,,,,,NO IDENTIFICA LA CAUSA,
A-2021-05-110,15/05/2021,19:00,CHOQUE,2,3,2,ANCASH,CARHUAZ,ACOPAMPA,RURAL,CARRETERA,NACIONAL,PE-3N,NO,-9.30077860974774,-77.6226315938638,NUBLADO,RURAL,CURVA,INCLINADA,ASFALTADA,SI,PREVENTIVA (P),,SI,IMPRUDENCIA DEL CONDUCTOR,CONDUCIR EN ESTADO DE EBRIEDAD Y/O DROGADICCIÓN
A-2021-05-122,15/05/2021,19:00,ATROPELLO FUGA,1,0,1,CUSCO,PAUCARTAMBO,KOSÑIPATA,RURAL,CARRETERA,NACIONAL,PE-3S,NO,-12.964499,-71.4214,NUBLADO,RURAL,TRAMO RECTO,PLANA ,TROCHA,SI,REGULADORA (R),INFORMATIVA (I),NO,IMPRUDENCIA DEL CONDUCTOR,EXCESO DE VELOCIDAD
A-2021-05-75,15/05/2021,21:50,CHOQUE,1,0,2,LA LIBERTAD,CHEPEN,PACANGA,RURAL,CARRETERA,NACIONAL,PE-1N,NO,-7.178046,-79.437756,DESPEJADO,RURAL,OTRO,PLANA ,ASFALTADA,,,,,IMPRUDENCIA DEL CONDUCTOR,GIRAR IMPRUDENTEMENTE
A-2022-05-112,15/05/2022,03:15,CHOQUE,1,1,,LAMBAYEQUE,LAMBAYEQUE,JAYANCA,RURAL,CARRETERA,VECINAL,LA-559,NO,-6.38934,-79.75543,DESPEJADO,RURAL,TRAMO RECTO,PLANA ,ASFALTADA,SI,PREVENTIVA (P),,NO,NO IDENTIFICA LA CAUSA,
A-2022-05-113,15/05/2022,05:00,CHOQUE,1,0,,LAMBAYEQUE,LAMBAYEQUE,LAMBAYEQUE,RURAL,CARRETERA,NACIONAL,PE-1N,NO,-6.6910073,-79.9038109,DESPEJADO,RURAL,TRAMO RECTO,PLANA ,ASFALTADA,,,,,NO IDENTIFICA LA CAUSA,
A-2022-05-129,15/05/2022,10:30,CHOQUE,1,0,2,CUSCO,CALCA,YANATILE,RURAL,CARRETERA,DEPARTAMENTAL,CU-105,NO,-12.678571,-72.285681,SOLEADO,RURAL,SINUOSA,PLANA ,ASFALTADA,,,,,IMPERICIA DEL CONDUCTOR,
A-2022-05-193,15/05/2022,16:00,CHOQUE FUGA,1,1,1,HUANUCO,LEONCIO PRADO,JOSE CRESPO Y CASTILLO,RURAL,CARRETERA,NACIONAL,PE-5N,NO,-8.905989,-76.093755,DESPEJADO,RURAL,TRAMO RECTO,PLANA ,ASFALTADA,,,,,NO IDENTIFICA LA CAUSA,
A-2022-05-171,15/05/2022,18:30,CHOQUE,2,0,2,PUNO,SAN ANTONIO DE PUTINA,ANANEA,RURAL,CARRETERA,NACIONAL,PE-34H,NO,-14.6623298915185,-69.5763408174447,DESPEJADO,RURAL,TRAMO RECTO,PLANA ,ASFALTADA,,,,,IMPRUDENCIA DEL CONDUCTOR,EXCESO DE VELOCIDAD
A-2022-05-63,15/05/2022,19:45,VOLCADURA,1,0,1,ICA,ICA,ICA,URBANA,AVENIDA,URBANO,NO CORRESPONDE,SI,-14.077721,-75.732901,DESPEJADO,RESIDENCIAL,TRAMO RECTO,PLANA ,ASFALTADA,NO,,,SI,NO IDENTIFICA LA CAUSA,
A-2022-05-236,15/05/2022,20:20,ATROPELLO FUGA,1,0,1,LIMA,HUARAL,CHANCAY,URBANA,CARRETERA,NACIONAL,PE-1N,NO,-11.57892,-77.2619,DESPEJADO,RESIDENCIAL,TRAMO RECTO,PLANA ,ASFALTADA,SI,REGULADORA (R),,NO,IMPRUDENCIA DEL PEATÓN,ESTADO DE EBRIEDAD Y/O DROGADICCIÓN
A-2022-05-258,15/05/2022,20:20,CHOQUE,1,1,,LIMA,LIMA,CHORRILLOS,URBANA,AVENIDA,URBANO,NO CORRESPONDE,,-12.160096,-77.018885,,,,,,,,,,,
A-2023-05-164,15/05/2023,05:30,DESPISTE,1,0,1,CAJAMARCA,JAEN,SAN FELIPE,URBANA,CARRETERA,NACIONAL,PE-3N,NO,-5.781063,-79.392888,DESPEJADO,INDUSTRIAL,CURVA,PLANA ,ASFALTADA,SI,PREVENTIVA (P),,SI,IMPRUDENCIA DEL CONDUCTOR,EXCESO DE VELOCIDAD
A-2023-05-82,15/05/2023,08:00,CHOQUE,1,1,2,HUANCAVELICA,ANGARAES,LIRCAY,RURAL,CARRETERA,VECINAL,HV-881,NO,-13.0032514,-74.7349296,SOLEADO,RURAL,CURVA,PLANA ,TROCHA,,,,,EN PROCESO DE INVESTIGACIÓN,NO CUENTA CON CAUSA ESPECIFICA
A-2023-05-14,15/05/2023,14:15,DESPISTE,1,0,1,TUMBES,ZARUMILLA,ZARUMILLA,RURAL,CARRETERA,DEPARTAMENTAL,TU-100,NO,-3.48339780125278,-80.2868842732761,SOLEADO,RURAL,TRAMO RECTO,PLANA ,ASFALTADA,,,,,IMPRUDENCIA DEL CONDUCTOR,EXCESO DE VELOCIDAD
A-2023-05-22,15/05/2023,14:35,CHOQUE,1,0,2,AREQUIPA,CAYLLOMA,MAJES,URBANA,CARRETERA,SIN CLASIFICAR,SIN CLASIFICAR,NO,-16.320432,-72.214965,DESPEJADO,RURAL,TRAMO RECTO,INCLINADA,ASFALTADA,,,,,NO IDENTIFICA LA CAUSA,
A-2023-05-71,15/05/2023,17:15,DESPISTE,1,3,1,LA LIBERTAD,VIRU,GUADALUPITO,RURAL,CARRETERA,NACIONAL,PE-1N,NO,-8.69716478565437,-78.6379451763967,DESPEJADO,RURAL,TRAMO RECTO,PLANA ,ASFALTADA,,,,,NO IDENTIFICA LA CAUSA,
A-2023-05-72,15/05/2023,18:30,DESPISTE,1,0,1,LA LIBERTAD,ASCOPE,CHICAMA,RURAL,CARRETERA,NACIONAL,PE-1NF,NO,-7.748804,-79.100962,DESPEJADO,RURAL,TRAMO RECTO,PLANA ,ASFALTADA,,,,,NO IDENTIFICA LA CAUSA,
A-2023-05-99,15/05/2023,21:30,ATROPELLO,1,0,1,PIURA,PIURA,CATACAOS,RURAL,CARRETERA,NACIONAL,PE-1N,NO,-5.22775758556583,-80.6541318680608,DESPEJADO,RURAL,TRAMO RECTO,PLANA ,ASFALTADA,,,,,IMPRUDENCIA DEL PEATÓN,ESTADO DE EBRIEDAD Y/O DROGADICCIÓN
A-2021-06-268,15/06/2021,06:00,CHOQUE,1,1,2,PIURA,PIURA,LAS LOMAS,RURAL,CARRETERA,VECINAL,PI-748,NO,-4.67977032605632,-80.0868020487453,DESPEJADO,RURAL,CURVA,INCLINADA,TROCHA,,,,,,
A-2021-06-116,15/06/2021,12:30,ATROPELLO,1,0,,LIMA,LIMA,VILLA MARIA DEL TRIUNFO,URBANA,AVENIDA,URBANO,NO CORRESPONDE,NO,-12.169581,-76.928672,DESPEJADO,INDUSTRIAL,TRAMO RECTO,PLANA ,ASFALTADA,,,,,IMPRUDENCIA DEL CONDUCTOR,EXCESO DE VELOCIDAD
A-2021-06-161,15/06/2021,15:00,DESPISTE,1,0,1,TACNA,TACNA,PACHIA,RURAL,CARRETERA,NACIONAL,PE-40,NO,-17.825808,-70.021437,DESPEJADO,RURAL,CURVA,INCLINADA,ASFALTADA,SI,PREVENTIVA (P),PREVENTIVA (P),NO,IMPRUDENCIA DEL CONDUCTOR,EXCESO DE VELOCIDAD
A-2021-06-134,15/06/2021,18:45,CHOQUE,1,1,2,AREQUIPA,CAMANA,QUILCA,RURAL,CARRETERA,NACIONAL,PE-1SD,NO,-16.666453065904,-72.5797336386053,DESPEJADO,RURAL,SINUOSA,INCLINADA,ASFALTADA,SI,PREVENTIVA (P),PREVENTIVA (P),SI,IMPRUDENCIA DEL CONDUCTOR,EXCESO DE VELOCIDAD
A-2022-06-177,15/06/2022,09:45,CHOQUE,3,2,1,HUANUCO,AMBO,SAN RAFAEL,RURAL,CARRETERA,NACIONAL,PE-3N,NO,-10.348741,-76.181179,SOLEADO,RURAL,CURVA,PLANA ,ASFALTADA,,,,,IMPRUDENCIA DEL CONDUCTOR,INVASIÓN DE CARRIL
A-2022-06-117,15/06/2022,15:00,DESPISTE,1,1,1,CAJAMARCA,SANTA CRUZ,SAUCEPAMPA,RURAL,CARRETERA,VECINAL,CA-875,NO,-6.6888736,-78.91984762,DESPEJADO,RURAL,TRAMO RECTO,PLANA ,AFIRMADO,,,,,NO IDENTIFICA LA CAUSA,
A-2022-06-259,15/06/2022,15:28,ATROPELLO,1,0,2,LIMA,HUARAL,CHANCAY,RURAL,CARRETERA,NACIONAL,PE-1N,NO,-11.4586790367809,-77.3187517871448,DESPEJADO,RURAL,TRAMO RECTO,PLANA ,ASFALTADA,,,,,IMPRUDENCIA DEL PEATÓN,CRUCE INDEBIDO POR LA CALZADA
A-2022-06-140,15/06/2022,18:45,CHOQUE,1,4,,PIURA,SECHURA,SECHURA,RURAL,CARRETERA,NACIONAL,PE-1N,NO,-5.78526,-80.544164,DESPEJADO,RURAL,TRAMO RECTO,PLANA ,ASFALTADA,,,,,NO IDENTIFICA LA CAUSA,
A-2022-06-49,15/06/2022,19:35,CAÍDA DE PASAJERO,1,0,1,LA LIBERTAD,TRUJILLO,LA ESPERANZA,URBANA,AVENIDA,URBANO,NO CORRESPONDE,NO,-8.065278,-79.051389,DESPEJADO,RURAL,TRAMO RECTO,PLANA ,ASFALTADA,,,,,IMPRUDENCIA DEL CONDUCTOR,GIRAR IMPRUDENTEMENTE
A-2023-06-25,15/06/2023,06:30,CHOQUE,1,0,,ICA,NASCA,MARCONA,RURAL,CARRETERA,NACIONAL,PE-30,NO,-15.3185077,-75.1413688,DESPEJADO,RURAL,TRAMO RECTO,PLANA ,ASFALTADA,,,,,NEGLIGENCIA DEL CONDUCTOR,CONDUCIR CON FALLAS DE FRENOS
A-2023-06-33,15/06/2023,10:21,FERROVIARIO,1,0,,CUSCO,URUBAMBA,OLLANTAYTAMBO,RURAL,CARRETERA,DEPARTAMENTAL,CU-110,NO,-13.3083,-72.23552,DESPEJADO,RURAL,CURVA,PLANA ,CASCAJO/RIPIO,SI,PREVENTIVA (P),,NO,IMPRUDENCIA DEL PEATÓN,OTRO (IMPRUDENCIA DEL PEATÓN)
A-2023-06-61,15/06/2023,18:40,CHOQUE FUGA,1,0,1,LA LIBERTAD,TRUJILLO,HUANCHACO,RURAL,CARRETERA,NACIONAL,PE-1N,NO,-8.0994527,-79.0990956,DESPEJADO,RURAL,TRAMO RECTO,PLANA ,ASFALTADA,,,,,NO IDENTIFICA LA CAUSA,
A-2021-07-248,15/07/2021,04:30,ATROPELLO,1,0,0,LIMA,LIMA,SAN MARTIN DE PORRES,URBANA,CARRETERA,NACIONAL,PE-1N,SI,-12.0184928844168,-77.0597112719439,DESPEJADO,COMERCIAL,TRAMO RECTO,PLANA ,ASFALTADA,,,,,NO IDENTIFICA LA CAUSA,
A-2021-07-298,15/07/2021,05:45,CHOQUE,1,0,2,ANCASH,SANTA,NEPEÑA,RURAL,CARRETERA,DEPARTAMENTAL,AN-104,NO,-9.15735541599158,-78.3020176526725,DESPEJADO,RURAL,TRAMO RECTO,PLANA ,ASFALTADA,,,,,IMPRUDENCIA DEL CONDUCTOR,EXCESO DE VELOCIDAD
A-2021-07-79,15/07/2021,15:00,CHOQUE,1,0,1,PUNO,YUNGUYO,COPANI,RURAL,CARRETERA,DEPARTAMENTAL,PU-130,NO,-16.3620109749409,-69.04291336339,DESPEJADO,RURAL,TRAMO RECTO,PLANA ,ASFALTADA,,,,,IMPRUDENCIA DEL CONDUCTOR,GIRAR IMPRUDENTEMENTE
A-2021-07-106,15/07/2021,15:10,DESPISTE,1,1,1,SAN MARTIN,RIOJA,RIOJA,RURAL,CARRETERA,NACIONAL,PE-5N,NO,-6.031427,-77.206819,DESPEJADO,RURAL,TRAMO RECTO,PLANA ,ASFALTADA,,,,,NEGLIGENCIA DEL CONDUCTOR,OTRO (NEGLIGENCIA DEL CONDUCTOR)
A-2021-07-94,15/07/2021,22:20,CHOQUE,1,0,2,LA LIBERTAD,TRUJILLO,TRUJILLO,URBANA,CARRETERA,VECINAL,LI-733,NO,-8.104748,-79.019586,DESPEJADO,RESIDENCIAL,INTERSECCIÓN,PLANA ,ASFALTADA,,,,,IMPRUDENCIA DEL CONDUCTOR,CONDUCIR EN SENTIDO CONTRARIO
A-2022-07-210,15/07/2022,06:00,CHOQUE,1,1,,TACNA,JORGE BASADRE,LOCUMBA,RURAL,CARRETERA,VECINAL,TA-573,,-17.614852,-70.761441,,,,,,,,,,,
A-2022-07-18,15/07/2022,06:30,ATROPELLO FUGA,1,0,,PUNO,CHUCUITO,JULI,RURAL,CARRETERA,NACIONAL,PE-3S,NO,-16.236553,-69.376548,DESPEJADO,RURAL,TRAMO RECTO,PLANA ,ASFALTADA,,,,,IMPERICIA DEL CONDUCTOR,
A-2022-07-40,15/07/2022,07:10,CHOQUE,1,1,2,SAN MARTIN,RIOJA,NUEVA CAJAMARCA,URBANA,CARRETERA,NACIONAL,PE-5N,NO,-5.935687,-77.309991,DESPEJADO,RESIDENCIAL,TRAMO RECTO,PLANA ,ASFALTADA,,,,,IMPRUDENCIA DEL CONDUCTOR,OTRO (IMPRUDENCIA DEL CONDUCTOR)
A-2022-07-81,15/07/2022,09:30,DESPISTE,1,0,1,LA LIBERTAD,GRAN CHIMU,CASCAS,RURAL,CARRETERA,VECINAL,LI-697,NO,-7.48993452529965,-78.8151090444654,DESPEJADO,RURAL,CURVA,PLANA ,AFIRMADO,,,,,NO IDENTIFICA LA CAUSA,
A-2022-07-112,15/07/2022,14:30,DESPISTE,1,3,1,HUANCAVELICA,CASTROVIRREYNA,AURAHUA,RURAL,CARRETERA,DEPARTAMENTAL,HV-114,NO,-13.033097,-75.57604,DESPEJADO,RURAL,CURVA,INCLINADA,AFIRMADO,,,,,NO IDENTIFICA LA CAUSA,
A-2022-07-205,15/07/2022,19:30,DESPISTE,1,0,,ANCASH,HUARAZ,PAMPAS GRANDE,RURAL,CARRETERA,VECINAL,AN-1136,NO,-9.63332760474673,-77.813508225995,DESPEJADO,RURAL,OTRO,INCLINADA,TROCHA,,,,,NO IDENTIFICA LA CAUSA,
A-2022-07-98,15/07/2022,19:50,CAÍDA DE PASAJERO,1,0,2,LA LIBERTAD,VIRU,VIRU,RURAL,CARRETERA,NACIONAL,PE-1N,NO,-8.411636,-78.802653,DESPEJADO,RURAL,TRAMO RECTO,PLANA ,ASFALTADA,,,,,NO IDENTIFICA LA CAUSA,
A-2022-07-47,15/07/2022,20:10,ATROPELLO,1,1,1,AREQUIPA,ISLAY,COCACHACRA,RURAL,CARRETERA,NACIONAL,PE-1SJ,NO,-17.065689,-71.720833,DESPEJADO,RURAL,TRAMO RECTO,PLANA ,ASFALTADA,NO,,,SI,NO IDENTIFICA LA CAUSA,
A-2021-08-70,15/08/2021,05:20,VOLCADURA,4,8,2,AREQUIPA,AREQUIPA,YURA,RURAL,CARRETERA,NACIONAL,PE-34A,NO,-16.0773788,-71.5119481,DESPEJADO,RURAL,CURVA,INCLINADA,ASFALTADA,SI,PREVENTIVA (P),PREVENTIVA (P),SI,NO IDENTIFICA LA CAUSA,
A-2021-08-125,15/08/2021,08:30,CHOQUE,1,0,2,LAMBAYEQUE,CHICLAYO,LA VICTORIA,URBANA,AVENIDA,URBANO,NO CORRESPONDE,NO,-6.79585462950665,-79.8415839309988,DESPEJADO,RESIDENCIAL,INTERSECCIÓN,PLANA ,ASFALTADA,,,,,IMPRUDENCIA DEL CONDUCTOR,INVASIÓN DE CARRIL
A-2021-08-325,15/08/2021,12:00,DESPISTE,1,0,,APURIMAC,ABANCAY,PICHIRHUA,RURAL,CARRETERA,NACIONAL,PE-30A,,-13.897412,-73.045318,,,,,,,,,,,
A-2021-08-67,15/08/2021,12:30,CHOQUE,2,13,2,LA LIBERTAD,ASCOPE,CHICAMA,RURAL,CARRETERA,NACIONAL,PE-1N,NO,-7.905446,-79.117592,DESPEJADO,RURAL,TRAMO RECTO,PLANA ,ASFALTADA,,,,,IMPRUDENCIA DEL CONDUCTOR,OTRO (IMPRUDENCIA DEL CONDUCTOR)
A-2021-08-77,15/08/2021,19:00,ATROPELLO FUGA,1,0,1,ANCASH,HUARI,CHAVIN DE HUANTAR,RURAL,CARRETERA,SIN CLASIFICAR,SIN CLASIFICAR,NO,-9.5928569626347,-77.1786082123273,DESPEJADO,RURAL,TRAMO RECTO,PLANA ,ASFALTADA,SI,PREVENTIVA (P),PREVENTIVA (P),SI,IMPRUDENCIA DEL CONDUCTOR,OTRO (IMPRUDENCIA DEL CONDUCTOR)
A-2021-08-119,15/08/2021,23:45,CHOQUE,1,2,2,AREQUIPA,AREQUIPA,CERRO COLORADO,RURAL,CARRETERA,NACIONAL,PE-34A,NO,-16.3446935417977,-71.5815450973896,DESPEJADO,COMERCIAL,TRAMO RECTO,INCLINADA,ASFALTADA,NO,,,SI,NO IDENTIFICA LA CAUSA,
A-2022-08-156,15/08/2022,00:20,DESPISTE,1,1,,LIMA,LIMA,MAGDALENA DEL MAR,URBANA,OTRO,URBANO,NO CORRESPONDE,NO,-12.1037377531275,-77.0640075684988,DESPEJADO,COMERCIAL,TRAMO RECTO,PLANA ,ASFALTADA,,,,,NO IDENTIFICA LA CAUSA,
A-2022-08-33,15/08/2022,05:30,ATROPELLO,1,0,1,LA LIBERTAD,TRUJILLO,LA ESPERANZA,URBANA,AVENIDA,URBANO,NO CORRESPONDE,NO,-8.056401,-79.054344,DESPEJADO,COMERCIAL,TRAMO RECTO,PLANA ,ASFALTADA,,,,,NO IDENTIFICA LA CAUSA,
A-2022-08-198,15/08/2022,06:30,DESPISTE,1,1,1,CAJAMARCA,CAJABAMBA,SITACOCHA,RURAL,CARRETERA,DEPARTAMENTAL,CA-108,NO,-7.48149378897081,-77.9672352015196,DESPEJADO,RURAL,CURVA,PLANA ,AFIRMADO,,,,,NO IDENTIFICA LA CAUSA,
A-2022-08-14,15/08/2022,08:05,CHOQUE,1,0,2,PUNO,EL COLLAO,PILCUYO,RURAL,CARRETERA,DEPARTAMENTAL,PU-127,NO,-16.0700208941711,-69.5063030587561,DESPEJADO,RURAL,TRAMO RECTO,PLANA ,ASFALTADA,,,,,IMPRUDENCIA DEL CONDUCTOR,GIRAR IMPRUDENTEMENTE
A-2022-08-45,15/08/2022,15:20,CHOQUE,1,0,2,CUSCO,ANTA,LIMATAMBO,RURAL,CARRETERA,NACIONAL,PE-3S,NO,-13.45163,-72.411301,DESPEJADO,RURAL,CURVA,INCLINADA,ASFALTADA,SI,PREVENTIVA (P),PREVENTIVA (P),SI,IMPRUDENCIA DEL CONDUCTOR,INVASIÓN DE CARRIL
A-2022-08-113,15/08/2022,18:00,DESPISTE,1,1,,MOQUEGUA,GENERAL SANCHEZ CERRO,OMATE,,CARRETERA,DEPARTAMENTAL,MO-108,,-16.704679,-70.994454,,,,,,,,,,,
A-2022-08-21,15/08/2022,18:10,DESPISTE,1,5,1,AREQUIPA,CAYLLOMA,LLUTA,RURAL,CARRETERA,VECINAL,AR-704,NO,-16.0286235567579,-72.0226871507727,DESPEJADO,RURAL,CURVA,PLANA ,TROCHA,,,,,NO IDENTIFICA LA CAUSA,
A-2022-08-68,15/08/2022,20:00,CHOQUE,1,0,2,LAMBAYEQUE,LAMBAYEQUE,MOCHUMI,URBANA,CARRETERA,NACIONAL,PE-1NJ,NO,-6.541648,-79.864795,DESPEJADO,ESCOLAR,TRAMO RECTO,PLANA ,ASFALTADA,SI,REGULADORA (R),,SI,NO IDENTIFICA LA CAUSA,
A-2022-08-16,15/08/2022,21:30,CHOQUE,1,1,1,PUNO,CHUCUITO,JULI,RURAL,CARRETERA,NACIONAL,PE-3S,NO,-16.216189,-69.499112,DESPEJADO,RURAL,TRAMO RECTO,PLANA ,ASFALTADA,,,,,IMPRUDENCIA DEL CONDUCTOR,CONDUCIR EN ESTADO DE EBRIEDAD Y/O DROGADICCIÓN
A-2021-09-273,15/09/2021,01:50,DESPISTE,1,0,1,SAN MARTIN,HUALLAGA,SAPOSOA,RURAL,CARRETERA,VECINAL,SM-843,NO,-6.93532,-76.7711,DESPEJADO,RURAL,CURVA,INCLINADA,ASFALTADA,NO,,,SI,IMPRUDENCIA DEL CONDUCTOR,CONDUCIR EN ESTADO DE EBRIEDAD Y/O DROGADICCIÓN
A-2021-09-212,15/09/2021,05:00,DESPISTE,2,71,1,LAMBAYEQUE,CHICLAYO,LAGUNAS,RURAL,CARRETERA,NACIONAL,PE-1N,NO,-7.051415,-79.576526,DESPEJADO,RURAL,TRAMO RECTO,PLANA ,ASFALTADA,SI,REGULADORA (R),INFORMATIVA (I),SI,NO IDENTIFICA LA CAUSA,
A-2021-09-210,15/09/2021,06:00,ATROPELLO,1,0,1,LAMBAYEQUE,LAMBAYEQUE,MOTUPE,RURAL,OTRO,URBANO,NO CORRESPONDE,NO,-6.152058,-79.721485,DESPEJADO,RURAL,TRAMO RECTO,PLANA ,TROCHA,,,,,IMPRUDENCIA DEL CONDUCTOR,NO DAR PASO PREFERENTE AL PEATÓN
A-2021-09-124,15/09/2021,06:40,ATROPELLO,1,0,0,LIMA,LIMA,MIRAFLORES,URBANA,AVENIDA,URBANO,NO CORRESPONDE,NO,-12.1294390000294,-77.0230274385258,DESPEJADO,COMERCIAL,INTERSECCIÓN,PLANA ,ASFALTADA,,,,,NO IDENTIFICA LA CAUSA,
A-2021-09-85,15/09/2021,09:00,CHOQUE,1,0,3,LA LIBERTAD,CHEPEN,CHEPEN,RURAL,CARRETERA,NACIONAL,PE-1N,NO,-7.214056,-79.429342,DESPEJADO,INDUSTRIAL,TRAMO RECTO,PLANA ,ASFALTADA,,,,,IMPRUDENCIA DEL CONDUCTOR,GIRAR IMPRUDENTEMENTE