CODIGO_SINIESTRO,FECHA_SINIESTRO,HORA_SINIESTRO,CLASE_SINIESTRO,CANTIDAD_DE_FALLECIDOS,CANTIDAD_DE_LESIONADOS,CANTIDAD_DE_VEHICULOS_DANADOS,DEPARTAMENTO,PROVINCIA,DISTRITO,ZONA,TIPO_DE_VIA,RED_VIAL,COD_CARRETERA,EXISTE_CICLOVIA,COORDENADAS_LATITUD,COORDENADAS_LONGITUD,CONDICION_CLIMATICA,ZONIFICACION,CARACTERISTICAS_DE_VIA,PERFIL_LONGITUDINAL_VIA,SUPERFICIE_DE_CALZADA,EXISTE_SENAL_VERTICAL,CLASIFICACION_DE_LA_SENAL_VERTICAL_N_1,CLASIFICACION_DE_LA_SENAL_VERTICAL_N_2,EXISTE_SENAL_HORIZONTAL,CAUSA_FACTOR_PRINCIPAL,CAUSA_ESPECIFICA
A-2021-02-261,16/02/2021,08:00,CHOQUE,1,0,0,LIMA,LIMA,LIMA,URBANA,AVENIDA,URBANO,NO CORRESPONDE,SI,-12.0734306515464,-77.0361972507521,DESPEJADO,RESIDENCIAL,INTERSECCIÓN,PLANA ,ASFALTADA,,,,,IMPRUDENCIA DEL CONDUCTOR,EXCESO DE VELOCIDAD
A-2021-02-197,16/02/2021,09:30,DESPISTE,1,0,1,HUANCAVELICA,ACOBAMBA,PAUCARA,RURAL,CARRETERA,DEPARTAMENTAL,HV-105,NO,-12.769323,-74.734499,DESPEJADO,RURAL,SINUOSA,PLANA ,TROCHA,,,,,,
A-2021-02-85,16/02/2021,14:30,ATROPELLO,1,0,1,JUNIN,HUANCAYO,VIQUES,URBANA,CARRETERA,NACIONAL,PE-3SZ,NO,-12.1572836,-75.2356973,DESPEJADO,RESIDENCIAL,CURVA,PLANA ,ASFALTADA,,,,,,
A-2021-02-135,16/02/2021,15:27,CHOQUE,1,1,2,JUNIN,JAUJA,ACOLLA,RURAL,CARRETERA,NACIONAL,PE-3SA,NO,-11.708441,-75.55653763,SOLEADO,RURAL,TRAMO RECTO,PLANA ,ASFALTADA,SI,REGULADORA (R),,NO,,
A-2021-02-144,16/02/2021,16:10,ESPECIAL,1,1,3,AMAZONAS,BAGUA,BAGUA,RURAL,CARRETERA,DEPARTAMENTAL,AM-101,NO,-5.633006,-78.555329,SOLEADO,RURAL,TRAMO RECTO,PLANA ,ASFALTADA,,,,,NO IDENTIFICA LA CAUSA,
A-2021-02-110,16/02/2021,17:30,DESPISTE,1,0,1,LAMBAYEQUE,LAMBAYEQUE,OLMOS,RURAL,CARRETERA,NACIONAL,PE-04B,NO,-5.960593,-79.672984,DESPEJADO,RURAL,TRAMO RECTO,PLANA ,ASFALTADA,,,,,NO IDENTIFICA LA CAUSA,
A-2021-02-260,16/02/2021,18:30,CHOQUE,1,0,,LIMA,LIMA,LINCE,URBANA,AVENIDA,URBANO,NO CORRESPONDE,SI,-12.08513,-77.04855,DESPEJADO,RESIDENCIAL,TRAMO RECTO,PLANA ,ASFALTADA,,,,,IMPRUDENCIA DEL CONDUCTOR,OTRO (IMPRUDENCIA DEL CONDUCTOR)
A-2022-02-60,16/02/2022,11:10,VOLCADURA,6,0,2,AREQUIPA,AREQUIPA,SAN JUAN DE TARUCANI,RURAL,CARRETERA,NACIONAL,PE-34A,SI,-16.054185,-71.340628,DESPEJADO,RURAL,CURVA,INCLINADA,ASFALTADA,NO,,,SI,NO IDENTIFICA LA CAUSA,
A-2022-02-235,16/02/2022,13:30,ATROPELLO,1,0,0,LIMA,LIMA,RIMAC,URBANA,AVENIDA,URBANO,NO CORRESPONDE,NO,-12.0249282420405,-77.0355751864689,DESPEJADO,COMERCIAL,TRAMO RECTO,PLANA ,ASFALTADA,,,,,NO IDENTIFICA LA CAUSA,
A-2022-03-45,16/02/2022,13:50,CHOQUE,1,1,2,PIURA,PIURA,VEINTISEIS DE OCTUBRE,RURAL,CARRETERA,NACIONAL,PE-1N,NO,-5.153855,-80.695247,DESPEJADO,RURAL,TRAMO RECTO,PLANA ,ASFALTADA,,,,,IMPRUDENCIA DEL CONDUCTOR,EXCESO DE VELOCIDAD
A-2022-02-263,16/02/2022,15:00,ATROPELLO,1,0,1,JUNIN,JAUJA,MUQUIYAUYO,RURAL,CARRETERA,NACIONAL,PE-3SB,NO,-11.826432,-75.446335,DESPEJADO,RURAL,TRAMO RECTO,PLANA ,ASFALTADA,,,,,IMPRUDENCIA DEL PEATÓN,CRUCE INDEBIDO POR LA CALZADA
A-2022-02-310,16/02/2022,21:40,CHOQUE,6,0,2,PIURA,PIURA,CASTILLA,RURAL,CARRETERA,NACIONAL,PE-1NJ,NO,-5.1522816,-80.480036,DESPEJADO,RURAL,TRAMO RECTO,PLANA ,ASFALTADA,,,,,IMPRUDENCIA DEL CONDUCTOR,INVASIÓN DE CARRIL
A-2023-02-154,16/02/2023,04:30,CHOQUE,1,1,2,UCAYALI,CORONEL PORTILLO,YARINACOCHA,URBANA,AVENIDA,URBANO,NO CORRESPONDE,NO,-8.3805422,-74.569043,DESPEJADO,RESIDENCIAL,INTERSECCIÓN,PLANA ,CONCRETO,,,,,IMPRUDENCIA DEL CONDUCTOR,CONDUCIR EN SENTIDO CONTRARIO
A-2023-02-45,16/02/2023,07:00,DESPISTE,1,1,1,ANCASH,RECUAY,CATAC,RURAL,CARRETERA,NACIONAL,PE-1NA,NO,-9.8037653836563,-77.4335238418886,NUBLADO,RURAL,TRAMO RECTO,PLANA ,ASFALTADA,,,,,NO IDENTIFICA LA CAUSA,
A-2023-02-97,16/02/2023,08:30,ATROPELLO,1,0,1,PUNO,SAN ROMAN,JULIACA,RURAL,CARRETERA,NACIONAL,PE-3S,NO,-15.537445,-70.113837,DESPEJADO,RURAL,TRAMO RECTO,PLANA ,ASFALTADA,,,,,IMPRUDENCIA DEL CONDUCTOR,EXCESO DE VELOCIDAD
A-2023-02-142,16/02/2023,11:40,ATROPELLO,1,2,,LIMA,LIMA,LIMA,URBANA,JIRÓN,URBANO,NO CORRESPONDE,NO,-12.0484562,-77.01967504,DESPEJADO,COMERCIAL,TRAMO RECTO,PLANA ,ASFALTADA,,,,,IMPRUDENCIA DEL CONDUCTOR,GIRAR IMPRUDENTEMENTE
A-2023-02-48,16/02/2023,12:00,ATROPELLO,1,0,0,TACNA,TACNA,CORONEL GREGORIO ALBARRACIN LANCHIPA,URBANA,AVENIDA,URBANO,NO CORRESPONDE,SI,-18.046956,-70.256301,DESPEJADO,COMERCIAL,TRAMO RECTO,PLANA ,ASFALTADA,NO,,,SI,IMPRUDENCIA DEL CONDUCTOR,NO DAR PASO PREFERENTE AL PEATÓN
A-2023-02-5,16/02/2023,21:00,VOLCADURA,1,0,1,PUNO,PUNO,PUNO,RURAL,CARRETERA,NACIONAL,PE-36B,NO,-15.9073413405712,-70.0292319138402,DESPEJADO,RURAL,TRAMO RECTO,PLANA ,ASFALTADA,,,,,INFRAESTRUCTURA Y ENTORNO VIAL,ABANDONO DE OBJETOS EN LA VÍA
A-2021-03-145,16/03/2021,08:00,ATROPELLO,1,0,1,ANCASH,CARHUAZ,ANTA,RURAL,CARRETERA,VECINAL,AN-1106,NO,-9.35661520601952,-77.5971300745554,DESPEJADO,RURAL,CURVA,INCLINADA,CONCRETO,,,,,IMPRUDENCIA DEL CONDUCTOR,EXCESO DE VELOCIDAD
A-2021-03-147,16/03/2021,14:30,DESPISTE,1,6,1,ANCASH,HUARI,CAJAY,RURAL,CARRETERA,VECINAL,AN-654,NO,-9.29159464054208,-77.0681739498787,SOLEADO,RURAL,CURVA,INCLINADA,TROCHA,,,,,IMPRUDENCIA DEL CONDUCTOR,FATIGA Y/O CANSANCIO
A-2021-03-228,16/03/2021,16:00,ATROPELLO FUGA,1,0,1,LIMA,LIMA,INDEPENDENCIA,URBANA,AVENIDA,URBANO,NO CORRESPONDE,NO,-12.00466,-77.06125,DESPEJADO,INDUSTRIAL,TRAMO RECTO,PLANA ,ASFALTADA,,,,,NO IDENTIFICA LA CAUSA,
A-2021-03-311,16/03/2021,17:30,ATROPELLO,1,1,1,CALLAO,CALLAO,CALLAO,URBANA,AVENIDA,URBANO,NO CORRESPONDE,NO,-12.0474209170896,-77.0859903301672,DESPEJADO,COMERCIAL,TRAMO RECTO,PLANA ,CONCRETO,,,,,IMPRUDENCIA DEL PEATÓN,CRUCE INDEBIDO POR LA CALZADA
A-2021-03-142,16/03/2021,17:45,ATROPELLO,1,0,1,LA LIBERTAD,CHEPEN,PACANGA,RURAL,CARRETERA,NACIONAL,PE-1N,NO,-7.151852,-79.449101,DESPEJADO,RURAL,TRAMO RECTO,PLANA ,ASFALTADA,,,,,NO IDENTIFICA LA CAUSA,
A-2022-03-261,16/03/2022,01:00,DESPISTE,1,1,,LIMA,LIMA,SAN ISIDRO,URBANA,OTRO,URBANO,NO CORRESPONDE,,-12.108192,-77.058571,,,,,,,,,,,
A-2022-03-151,16/03/2022,06:20,CHOQUE,1,0,1,AYACUCHO,HUANTA,HUANTA,RURAL,CARRETERA,NACIONAL,PE-3S,NO,-12.928738,-74.267617,DESPEJADO,RURAL,CURVA,PLANA ,ASFALTADA,,,,,IMPRUDENCIA DEL CONDUCTOR,CONDUCIR EN ESTADO DE EBRIEDAD Y/O DROGADICCIÓN
A-2022-03-111,16/03/2022,06:30,CHOQUE,1,3,2,AREQUIPA,CAYLLOMA,SAN ANTONIO DE CHUCA,RURAL,CARRETERA,NACIONAL,PE-34A,NO,-15.865493,-71.130546,DESPEJADO,RURAL,CURVA,PLANA ,ASFALTADA,NO,,,SI,NO IDENTIFICA LA CAUSA,
A-2022-03-227,16/03/2022,11:00,ATROPELLO,1,0,,PASCO,OXAPAMPA,OXAPAMPA,URBANA,CARRETERA,NACIONAL,PE-5NA,,-10.5743687424975,-75.4062616270456,,,,,,,,,,,
A-2022-03-110,16/03/2022,18:00,CHOQUE,1,0,2,LAMBAYEQUE,FERREÑAFE,PITIPO,RURAL,CARRETERA,SIN CLASIFICAR,SIN CLASIFICAR,NO,-6.464714,-79.736062,DESPEJADO,RURAL,TRAMO RECTO,PLANA ,ASFALTADA,,,,,NO IDENTIFICA LA CAUSA,
A-2022-03-84,16/03/2022,18:00,DESPISTE,1,3,1,LA LIBERTAD,SANCHEZ CARRION,MARCABAL,RURAL,CARRETERA,SIN CLASIFICAR,SIN CLASIFICAR,NO,-7.72209829176318,-77.9040956300771,LLUVIOSO,RURAL,TRAMO RECTO,PLANA ,TROCHA,,,,,IMPRUDENCIA DEL CONDUCTOR,EXCESO DE VELOCIDAD
A-2022-03-147,16/03/2022,18:40,CHOQUE,1,0,2,LAMBAYEQUE,CHICLAYO,POMALCA,RURAL,CARRETERA,NACIONAL,PE-06A,NO,-6.780738,-79.775901,DESPEJADO,RURAL,CURVA,PLANA ,ASFALTADA,,,,,NO IDENTIFICA LA CAUSA,
A-2022-03-92,16/03/2022,19:25,ATROPELLO FUGA,1,0,,TACNA,TACNA,TACNA,RURAL,CARRETERA,NACIONAL,PE-1S,,-18.299647,-70.315496,,,,,,,,,,,
A-2023-03-27,16/03/2023,05:30,CHOQUE,2,2,2,LA LIBERTAD,VIRU,GUADALUPITO,RURAL,CARRETERA,NACIONAL,PE-1N,NO,-8.703279,-78.639559,DESPEJADO,RURAL,TRAMO RECTO,PLANA ,ASFALTADA,,,,,IMPRUDENCIA DEL CONDUCTOR,ADELANTAR INDEBIDAMENTE
A-2023-03-89,16/03/2023,07:20,DESPISTE,1,1,1,AMAZONAS,LUYA,TINGO,URBANA,JIRÓN,URBANO,NO CORRESPONDE,NO,-6.372585,-77.91969,SOLEADO,RURAL,CURVA,INCLINADA,AFIRMADO,,,,,NO IDENTIFICA LA CAUSA,
A-2023-03-60,16/03/2023,07:30,DESPISTE,2,0,1,CUSCO,PAUCARTAMBO,CAICAY,RURAL,CARRETERA,DEPARTAMENTAL,CU-113,NO,-13.557643,-71.708535,DESPEJADO,RURAL,TRAMO RECTO,PLANA ,ASFALTADA,,,,,NO IDENTIFICA LA CAUSA,
A-2023-03-130,16/03/2023,11:30,ATROPELLO,1,0,,JUNIN,JAUJA,ACOLLA,URBANA,CARRETERA,NACIONAL,PE-3SA,NO,-11.7341596422473,-75.5435030793657,DESPEJADO,RURAL,TRAMO RECTO,PLANA ,ASFALTADA,NO,,,SI,,
A-2023-03-26,16/03/2023,12:05,DESPISTE,1,1,1,HUANUCO,LEONCIO PRADO,PUEBLO NUEVO,RURAL,CARRETERA,SIN CLASIFICAR,SIN CLASIFICAR,NO,-9.141821,-75.991229,DESPEJADO,RURAL,CURVA,INCLINADA,AFIRMADO,,,,,IMPERICIA DEL CONDUCTOR,
A-2023-03-24,16/03/2023,14:00,CHOQUE,1,1,2,PUNO,PUNO,ACORA,RURAL,CARRETERA,VECINAL,PU-1140,NO,-15.9942195,-69.7620055,DESPEJADO,RURAL,TRAMO RECTO,PLANA ,TROCHA,,,,,IMPRUDENCIA DEL CONDUCTOR,OTRO (IMPRUDENCIA DEL CONDUCTOR)
A-2023-03-31,16/03/2023,20:30,CHOQUE FUGA,1,2,1,LA LIBERTAD,TRUJILLO,LAREDO,RURAL,CARRETERA,NACIONAL,PE-10A,NO,-8.096748,-78.933935,DESPEJADO,COMERCIAL,TRAMO RECTO,PLANA ,ASFALTADA,,,,,NO IDENTIFICA LA CAUSA,
A-2023-03-144,16/03/2023,22:30,VOLCADURA,1,0,,LIMA,LIMA,SAN JUAN DE LURIGANCHO,URBANA,AVENIDA,URBANO,NO CORRESPONDE,NO,-12.02998879,-77.02038547,DESPEJADO,COMERCIAL,TRAMO RECTO,PLANA ,ASFALTADA,,,,,IMPRUDENCIA DEL CONDUCTOR,EXCESO DE VELOCIDAD
A-2021-04-96,16/04/2021,04:15,ATROPELLO,1,0,1,ICA,NASCA,NASCA,URBANA,CARRETERA,NACIONAL,PE-1S,NO,-14.7167964499224,-75.0913989669988,DESPEJADO,RURAL,TRAMO RECTO,PLANA ,ASFALTADA,SI,REGULADORA (R),REGULADORA (R),NO,IMPRUDENCIA DEL PEATÓN,OTRO (IMPRUDENCIA DEL PEATÓN)
A-2021-04-272,16/04/2021,06:20,CHOQUE,1,0,2,PIURA,PAITA,PAITA,,CARRETERA,NACIONAL,PE-02,NO,-5.1131573,-81.0028846,DESPEJADO,RURAL,TRAMO RECTO,PLANA ,ASFALTADA,,,,,NO IDENTIFICA LA CAUSA,
A-2021-04-244,16/04/2021,07:20,ATROPELLO,1,0,0,LIMA,LIMA,SAN LUIS,URBANA,AVENIDA,URBANO,NO CORRESPONDE,NO,-12.0763926893197,-76.9961809039832,DESPEJADO,RESIDENCIAL,TRAMO RECTO,PLANA ,ASFALTADA,,,,,NO IDENTIFICA LA CAUSA,
A-2021-04-125,16/04/2021,11:10,ATROPELLO FUGA,1,0,0,CUSCO,LA CONVENCION,ECHARATE,RURAL,CARRETERA,NACIONAL,PE-28B,NO,-12.764117,-72.586902,DESPEJADO,RURAL,TRAMO RECTO,PLANA ,ASFALTADA,,,,,IMPRUDENCIA DEL CONDUCTOR,EXCESO DE VELOCIDAD
A-2021-04-126,16/04/2021,20:50,DESPISTE,1,0,1,CUSCO,CUSCO,SAN JERONIMO,URBANA,CARRETERA,VECINAL,CU-1311,NO,-13.55511,-71.875119,LLUVIOSO,RESIDENCIAL,TRAMO RECTO,PLANA ,ASFALTADA,,,,,IMPRUDENCIA DEL CONDUCTOR,EXCESO DE VELOCIDAD
A-2021-04-86,16/04/2021,21:30,CHOQUE,1,0,2,PUNO,CHUCUITO,JULI,RURAL,CARRETERA,NACIONAL,PE-3S,NO,-16.184,-69.531,DESPEJADO,RURAL,TRAMO RECTO,PLANA ,ASFALTADA,,,,,IMPRUDENCIA DEL CONDUCTOR,CONDUCIR EN ESTADO DE EBRIEDAD Y/O DROGADICCIÓN
A-2022-04-38,16/04/2022,01:20,ATROPELLO FUGA,1,0,0,TUMBES,CONTRALMIRANTE VILLAR,ZORRITOS,RURAL,CARRETERA,NACIONAL,PE-1N,NO,-3.71851094614705,-80.7533683968892,DESPEJADO,RURAL,CURVA,PLANA ,ASFALTADA,,,,,NO IDENTIFICA LA CAUSA,
A-2022-04-39,16/04/2022,16:30,DESPISTE,1,3,1,HUANCAVELICA,HUAYTARA,HUAYTARA,URBANA,CARRETERA,NACIONAL,PE-28A,NO,-13.581158,-75.244149,DESPEJADO,RURAL,CURVA,INCLINADA,ASFALTADA,SI,INFORMATIVA (I),,SI,NO IDENTIFICA LA CAUSA,
A-2023-04-19,16/04/2023,02:30,CHOQUE,1,0,2,ICA,ICA,SANTIAGO,URBANA,CARRETERA,NACIONAL,PE-1S,NO,-14.287122,-75.680386,DESPEJADO,RURAL,TRAMO RECTO,PLANA ,ASFALTADA,,,,,NO IDENTIFICA LA CAUSA,
A-2023-04-150,16/04/2023,04:40,ATROPELLO,1,0,,LIMA,LIMA,LA VICTORIA,URBANA,AVENIDA,URBANO,NO CORRESPONDE,NO,-12.06694023,-76.99849473,DESPEJADO,INDUSTRIAL,TRAMO RECTO,PLANA ,ASFALTADA,,,,,NO IDENTIFICA LA CAUSA,
A-2023-04-64,16/04/2023,06:30,DESPISTE,1,13,1,CUSCO,LA CONVENCION,HUAYOPATA,RURAL,CARRETERA,SIN CLASIFICAR,SIN CLASIFICAR,NO,-13.010741,-72.555737,DESPEJADO,RURAL,CURVA,INCLINADA,AFIRMADO,SI,REGULADORA (R),,NO,NO IDENTIFICA LA CAUSA,
A-2023-04-28,16/04/2023,10:30,DESPISTE,1,0,1,APURIMAC,ANDAHUAYLAS,TALAVERA,RURAL,CARRETERA,VECINAL,AP-572,NO,-13.56412,-73.4526,DESPEJADO,RURAL,CURVA,INCLINADA,AFIRMADO,,,,,IMPERICIA DEL CONDUCTOR,
A-2023-04-20,16/04/2023,11:30,CHOQUE,1,0,2,ICA,NASCA,NASCA,URBANA,CARRETERA,NACIONAL,PE-1S,NO,-14.830576,-74.943533,DESPEJADO,COMERCIAL,INTERSECCIÓN,PLANA ,ASFALTADA,,,,,NO IDENTIFICA LA CAUSA,
A-2023-04-83,16/04/2023,14:30,DESPISTE,1,0,1,PUNO,AZANGARO,AZANGARO,RURAL,CARRETERA,DEPARTAMENTAL,PU-111,NO,-14.8611093823105,-70.0808054227435,DESPEJADO,RURAL,CURVA,PLANA ,ASFALTADA,,,,,IMPRUDENCIA DEL CONDUCTOR,EXCESO DE VELOCIDAD
A-2023-04-22,16/04/2023,16:30,DESPISTE,1,0,,PUNO,PUNO,PICHACANI,RURAL,CARRETERA,NACIONAL,PE-36B,NO,-16.1557266935205,-70.0705296533348,DESPEJADO,RURAL,CURVA,PLANA ,ASFALTADA,,,,,IMPRUDENCIA DEL CONDUCTOR,CONDUCIR EN ESTADO DE EBRIEDAD Y/O DROGADICCIÓN
A-2023-04-103,16/04/2023,18:30,ATROPELLO,2,1,2,PIURA,SECHURA,BELLAVISTA DE LA UNION,RURAL,CARRETERA,VECINAL,PI-1040,NO,-5.429324,-80.740293,DESPEJADO,RURAL,TRAMO RECTO,PLANA ,ASFALTADA,,,,,IMPRUDENCIA DEL CONDUCTOR,CONDUCIR EN ESTADO DE EBRIEDAD Y/O DROGADICCIÓN
A-2023-04-12,16/04/2023,19:00,CHOQUE,2,0,2,PUNO,YUNGUYO,COPANI,RURAL,CARRETERA,DEPARTAMENTAL,PU-130,NO,-16.360859,-69.0427793,DESPEJADO,RURAL,TRAMO RECTO,PLANA ,ASFALTADA,,,,,INFRAESTRUCTURA Y ENTORNO VIAL,OTRO (INFRAESTRUCTURA Y ENTORNO VIAL)
A-2021-05-115,16/05/2021,04:00,DESPISTE,1,0,,SAN MARTIN,RIOJA,YURACYACU,RURAL,CARRETERA,DEPARTAMENTAL,SM-113,,-5.9460881604485,-77.2427443729863,,,,,,,,,,,
A-2021-05-68,16/05/2021,06:45,VOLCADURA,1,1,1,AREQUIPA,AREQUIPA,YURA,RURAL,CARRETERA,NACIONAL,PE-34A,NO,-16.077201,-71.512188,DESPEJADO,RURAL,CURVA,PLANA ,ASFALTADA,SI,PREVENTIVA (P),PREVENTIVA (P),SI,NO IDENTIFICA LA CAUSA,
A-2021-05-87,16/05/2021,17:00,CHOQUE,2,1,2,CUSCO,CUSCO,SAYLLA,URBANA,CARRETERA,NACIONAL,PE-3S,NO,-13.567006,-71.833,SOLEADO,RESIDENCIAL,TRAMO RECTO,PLANA ,ASFALTADA,SI,PREVENTIVA (P),,SI,IMPRUDENCIA DEL CONDUCTOR,EXCESO DE VELOCIDAD
A-2021-05-161,16/05/2021,18:40,CHOQUE,1,1,,PASCO,PASCO,NINACACA,URBANA,CARRETERA,NACIONAL,PE-3N,,-10.8698219056852,-76.1115519929069,,,,,,,,,,,
A-2021-05-192,16/05/2021,19:15,CHOQUE FUGA,1,1,1,LAMBAYEQUE,LAMBAYEQUE,MOTUPE,RURAL,CARRETERA,NACIONAL,PE-1NJ,NO,-6.213567,-79.701722,DESPEJADO,RURAL,TRAMO RECTO,PLANA ,ASFALTADA,,,,,NO IDENTIFICA LA CAUSA,
A-2021-05-188,16/05/2021,21:30,ATROPELLO FUGA,1,0,0,LAMBAYEQUE,LAMBAYEQUE,MOTUPE,RURAL,CARRETERA,NACIONAL,PE-1NJ,NO,-6.2216688,-79.7073985,DESPEJADO,RURAL,TRAMO RECTO,PLANA ,ASFALTADA,,,,,NO IDENTIFICA LA CAUSA,
A-2022-05-61,16/05/2022,04:00,CHOQUE,2,0,2,ICA,ICA,SALAS,RURAL,CARRETERA,NACIONAL,PE-1S,NO,-13.958563,-75.78566,DESPEJADO,RURAL,TRAMO RECTO,PLANA ,ASFALTADA,,,,,NO IDENTIFICA LA CAUSA,
A-2022-05-259,16/05/2022,10:20,CHOQUE,1,0,,LIMA,LIMA,CARABAYLLO,URBANA,AVENIDA,URBANO,NO CORRESPONDE,,-11.8436756,-77.0425209,,,,,,,,,,,
A-2022-05-160,16/05/2022,10:30,CHOQUE,1,0,2,PIURA,PIURA,CATACAOS,RURAL,CARRETERA,NACIONAL,PE-1N,NO,-5.295863,-80.617741,DESPEJADO,RURAL,PASE A DESNIVEL,INCLINADA,ADOQUINADO,,,,,IMPRUDENCIA DEL CONDUCTOR,INVASIÓN DE CARRIL
A-2022-05-59,16/05/2022,10:30,ATROPELLO,1,0,0,TUMBES,CONTRALMIRANTE VILLAR,ZORRITOS,RURAL,CARRETERA,NACIONAL,PE-1N,NO,-3.68478026589473,-80.6889152424724,SOLEADO,RURAL,TRAMO RECTO,PLANA ,ASFALTADA,,,,,IMPRUDENCIA DEL PEATÓN,CRUCE INDEBIDO POR LA CALZADA
A-2022-05-244,16/05/2022,19:00,ATROPELLO,1,0,1,PIURA,SULLANA,SULLANA,RURAL,CARRETERA,NACIONAL,PE-1N,NO,-5.01699896716674,-80.7002823869558,DESPEJADO,RURAL,TRAMO RECTO,PLANA ,ASFALTADA,,,,,IMPRUDENCIA DEL PEATÓN,ESTADO DE EBRIEDAD Y/O DROGADICCIÓN
A-2022-05-114,16/05/2022,23:00,CHOQUE,1,0,2,LAMBAYEQUE,CHICLAYO,POMALCA,RURAL,CARRETERA,NACIONAL,PE-06A,NO,-6.75747,-79.72748,DESPEJADO,RURAL,TRAMO RECTO,PLANA ,ASFALTADA,NO,,,NO,NO IDENTIFICA LA CAUSA,
A-2021-06-129,16/06/2021,00:30,DESPISTE,1,1,1,CUSCO,ANTA,ZURITE,RURAL,CARRETERA,NACIONAL,PE-3S,NO,-13.462478,-72.248585,DESPEJADO,RURAL,TRAMO RECTO,PLANA ,ASFALTADA,,,,,NEGLIGENCIA DEL CONDUCTOR,OTRO (NEGLIGENCIA DEL CONDUCTOR)
A-2021-06-141,16/06/2021,03:30,DESPISTE,2,1,1,HUANCAVELICA,HUANCAVELICA,HUANDO,RURAL,CARRETERA,NACIONAL,PE-26,NO,-12.514322,-74.969003,DESPEJADO,RURAL,CURVA,PLANA ,ASFALTADA,SI,PREVENTIVA (P),,SI,NO IDENTIFICA LA CAUSA,
A-2021-06-133,16/06/2021,05:15,ATROPELLO FUGA,1,0,1,CUSCO,ESPINAR,PALLPATA,URBANA,AVENIDA,URBANO,NO CORRESPONDE,NO,-14.892449,-71.206354,DESPEJADO,RESIDENCIAL,TRAMO RECTO,PLANA ,ASFALTADA,,,,,IMPRUDENCIA DEL PEATÓN,ESTADO DE EBRIEDAD Y/O DROGADICCIÓN
A-2021-06-119,16/06/2021,06:50,ATROPELLO,1,0,,LIMA,HUAROCHIRI,CHICLA,URBANA,CARRETERA,NACIONAL,PE-22,NO,-11.7342877934437,-76.260489446376,NUBLADO,INDUSTRIAL,TRAMO RECTO,PLANA ,CONCRETO,,,,,IMPRUDENCIA DEL PEATÓN,OTRO (IMPRUDENCIA DEL PEATÓN)
A-2021-06-117,16/06/2021,08:00,DESPISTE,1,0,0,LIMA,LIMA,SAN MARTIN DE PORRES,URBANA,AVENIDA,URBANO,NO CORRESPONDE,NO,-12.031643,-77.075594,DESPEJADO,INDUSTRIAL,TRAMO RECTO,PLANA ,ASFALTADA,,,,,NO IDENTIFICA LA CAUSA,
A-2021-06-284,16/06/2021,08:15,CHOQUE,1,0,2,LAMBAYEQUE,LAMBAYEQUE,MOTUPE,RURAL,CARRETERA,NACIONAL,PE-1NJ,NO,-6.024251,-79.683434,DESPEJADO,RURAL,TRAMO RECTO,PLANA ,ASFALTADA,SI,INFORMATIVA (I),INFORMATIVA (I),NO,NO IDENTIFICA LA CAUSA,
A-2021-06-135,16/06/2021,09:00,CHOQUE,1,1,2,AREQUIPA,CAMANA,SAMUEL PASTOR,RURAL,CARRETERA,NACIONAL,PE-1S,NO,-16.641496154795,-72.6253182096466,DESPEJADO,RURAL,CURVA,INCLINADA,ASFALTADA,SI,PREVENTIVA (P),PREVENTIVA (P),SI,IMPRUDENCIA DEL CONDUCTOR,INVASIÓN DE CARRIL
A-2021-06-109,16/06/2021,14:00,ATROPELLO,1,0,1,AREQUIPA,AREQUIPA,TIABAYA,URBANA,OTRO,URBANO,NO CORRESPONDE,NO,-16.4336445,-71.6064368,DESPEJADO,RURAL,TRAMO RECTO,PLANA ,TROCHA,,,,,NO IDENTIFICA LA CAUSA,
A-2021-06-126,16/06/2021,20:00,VOLCADURA,1,0,1,JUNIN,HUANCAYO,EL TAMBO,URBANA,CARRETERA,VECINAL,JU-1047,NO,-12.034909,-75.20063,SOLEADO,RESIDENCIAL,TRAMO RECTO,PLANA ,TROCHA,,,,,IMPRUDENCIA DEL CONDUCTOR,CONDUCIR EN ESTADO DE EBRIEDAD Y/O DROGADICCIÓN
A-2022-06-211,16/06/2022,01:30,ATROPELLO,1,0,,LIMA,LIMA,LIMA,URBANA,AVENIDA,URBANO,NO CORRESPONDE,SI,-12.0463339537943,-77.0376079782497,DESPEJADO,COMERCIAL,INTERSECCIÓN,PLANA ,ASFALTADA,,,,,NO IDENTIFICA LA CAUSA,
A-2022-06-24,16/06/2022,06:00,ATROPELLO FUGA,1,0,,PUNO,YUNGUYO,YUNGUYO,RURAL,CARRETERA,DEPARTAMENTAL,PU-130,,-16.2584007040926,-69.0802114311206,,,,,,,,,,,
A-2022-06-210,16/06/2022,09:00,ATROPELLO,1,0,,LIMA,LIMA,VILLA EL SALVADOR,URBANA,AVENIDA,URBANO,NO CORRESPONDE,NO,-12.2172663150337,-76.9548350194238,DESPEJADO,INDUSTRIAL,INTERSECCIÓN,PLANA ,ASFALTADA,,,,,NO IDENTIFICA LA CAUSA,
A-2022-06-231,16/06/2022,09:45,CAÍDA DE PASAJERO,1,0,,JUNIN,SATIPO,PANGOA,RURAL,CARRETERA,NACIONAL,PE-28C,,-11.4243024560079,-74.4902873039245,,,,,,,,,,,