CODIGO_SINIESTRO,FECHA_SINIESTRO,HORA_SINIESTRO,CLASE_SINIESTRO,CANTIDAD_DE_FALLECIDOS,CANTIDAD_DE_LESIONADOS,CANTIDAD_DE_VEHICULOS_DANADOS,DEPARTAMENTO,PROVINCIA,DISTRITO,ZONA,TIPO_DE_VIA,RED_VIAL,COD_CARRETERA,EXISTE_CICLOVIA,COORDENADAS_LATITUD,COORDENADAS_LONGITUD,CONDICION_CLIMATICA,ZONIFICACION,CARACTERISTICAS_DE_VIA,PERFIL_LONGITUDINAL_VIA,SUPERFICIE_DE_CALZADA,EXISTE_SENAL_VERTICAL,CLASIFICACION_DE_LA_SENAL_VERTICAL_N_1,CLASIFICACION_DE_LA_SENAL_VERTICAL_N_2,EXISTE_SENAL_HORIZONTAL,CAUSA_FACTOR_PRINCIPAL,CAUSA_ESPECIFICA
A-2022-12-235,17/12/2022,10:15,DESPISTE,1,2,1,AYACUCHO,SUCRE,QUEROBAMBA,RURAL,CARRETERA,NACIONAL,PE-32A,NO,-13.986602,-73.850651,DESPEJADO,RURAL,CURVA,INCLINADA,ASFALTADA,SI,PREVENTIVA (P),PREVENTIVA (P),NO,IMPRUDENCIA DEL CONDUCTOR,OTRO (IMPRUDENCIA DEL CONDUCTOR)
A-2022-12-108,17/12/2022,20:02,DESPISTE,1,0,1,LAMBAYEQUE,CHICLAYO,POMALCA,RURAL,CARRETERA,VECINAL,LA-816,NO,-6.7710257,-79.7874357,DESPEJADO,RURAL,TRAMO RECTO,PLANA ,ASFALTADA,,,,,NO IDENTIFICA LA CAUSA,
A-2023-12-72,17/12/2023,03:00,VOLCADURA,1,0,1,AREQUIPA,CAYLLOMA,MAJES,RURAL,CALLE,URBANO,NO CORRESPONDE,NO,-16.356588,-72.197789,DESPEJADO,RESIDENCIAL,CURVA,PLANA ,ASFALTADA,,,,,NO IDENTIFICA LA CAUSA,
A-2023-12-4,17/12/2023,05:00,DESPISTE,1,0,1,TUMBES,ZARUMILLA,AGUAS VERDES,URBANA,CARRETERA,NACIONAL,PE-1NO,NO,-3.48761178880802,-80.262036290587,DESPEJADO,RURAL,TRAMO RECTO,PLANA ,CONCRETO,,,,,IMPRUDENCIA DEL CONDUCTOR,CONDUCIR EN ESTADO DE EBRIEDAD Y/O DROGADICCIÓN
A-2023-12-104,17/12/2023,07:00,DESPISTE,1,0,,LIMA,LIMA,SAN JUAN DE LURIGANCHO,URBANA,AUTOPISTA,URBANO,NO CORRESPONDE,NO,-12.02057149,-76.95790562,DESPEJADO,COMERCIAL,INTERSECCIÓN,INCLINADA,ASFALTADA,,,,,,
A-2023-12-79,17/12/2023,10:30,ATROPELLO FUGA,1,0,1,LIMA,HUAURA,HUACHO,RURAL,CARRETERA,NACIONAL,PE-1N,NO,-11.3901971347981,-77.4275368674903,DESPEJADO,RURAL,TRAMO RECTO,PLANA ,ASFALTADA,,,,,NO IDENTIFICA LA CAUSA,
A-2023-12-43,17/12/2023,16:10,DESPISTE,1,0,1,LA LIBERTAD,TRUJILLO,EL PORVENIR,URBANA,CARRETERA,VECINAL,LI-733,NO,-8.0870723,-78.991273,DESPEJADO,RURAL,TRAMO RECTO,PLANA ,ASFALTADA,,,,,NO IDENTIFICA LA CAUSA,
A-2023-12-126,17/12/2023,18:20,ATROPELLO,1,0,0,AYACUCHO,HUANTA,HUANTA,URBANA,OTRO,URBANO,NO CORRESPONDE,NO,-12.9357256,-74.2607587,DESPEJADO,RESIDENCIAL,OTRO,PLANA ,EMPEDRADO,,,,,IMPRUDENCIA DEL CONDUCTOR,OTRO (IMPRUDENCIA DEL CONDUCTOR)
A-2023-12-9,17/12/2023,20:30,CHOQUE,1,0,2,ICA,CHINCHA,CHINCHA BAJA,URBANA,CARRETERA,DEPARTAMENTAL,IC-102,NO,-13.45991,-76.170285,DESPEJADO,RESIDENCIAL,TRAMO RECTO,PLANA ,ASFALTADA,,,,,EN PROCESO DE INVESTIGACIÓN,NO CUENTA CON CAUSA ESPECIFICA
A-2023-12-26,17/12/2023,21:40,DESPISTE,1,0,,CUSCO,CALCA,LARES,RURAL,CARRETERA,DEPARTAMENTAL,CU-105,NO,-13.02482,-71.98756,DESPEJADO,RURAL,CURVA,PLANA ,AFIRMADO,,,,,IMPRUDENCIA DEL CONDUCTOR,FATIGA Y/O CANSANCIO
A-2021-01-131,18/01/2021,06:30,DESPISTE,3,0,1,HUANUCO,LEONCIO PRADO,JOSE CRESPO Y CASTILLO,RURAL,CARRETERA,NACIONAL,PE-5N,NO,-8.746876,-76.16051,LLUVIOSO,RURAL,TRAMO RECTO,PLANA ,AFIRMADO,SI,PREVENTIVA (P),PREVENTIVA (P),NO,IMPRUDENCIA DEL CONDUCTOR,CONDUCIR EN SENTIDO CONTRARIO
A-2021-01-217,18/01/2021,08:25,CHOQUE,1,7,2,CUSCO,QUISPICANCHI,CCATCA,RURAL,CARRETERA,NACIONAL,PE-30C,NO,-13.623972,-71.58057,DESPEJADO,RURAL,CURVA,INCLINADA,ASFALTADA,,,,,NEGLIGENCIA DEL CONDUCTOR,OTRO (NEGLIGENCIA DEL CONDUCTOR)
A-2021-01-338,18/01/2021,10:00,ATROPELLO,1,3,1,AREQUIPA,CAMANA,MARIANO NICOLAS VALCARCEL,RURAL,OTRO,URBANO,NO CORRESPONDE,NO,-15.97882,-73.174736,DESPEJADO,RURAL,OTRO,INCLINADA,TROCHA,,,,,NO IDENTIFICA LA CAUSA,
A-2021-01-283,18/01/2021,12:15,ESPECIAL,1,3,1,PUNO,SANDIA,SANDIA,URBANA,OTRO,URBANO,NO CORRESPONDE,NO,-14.3205307858317,-69.4654958233231,LLUVIOSO,RURAL,PUENTE,PLANA ,CONCRETO,,,,,INFRAESTRUCTURA Y ENTORNO VIAL,FACTOR AMBIENTAL
A-2021-01-240,18/01/2021,13:30,CHOQUE,2,2,2,PUNO,SAN ROMAN,SAN MIGUEL,RURAL,CARRETERA,NACIONAL,PE-3S,NO,-15.4318244,-70.1419972,DESPEJADO,RURAL,TRAMO RECTO,PLANA ,ASFALTADA,SI,INFORMATIVA (I),INFORMATIVA (I),SI,NEGLIGENCIA DEL CONDUCTOR,OTRO (NEGLIGENCIA DEL CONDUCTOR)
A-2022-01-149,18/01/2022,03:30,DESPISTE,1,0,1,PUNO,LAMPA,SANTA LUCIA,RURAL,CARRETERA,NACIONAL,PE-34A,NO,-15.6907928,-70.5942683,DESPEJADO,RURAL,TRAMO RECTO,PLANA ,ASFALTADA,,,,,IMPRUDENCIA DEL CONDUCTOR,FATIGA Y/O CANSANCIO
A-2022-01-327,18/01/2022,07:00,CHOQUE,1,4,2,HUANUCO,AMBO,AMBO,URBANA,CARRETERA,NACIONAL,PE-3N,NO,-10.1430053,-76.1955216,DESPEJADO,RURAL,TRAMO RECTO,PLANA ,ASFALTADA,,,,,IMPRUDENCIA DEL CONDUCTOR,EXCESO DE VELOCIDAD
A-2022-01-287,18/01/2022,14:20,CHOQUE,1,0,2,AREQUIPA,CARAVELI,YAUCA,RURAL,CARRETERA,NACIONAL,PE-1S,NO,-15.6608195352996,-74.5654652390851,DESPEJADO,RURAL,TRAMO RECTO,PLANA ,ASFALTADA,,,,,NO IDENTIFICA LA CAUSA,
A-2022-01-260,18/01/2022,17:00,DESPISTE,1,1,,LIMA,LIMA,CIENEGUILLA,RURAL,CARRETERA,DEPARTAMENTAL,LM-119,NO,-12.1308907834021,-76.8109076328621,DESPEJADO,RURAL,TRAMO RECTO,INCLINADA,ASFALTADA,,,,,NO IDENTIFICA LA CAUSA,
A-2022-01-100,18/01/2022,23:30,CHOQUE CON OBJETO FIJO,1,1,1,AREQUIPA,AREQUIPA,AREQUIPA,URBANA,CARRETERA,NACIONAL,PE-34C,NO,-16.415782,-71.551365,DESPEJADO,RESIDENCIAL,TRAMO RECTO,PLANA ,ASFALTADA,,,,,NO IDENTIFICA LA CAUSA,
A-2023-01-141,18/01/2023,06:00,ATROPELLO FUGA,1,0,,LIMA,LIMA,SAN MARTIN DE PORRES,URBANA,AVENIDA,URBANO,NO CORRESPONDE,NO,-12.01553487,-77.0595959,DESPEJADO,COMERCIAL,INTERSECCIÓN,PLANA ,ASFALTADA,SI,PREVENTIVA (P),,NO,NO IDENTIFICA LA CAUSA,
A-2022-01-345,18/01/2023,12:30,CHOQUE,1,0,,LIMA,LIMA,SAN JUAN DE MIRAFLORES,URBANA,CALLE,URBANO,NO CORRESPONDE,NO,-12.18875912,-76.96067432,DESPEJADO,RESIDENCIAL,TRAMO RECTO,PLANA ,ASFALTADA,,,,,IMPRUDENCIA DEL CONDUCTOR,OTRO (IMPRUDENCIA DEL CONDUCTOR)
A-2023-01-128,18/01/2023,14:50,DESPISTE,1,1,,MADRE DE DIOS,TAMBOPATA,LAS PIEDRAS,RURAL,CARRETERA,NACIONAL,PE-30C,,-12.520654,-69.135652,,,,,,,,,,,
A-2023-01-87,18/01/2023,19:20,CHOQUE,1,0,2,JUNIN,YAULI,LA OROYA,RURAL,CARRETERA,NACIONAL,PE-22,NO,-11.613197,-75.980424,DESPEJADO,RURAL,CURVA,PLANA ,ASFALTADA,,,,,,
A-2023-01-81,18/01/2023,19:30,DESPISTE,1,0,1,CAJAMARCA,JAEN,JAEN,URBANA,CALLE,URBANO,NO CORRESPONDE,NO,-5.710252,-78.816984,DESPEJADO,RESIDENCIAL,TRAMO RECTO,PLANA ,CONCRETO,,,,,IMPRUDENCIA DEL CONDUCTOR,OTRO (IMPRUDENCIA DEL CONDUCTOR)
A-2023-01-127,18/01/2023,21:00,CHOQUE,1,0,,MADRE DE DIOS,TAMBOPATA,LABERINTO,RURAL,CARRETERA,NACIONAL,PE-30C,,-12.747705,-69.550746,,,,,,,,,,,
A-2023-01-143,18/01/2023,23:30,ATROPELLO FUGA,1,0,,LIMA,LIMA,COMAS,URBANA,AVENIDA,URBANO,NO CORRESPONDE,NO,-11.92809536,-77.05262142,DESPEJADO,RESIDENCIAL,TRAMO RECTO,PLANA ,ASFALTADA,,,,,EN PROCESO DE INVESTIGACIÓN,NO CUENTA CON CAUSA ESPECIFICA
A-2021-02-93,18/02/2021,00:10,DESPISTE,1,1,1,ICA,ICA,SALAS,URBANA,CARRETERA,NACIONAL,PE-1S,NO,-13.923069,-75.993168,DESPEJADO,RURAL,TRAMO RECTO,PLANA ,ASFALTADA,,,,,IMPRUDENCIA DEL CONDUCTOR,FATIGA Y/O CANSANCIO
A-2021-02-84,18/02/2021,07:40,DESPISTE,1,0,0,PUNO,YUNGUYO,YUNGUYO,RURAL,CARRETERA,DEPARTAMENTAL,PU-130,NO,-16.266,-69.08,DESPEJADO,RURAL,CURVA,INCLINADA,ASFALTADA,SI,PREVENTIVA (P),,SI,IMPRUDENCIA DEL CONDUCTOR,CONDUCIR EN ESTADO DE EBRIEDAD Y/O DROGADICCIÓN
A-2021-02-100,18/02/2021,10:30,VOLCADURA,2,0,2,AREQUIPA,CAMANA,QUILCA,RURAL,CARRETERA,NACIONAL,PE-1SD,NO,-16.666286,-72.556992,DESPEJADO,RURAL,CURVA,INCLINADA,ASFALTADA,SI,PREVENTIVA (P),,SI,IMPRUDENCIA DEL CONDUCTOR,EXCESO DE VELOCIDAD
A-2021-02-148,18/02/2021,11:00,VOLCADURA,1,0,1,CUSCO,LA CONVENCION,QUELLOUNO,RURAL,CARRETERA,DEPARTAMENTAL,CU-105,NO,-12.6365227,-72.55693921,NUBLADO,RURAL,CURVA,PLANA ,AFIRMADO,,,,,NEGLIGENCIA DEL CONDUCTOR,OTRO (NEGLIGENCIA DEL CONDUCTOR)
A-2021-02-178,18/02/2021,11:40,ATROPELLO,1,0,0,PUNO,SAN ANTONIO DE PUTINA,PUTINA,URBANA,JIRÓN,URBANO,NO CORRESPONDE,NO,-14.9135189519158,-69.8633317705007,LLUVIOSO,RESIDENCIAL,TRAMO RECTO,PLANA ,CONCRETO,,,,,IMPRUDENCIA DEL PEATÓN,OTRO (IMPRUDENCIA DEL PEATÓN)
A-2021-02-264,18/02/2021,15:25,CHOQUE CON OBJETO FIJO,1,3,,LIMA,LIMA,VILLA MARIA DEL TRIUNFO,RURAL,CALLE,URBANO,NO CORRESPONDE,NO,-12.14029,-76.9112,DESPEJADO,RURAL,PASE A DESNIVEL,INCLINADA,AFIRMADO,,,,,IMPRUDENCIA DEL CONDUCTOR,EXCESO DE VELOCIDAD
A-2021-02-263,18/02/2021,18:00,ATROPELLO FUGA,1,0,0,LIMA,LIMA,RIMAC,URBANA,CARRETERA,NACIONAL,PE-1N,NO,-12.0431032040328,-77.0231777116334,DESPEJADO,INDUSTRIAL,TRAMO RECTO,PLANA ,ASFALTADA,,,,,NO IDENTIFICA LA CAUSA,
A-2022-02-133,18/02/2022,06:20,CHOQUE FUGA,1,0,,ICA,ICA,SALAS,RURAL,CARRETERA,NACIONAL,PE-1S,NO,-13.9437226604952,-75.8086957315567,DESPEJADO,RURAL,TRAMO RECTO,PLANA ,ASFALTADA,SI,REGULADORA (R),,NO,NO IDENTIFICA LA CAUSA,
A-2022-02-236,18/02/2022,21:00,ATROPELLO,1,0,0,LIMA,LIMA,MIRAFLORES,URBANA,OTRO,URBANO,NO CORRESPONDE,NO,-12.118355820687,-77.0453971763754,DESPEJADO,INDUSTRIAL,CURVA,PLANA ,ASFALTADA,,,,,NO IDENTIFICA LA CAUSA,
A-2023-02-144,18/02/2023,06:00,CHOQUE,1,0,,LIMA,LIMA,COMAS,URBANA,AVENIDA,URBANO,NO CORRESPONDE,NO,-11.92580306,-77.0520857,DESPEJADO,RESIDENCIAL,INTERSECCIÓN,PLANA ,ASFALTADA,,,,,EN PROCESO DE INVESTIGACIÓN,NO CUENTA CON CAUSA ESPECIFICA
A-2023-02-26,18/02/2023,09:00,ATROPELLO,1,0,1,LA LIBERTAD,CHEPEN,CHEPEN,RURAL,CARRETERA,NACIONAL,PE-08,NO,-7.320516,-79.368589,DESPEJADO,RURAL,TRAMO RECTO,PLANA ,ASFALTADA,,,,,NO IDENTIFICA LA CAUSA,
A-2023-02-27,18/02/2023,16:00,CHOQUE,1,1,2,LA LIBERTAD,VIRU,GUADALUPITO,RURAL,CARRETERA,NACIONAL,PE-1N,NO,-8.916976,-78.638052,DESPEJADO,RURAL,TRAMO RECTO,PLANA ,ASFALTADA,,,,,IMPRUDENCIA DEL CONDUCTOR,CONDUCIR EN ESTADO DE EBRIEDAD Y/O DROGADICCIÓN
A-2023-02-105,18/02/2023,19:00,DESPISTE,1,0,1,JUNIN,JUNIN,JUNIN,RURAL,CARRETERA,NACIONAL,PE-22,NO,-11.35265,-76.0425,LLUVIOSO,RURAL,TRAMO RECTO,INCLINADA,ASFALTADA,SI,PREVENTIVA (P),REGULADORA (R),NO,IMPRUDENCIA DEL CONDUCTOR,CONDUCIR EN ESTADO DE EBRIEDAD Y/O DROGADICCIÓN
A-2021-03-104,18/03/2021,03:26,CHOQUE,1,2,,MADRE DE DIOS,TAMBOPATA,INAMBARI,URBANA,CARRETERA,NACIONAL,PE-30C,,-12.883538,-70.026828,,,,,,,,,,,
A-2021-03-109,18/03/2021,09:40,ATROPELLO,1,0,0,CUSCO,CUSCO,SAN SEBASTIAN,URBANA,CALLE,URBANO,NO CORRESPONDE,NO,-13.526312,-71.929567,SOLEADO,RESIDENCIAL,TRAMO RECTO,INCLINADA,AFIRMADO,,,,,IMPRUDENCIA DEL CONDUCTOR,OTRO (IMPRUDENCIA DEL CONDUCTOR)
A-2021-03-111,18/03/2021,12:30,DESPISTE,1,1,1,ICA,PALPA,SANTA CRUZ,RURAL,CARRETERA,NACIONAL,PE-1S,NO,-14.4955425937463,-75.2889123634182,DESPEJADO,RURAL,TRAMO RECTO,PLANA ,ASFALTADA,NO,,,SI,NO IDENTIFICA LA CAUSA,
A-2021-03-155,18/03/2021,13:30,DESPISTE,1,0,1,CAJAMARCA,CUTERVO,PIMPINGOS,RURAL,CARRETERA,VECINAL,CA-774,NO,-6.03268818,-78.76084474,DESPEJADO,RURAL,CURVA,INCLINADA,AFIRMADO,,,,,IMPRUDENCIA DEL CONDUCTOR,EXCESO DE VELOCIDAD
A-2021-03-369,18/03/2021,17:50,DESPISTE,1,0,1,HUANUCO,AMBO,AMBO,RURAL,CARRETERA,NACIONAL,PE-18A,NO,-10.138769,-76.222358,DESPEJADO,RURAL,CURVA,INCLINADA,AFIRMADO,,,,,IMPRUDENCIA DEL CONDUCTOR,EXCESO DE VELOCIDAD
A-2021-03-347,18/03/2021,23:20,ATROPELLO FUGA,1,0,1,LIMA,CAÑETE,CHILCA,URBANA,CARRETERA,NACIONAL,PE-1S,NO,-12.4770428658133,-76.7482414789782,DESPEJADO,INDUSTRIAL,TRAMO RECTO,PLANA ,ASFALTADA,,,,,NO IDENTIFICA LA CAUSA,
A-2022-03-175,18/03/2022,12:15,VOLCADURA,1,12,1,CUSCO,CUSCO,CUSCO,RURAL,CARRETERA,VECINAL,CU-1259,NO,-13.555421,-72.021903,DESPEJADO,RURAL,CURVA,PLANA ,AFIRMADO,,,,,IMPRUDENCIA DEL CONDUCTOR,EXCESO DE VELOCIDAD
A-2022-03-243,18/03/2022,15:00,DESPISTE,1,1,1,HUANUCO,HUANUCO,AMARILIS,RURAL,CARRETERA,SIN CLASIFICAR,SIN CLASIFICAR,NO,-9.919618,-76.176757,DESPEJADO,RURAL,TRAMO RECTO,PLANA ,TROCHA,,,,,IMPRUDENCIA DEL CONDUCTOR,FATIGA Y/O CANSANCIO
A-2022-03-134,18/03/2022,15:45,DESPISTE,1,0,1,PUNO,MOHO,MOHO,RURAL,CARRETERA,NACIONAL,PE-34I,NO,-15.3128706045321,-69.5469975128075,DESPEJADO,RURAL,TRAMO RECTO,PLANA ,ASFALTADA,,,,,IMPRUDENCIA DEL CONDUCTOR,EXCESO DE VELOCIDAD
A-2022-03-86,18/03/2022,17:30,CHOQUE,1,4,2,LA LIBERTAD,CHEPEN,PACANGA,RURAL,CARRETERA,NACIONAL,PE-1N,NO,-7.123959,-79.482107,DESPEJADO,RURAL,TRAMO RECTO,PLANA ,ASFALTADA,,,,,IMPRUDENCIA DEL CONDUCTOR,GIRAR IMPRUDENTEMENTE
A-2022-03-166,18/03/2022,18:30,ATROPELLO,1,0,,LIMA,HUAURA,HUAURA,URBANA,CARRETERA,DEPARTAMENTAL,LM-101,NO,-11.066938,-77.598471,DESPEJADO,RESIDENCIAL,TRAMO RECTO,PLANA ,ASFALTADA,,,,,IMPRUDENCIA DEL CONDUCTOR,EXCESO DE VELOCIDAD
A-2022-03-263,18/03/2022,21:00,CHOQUE,1,0,,LIMA,LIMA,CARABAYLLO,URBANA,AVENIDA,URBANO,NO CORRESPONDE,,-11.897196,-77.029915,,,,,,,,,,,
A-2022-03-264,18/03/2022,22:00,CHOQUE,1,1,2,PIURA,SULLANA,SULLANA,URBANA,CARRETERA,DEPARTAMENTAL,PI-102,NO,-4.90667628943957,-80.7149380373635,DESPEJADO,RURAL,TRAMO RECTO,PLANA ,ASFALTADA,,,,,IMPRUDENCIA DEL CONDUCTOR,CONDUCIR EN ESTADO DE EBRIEDAD Y/O DROGADICCIÓN
A-2022-03-159,18/03/2022,22:35,CHOQUE,1,0,,CAJAMARCA,CUTERVO,CUTERVO,URBANA,CARRETERA,NACIONAL,PE-3N,,-6.381019,-78.813507,,,,,,,,,,,
A-2023-03-54,18/03/2023,04:50,ATROPELLO FUGA,1,0,,CUSCO,ESPINAR,ESPINAR,RURAL,CARRETERA,NACIONAL,PE-3SE,NO,-14.8010954097451,-71.4417076251742,DESPEJADO,RURAL,TRAMO RECTO,PLANA ,AFIRMADO,,,,,NO IDENTIFICA LA CAUSA,
A-2023-03-55,18/03/2023,08:00,VOLCADURA,1,0,1,CUSCO,QUISPICANCHI,OCONGATE,RURAL,CARRETERA,NACIONAL,PE-3S,NO,-13.62378,-71.39203,DESPEJADO,RURAL,CURVA,PLANA ,ASFALTADA,SI,PREVENTIVA (P),,SI,IMPRUDENCIA DEL CONDUCTOR,EXCESO DE VELOCIDAD
A-2023-03-164,18/03/2023,11:40,ATROPELLO,1,0,1,AYACUCHO,HUAMANGA,AYACUCHO,URBANA,CALLE,URBANO,NO CORRESPONDE,NO,-13.157552473825,-74.2365129281001,DESPEJADO,RESIDENCIAL,TRAMO RECTO,INCLINADA,ASFALTADA,,,,,IMPRUDENCIA DEL CONDUCTOR,GIRAR IMPRUDENTEMENTE
A-2023-03-40,18/03/2023,14:50,DESPISTE,1,1,1,CUSCO,ACOMAYO,ACOPIA,RURAL,CARRETERA,VECINAL,CU-1639,NO,-14.047174,-71.509228,DESPEJADO,RURAL,CURVA,INCLINADA,TROCHA,,,,,NO IDENTIFICA LA CAUSA,
A-2023-03-146,18/03/2023,16:30,CHOQUE,1,1,,LIMA,LIMA,SAN JUAN DE LURIGANCHO,URBANA,AVENIDA,URBANO,NO CORRESPONDE,NO,-11.97644482,-77.00207644,DESPEJADO,COMERCIAL,TRAMO RECTO,PLANA ,ASFALTADA,,,,,IMPRUDENCIA DEL CONDUCTOR,VEHÍCULO MAL ESTACIONADO
A-2021-04-107,18/04/2021,04:30,DESPISTE,1,0,1,CUSCO,CANAS,YANAOCA,RURAL,CARRETERA,DEPARTAMENTAL,CU-126,NO,-14.233373,-71.432597,NUBLADO,RURAL,TRAMO RECTO,INCLINADA,AFIRMADO,,,,,NEGLIGENCIA DEL CONDUCTOR,OTRO (NEGLIGENCIA DEL CONDUCTOR)
A-2021-04-106,18/04/2021,05:00,ATROPELLO FUGA,1,0,0,TACNA,TACNA,LA YARADA LOS PALOS,RURAL,CARRETERA,VECINAL,TA-643,NO,-18.282521,-70.440696,NUBLADO,RURAL,TRAMO RECTO,PLANA ,ASFALTADA,SI,PREVENTIVA (P),,NO,IMPRUDENCIA DEL PEATÓN,ESTADO DE EBRIEDAD Y/O DROGADICCIÓN
A-2021-04-115,18/04/2021,10:50,DESPISTE,1,0,1,PUNO,SAN ROMAN,CARACOTO,RURAL,CARRETERA,DEPARTAMENTAL,PU-120,NO,-15.555315,-70.019694,DESPEJADO,RURAL,CURVA,PLANA ,ASFALTADA,SI,PREVENTIVA (P),REGULADORA (R),SI,IMPRUDENCIA DEL CONDUCTOR,EXCESO DE VELOCIDAD
A-2021-04-109,18/04/2021,17:10,DESPISTE,1,0,1,AREQUIPA,AREQUIPA,CHIGUATA,RURAL,CARRETERA,NACIONAL,PE-34C,NO,-16.4088651277931,-71.4215825976197,DESPEJADO,RURAL,CURVA,PLANA ,ASFALTADA,NO,,,SI,IMPRUDENCIA DEL CONDUCTOR,OTRO (IMPRUDENCIA DEL CONDUCTOR)
A-2021-04-156,18/04/2021,17:10,DESPISTE,3,0,2,JUNIN,YAULI,YAULI,RURAL,CARRETERA,NACIONAL,PE-22,NO,-11.613711,-76.027686,LLUVIOSO,RURAL,PUENTE,PLANA ,ASFALTADA,SI,REGULADORA (R),PREVENTIVA (P),SI,,
A-2022-04-52,18/04/2022,00:13,CHOQUE,1,1,,CAJAMARCA,CAJAMARCA,CAJAMARCA,URBANA,CARRETERA,NACIONAL,PE-3N,,-7.14512578,-78.51381524,,,,,,,,,,,
A-2022-04-246,18/04/2022,01:20,ATROPELLO,1,0,,LIMA,LIMA,LOS OLIVOS,URBANA,CARRETERA,NACIONAL,PE-1N,,-11.937526,-77.071828,,,,,,,,,,,
A-2022-04-234,18/04/2022,06:20,ATROPELLO FUGA,1,0,1,LIMA,HUAURA,VEGUETA,RURAL,CARRETERA,NACIONAL,PE-1N,NO,-10.8921307857087,-77.675828938126,DESPEJADO,RURAL,TRAMO RECTO,PLANA ,ASFALTADA,SI,REGULADORA (R),INFORMATIVA (I),NO,NO IDENTIFICA LA CAUSA,
A-2022-04-107,18/04/2022,15:30,ATROPELLO,1,0,1,HUANCAVELICA,HUAYTARA,TAMBO,RURAL,CARRETERA,NACIONAL,PE-28A,NO,-13.472465,-75.065095,DESPEJADO,RURAL,TRAMO RECTO,PLANA ,ASFALTADA,SI,PREVENTIVA (P),,SI,NO IDENTIFICA LA CAUSA,
A-2023-04-26,18/04/2023,15:30,CHOQUE,1,0,2,SAN MARTIN,MOYOBAMBA,CALZADA,RURAL,CARRETERA,NACIONAL,PE-5N,NO,-6.039307,-77.063784,DESPEJADO,RURAL,TRAMO RECTO,PLANA ,ASFALTADA,SI,PREVENTIVA (P),PREVENTIVA (P),NO,IMPRUDENCIA DEL CONDUCTOR,OTRO (IMPRUDENCIA DEL CONDUCTOR)
A-2023-04-174,18/04/2023,15:45,CHOQUE,1,0,2,CAJAMARCA,CAJAMARCA,LLACANORA,RURAL,CARRETERA,NACIONAL,PE-3N,NO,-7.204042,-78.433789,DESPEJADO,COMERCIAL,TRAMO RECTO,PLANA ,ASFALTADA,NO,,,SI,IMPRUDENCIA DEL CONDUCTOR,CONDUCIR EN ESTADO DE EBRIEDAD Y/O DROGADICCIÓN
A-2023-04-39,18/04/2023,17:25,ATROPELLO,1,0,1,AREQUIPA,AREQUIPA,LA JOYA,URBANA,CALLE,URBANO,NO CORRESPONDE,NO,-16.492913,-71.842191,DESPEJADO,RURAL,TRAMO RECTO,INCLINADA,ASFALTADA,NO,,,SI,NO IDENTIFICA LA CAUSA,
A-2023-04-24,18/04/2023,19:00,CHOQUE,1,1,3,ICA,PISCO,HUMAY,RURAL,CARRETERA,VECINAL,IC-574,NO,-13.736401,-75.970388,DESPEJADO,RURAL,TRAMO RECTO,PLANA ,TROCHA,,,,,NO IDENTIFICA LA CAUSA,
A-2021-05-83,18/05/2021,00:00,ATROPELLO FUGA,1,0,1,PUNO,PUNO,PAUCARCOLLA,RURAL,CARRETERA,NACIONAL,PE-3S,NO,-15.735935,-70.056914,DESPEJADO,RURAL,CURVA,PLANA ,ASFALTADA,,,,,IMPRUDENCIA DEL CONDUCTOR,OTRO (IMPRUDENCIA DEL CONDUCTOR)
A-2021-05-133,18/05/2021,12:00,CHOQUE,1,0,,LIMA,LIMA,ATE,URBANA,CARRETERA,NACIONAL,PE-22,NO,-12.0077709154949,-76.8589675738766,DESPEJADO,INDUSTRIAL,TRAMO RECTO,PLANA ,ASFALTADA,,,,,IMPRUDENCIA DEL CONDUCTOR,ADELANTAR INDEBIDAMENTE
A-2021-05-112,18/05/2021,15:00,CHOQUE,1,0,1,JUNIN,TARMA,TARMA,RURAL,CARRETERA,NACIONAL,PE-22B,NO,-11.3909658995696,-75.6882956366254,DESPEJADO,RURAL,SINUOSA,INCLINADA,ASFALTADA,,,,,,
A-2021-05-180,18/05/2021,19:20,DESPISTE,1,1,1,AMAZONAS,BAGUA,BAGUA,RURAL,CARRETERA,NACIONAL,PE-5NC,NO,-5.59877369457403,-78.5510790307303,SOLEADO,RURAL,TRAMO RECTO,PLANA ,ASFALTADA,,,,,NO IDENTIFICA LA CAUSA,
A-2021-05-108,18/05/2021,20:20,VOLCADURA,1,0,1,AREQUIPA,AREQUIPA,JOSE LUIS BUSTAMANTE Y RIVERO,URBANA,AVENIDA,URBANO,NO CORRESPONDE,NO,-16.425553,-71.53839,DESPEJADO,COMERCIAL,CURVA,PLANA ,ASFALTADA,,,,,IMPRUDENCIA DEL CONDUCTOR,ADELANTAR INDEBIDAMENTE
A-2021-05-105,18/05/2021,21:05,CHOQUE,1,0,,MADRE DE DIOS,TAMBOPATA,TAMBOPATA,RURAL,CARRETERA,NACIONAL,PE-30C,,-12.6138,-69.243869,,,,,,,,,,,