CODIGO_SINIESTRO,FECHA_SINIESTRO,HORA_SINIESTRO,CLASE_SINIESTRO,CANTIDAD_DE_FALLECIDOS,CANTIDAD_DE_LESIONADOS,CANTIDAD_DE_VEHICULOS_DANADOS,DEPARTAMENTO,PROVINCIA,DISTRITO,ZONA,TIPO_DE_VIA,RED_VIAL,COD_CARRETERA,EXISTE_CICLOVIA,COORDENADAS_LATITUD,COORDENADAS_LONGITUD,CONDICION_CLIMATICA,ZONIFICACION,CARACTERISTICAS_DE_VIA,PERFIL_LONGITUDINAL_VIA,SUPERFICIE_DE_CALZADA,EXISTE_SENAL_VERTICAL,CLASIFICACION_DE_LA_SENAL_VERTICAL_N_1,CLASIFICACION_DE_LA_SENAL_VERTICAL_N_2,EXISTE_SENAL_HORIZONTAL,CAUSA_FACTOR_PRINCIPAL,CAUSA_ESPECIFICA
A-2023-08-49,18/08/2023,15:20,CHOQUE,1,1,2,CUSCO,CUSCO,CCORCA,RURAL,CARRETERA,VECINAL,CU-1259,NO,-13.5737304581311,-72.0708120660588,DESPEJADO,RURAL,INTERSECCIÓN,PLANA ,ASFALTADA,,,,,IMPRUDENCIA DEL CONDUCTOR,EXCESO DE VELOCIDAD
A-2023-08-38,18/08/2023,18:30,CHOQUE FUGA,1,2,2,AMAZONAS,UTCUBAMBA,BAGUA GRANDE,RURAL,CARRETERA,NACIONAL,PE-5N,NO,-5.738525,-78.46117,DESPEJADO,RURAL,TRAMO RECTO,PLANA ,ASFALTADA,,,,,EN PROCESO DE INVESTIGACIÓN,NO CUENTA CON CAUSA ESPECIFICA
A-2023-08-30,18/08/2023,20:30,ATROPELLO,1,0,1,ICA,PALPA,PALPA,URBANA,CARRETERA,NACIONAL,PE-1S,NO,-14.531977,-75.190298,DESPEJADO,COMERCIAL,TRAMO RECTO,PLANA ,ASFALTADA,SI,REGULADORA (R),INFORMATIVA (I),SI,EN PROCESO DE INVESTIGACIÓN,NO CUENTA CON CAUSA ESPECIFICA
A-2023-08-127,18/08/2023,21:00,CHOQUE,1,0,2,UCAYALI,CORONEL PORTILLO,YARINACOCHA,URBANA,CARRETERA,DEPARTAMENTAL,UC-103,NO,-8.358456,-74.572729,DESPEJADO,ESCOLAR,INTERSECCIÓN,PLANA ,CONCRETO,SI,PREVENTIVA (P),,SI,IMPRUDENCIA DEL CONDUCTOR,CONDUCIR EN ESTADO DE EBRIEDAD Y/O DROGADICCIÓN
A-2023-08-99,18/08/2023,21:30,DESPISTE,1,0,,LIMA,LIMA,LURIN,URBANA,AVENIDA,URBANO,NO CORRESPONDE,NO,-12.30408959,-76.84316617,DESPEJADO,RURAL,CURVA,PLANA ,ASFALTADA,,,,,EN PROCESO DE INVESTIGACIÓN,NO CUENTA CON CAUSA ESPECIFICA
A-2021-09-71,18/09/2021,04:50,DESPISTE,1,2,1,CAJAMARCA,SAN MARCOS,GREGORIO PITA,RURAL,CARRETERA,NACIONAL,PE-3N,NO,-7.286192,-78.213168,DESPEJADO,RURAL,TRAMO RECTO,INCLINADA,ASFALTADA,SI,PREVENTIVA (P),,SI,NO IDENTIFICA LA CAUSA,
A-2021-09-125,18/09/2021,06:45,DESPISTE,1,0,1,CUSCO,CANAS,LAYO,URBANA,CALLE,URBANO,NO CORRESPONDE,NO,-14.49696,-71.155116,DESPEJADO,RESIDENCIAL,TRAMO RECTO,PLANA ,ASFALTADA,,,,,IMPRUDENCIA DEL CONDUCTOR,CONDUCIR EN ESTADO DE EBRIEDAD Y/O DROGADICCIÓN
A-2021-09-66,18/09/2021,07:20,CAÍDA DE PASAJERO,1,1,2,ICA,CHINCHA,CHINCHA BAJA,RURAL,CARRETERA,NACIONAL,PE-1S,NO,-13.4609451,-76.136483,DESPEJADO,RURAL,TRAMO RECTO,PLANA ,ASFALTADA,,,,,NO IDENTIFICA LA CAUSA,
A-2021-09-157,18/09/2021,11:05,CHOQUE,1,0,,LORETO,MAYNAS,BELEN,URBANA,AVENIDA,URBANO,NO CORRESPONDE,,-3.7650069535268,-73.2594326526382,,,,,,,,,,,
A-2021-09-195,18/09/2021,12:20,CHOQUE,1,0,2,PUNO,AZANGARO,AZANGARO,RURAL,CARRETERA,NACIONAL,PE-34B,NO,-14.8126658682584,-70.2485268564409,DESPEJADO,RURAL,TRAMO RECTO,PLANA ,ASFALTADA,,,,,IMPRUDENCIA DEL CONDUCTOR,CONDUCIR EN SENTIDO CONTRARIO
A-2021-09-131,18/09/2021,15:00,CAÍDA DE PASAJERO,1,0,2,LA LIBERTAD,OTUZCO,USQUIL,RURAL,CARRETERA,NACIONAL,PE-3SW,NO,-7.774257,-78.354444,DESPEJADO,RURAL,CURVA,INCLINADA,TROCHA,,,,,NO IDENTIFICA LA CAUSA,
A-2021-09-272,18/09/2021,18:30,CHOQUE,1,1,2,SAN MARTIN,SAN MARTIN,CACATACHI,RURAL,CARRETERA,NACIONAL,PE-5N,NO,-6.46943,-76.40892,DESPEJADO,RURAL,TRAMO RECTO,PLANA ,ASFALTADA,SI,REGULADORA (R),,SI,IMPRUDENCIA DEL CONDUCTOR,INVASIÓN DE CARRIL
A-2021-09-67,18/09/2021,19:20,DESPISTE,1,2,1,ANCASH,BOLOGNESI,PACLLON,RURAL,CARRETERA,VECINAL,AN-1263,NO,-10.197130278814,-77.0321631215712,DESPEJADO,RURAL,CURVA,INCLINADA,AFIRMADO,,,,,IMPRUDENCIA DEL CONDUCTOR,EXCESO DE PASAJEROS O CARGA
A-2021-09-243,18/09/2021,19:51,DESPISTE,1,2,1,LIMA,BARRANCA,SUPE,RURAL,CARRETERA,NACIONAL,PE-1N,NO,-10.788557,-77.711797,DESPEJADO,RURAL,TRAMO RECTO,PLANA ,ASFALTADA,,,,,NO IDENTIFICA LA CAUSA,
A-2021-09-89,18/09/2021,20:35,ATROPELLO,1,0,1,AREQUIPA,AREQUIPA,LA JOYA,RURAL,CARRETERA,NACIONAL,PE-1S,NO,-16.6782365720971,-71.8708634030674,DESPEJADO,RURAL,INTERSECCIÓN,PLANA ,ASFALTADA,SI,INFORMATIVA (I),INFORMATIVA (I),SI,NO IDENTIFICA LA CAUSA,
A-2021-09-173,18/09/2021,22:00,CHOQUE,1,1,2,LORETO,MAYNAS,SAN JUAN BAUTISTA,URBANA,AVENIDA,URBANO,NO CORRESPONDE,NO,-3.79224947255304,-73.298886126538,SOLEADO,COMERCIAL,TRAMO RECTO,PLANA ,ASFALTADA,,,,,NO IDENTIFICA LA CAUSA,
A-2022-09-178,18/09/2022,05:00,CAÍDA DE PASAJERO,1,0,1,CAJAMARCA,SAN MARCOS,PEDRO GALVEZ,RURAL,CARRETERA,NACIONAL,PE-3N,NO,-7.29905,-78.198676,DESPEJADO,RURAL,TRAMO RECTO,PLANA ,ASFALTADA,,,,,NO IDENTIFICA LA CAUSA,
A-2022-09-228,18/09/2022,05:20,CHOQUE,1,0,1,PIURA,SECHURA,VICE,RURAL,CARRETERA,NACIONAL,PE-1NK,NO,-5.469913,-80.82344,DESPEJADO,RURAL,TRAMO RECTO,PLANA ,ASFALTADA,,,,,IMPRUDENCIA DEL CONDUCTOR,CONDUCIR EN ESTADO DE EBRIEDAD Y/O DROGADICCIÓN
A-2022-09-63,18/09/2022,06:20,DESPISTE,1,0,1,HUANUCO,LEONCIO PRADO,CASTILLO GRANDE,URBANA,CARRETERA,VECINAL,HU-556,NO,-9.297458,-76.007617,DESPEJADO,RESIDENCIAL,CURVA,PLANA ,CONCRETO,,,,,NO IDENTIFICA LA CAUSA,
A-2022-09-55,18/09/2022,06:40,CHOQUE,2,0,2,PUNO,EL COLLAO,PILCUYO,RURAL,CARRETERA,NACIONAL,PE-3S,NO,-16.1603588012198,-69.5460641976131,DESPEJADO,RURAL,TRAMO RECTO,PLANA ,ASFALTADA,,,,,IMPRUDENCIA DEL CONDUCTOR,OTRO (IMPRUDENCIA DEL CONDUCTOR)
A-2022-09-267,18/09/2022,08:00,ATROPELLO,1,0,0,TACNA,TARATA,TARATA,RURAL,CARRETERA,VECINAL,TA-561,NO,-17.2840723392269,-69.7114941627232,DESPEJADO,RURAL,TRAMO RECTO,PLANA ,AFIRMADO,,,,,IMPRUDENCIA DEL PEATÓN,CRUCE INDEBIDO POR LA CALZADA
A-2022-09-87,18/09/2022,09:30,DESPISTE,1,0,1,CUSCO,CANCHIS,MARANGANI,RURAL,CARRETERA,NACIONAL,PE-3S,NO,-14.349923,-71.177755,DESPEJADO,RURAL,CURVA,PLANA ,ASFALTADA,NO,,,NO,IMPRUDENCIA DEL CONDUCTOR,CONDUCIR EN ESTADO DE EBRIEDAD Y/O DROGADICCIÓN
A-2022-09-148,18/09/2022,11:25,VOLCADURA,1,0,1,PUNO,SAN ROMAN,JULIACA,URBANA,AVENIDA,URBANO,NO CORRESPONDE,NO,-15.4964346590169,-70.11551909267,DESPEJADO,RESIDENCIAL,INTERSECCIÓN,PLANA ,ASFALTADA,,,,,IMPRUDENCIA DEL CONDUCTOR,EXCESO DE VELOCIDAD
A-2022-09-143,18/09/2022,18:40,CHOQUE,1,0,2,PUNO,SAN ANTONIO DE PUTINA,QUILCAPUNCU,RURAL,CARRETERA,NACIONAL,PE-34H,NO,-14.840342,-69.658276,DESPEJADO,RURAL,TRAMO RECTO,PLANA ,ASFALTADA,,,,,IMPRUDENCIA DEL CONDUCTOR,EXCESO DE VELOCIDAD
A-2022-09-147,18/09/2022,18:50,CHOQUE,2,0,3,PUNO,LAMPA,CALAPUJA,RURAL,CARRETERA,NACIONAL,PE-3S,NO,-15.3039903,-70.2346426,DESPEJADO,RURAL,CURVA,PLANA ,ASFALTADA,,,,,IMPRUDENCIA DEL CONDUCTOR,EXCESO DE VELOCIDAD
A-2022-09-206,18/09/2022,18:50,ATROPELLO FUGA,1,0,,LIMA,LIMA,ATE,URBANA,AVENIDA,URBANO,NO CORRESPONDE,NO,-12.060423,-76.966538,DESPEJADO,RESIDENCIAL,TRAMO RECTO,PLANA ,ASFALTADA,,,,,NO IDENTIFICA LA CAUSA,
A-2022-09-96,18/09/2022,21:00,CHOQUE,1,0,2,LAMBAYEQUE,CHICLAYO,CAYALTI,RURAL,CARRETERA,NACIONAL,PE-1NI,NO,-6.909578,-79.5756,DESPEJADO,RURAL,TRAMO RECTO,PLANA ,ASFALTADA,,,,,NO IDENTIFICA LA CAUSA,
A-2022-09-225,18/09/2022,21:30,CHOQUE,1,1,2,HUANUCO,PACHITEA,MOLINO,RURAL,CARRETERA,DEPARTAMENTAL,HU-112,NO,-9.94383691980763,-76.0343116257224,DESPEJADO,RURAL,CURVA,INCLINADA,AFIRMADO,,,,,IMPRUDENCIA DEL CONDUCTOR,EXCESO DE VELOCIDAD
A-2023-09-102,18/09/2023,01:30,DESPISTE,24,21,1,HUANCAVELICA,CHURCAMPA,COSME,RURAL,CARRETERA,NACIONAL,PE-3S,NO,-12.5888779953253,-74.6851913994859,DESPEJADO,RURAL,CURVA,INCLINADA,TROCHA,,,,,EN PROCESO DE INVESTIGACIÓN,NO CUENTA CON CAUSA ESPECIFICA
A-2023-09-33,18/09/2023,03:40,VOLCADURA,1,0,1,CUSCO,CANCHIS,SICUANI,URBANA,CARRETERA,NACIONAL,PE-3S,NO,-14.256314,-71.232293,DESPEJADO,RESIDENCIAL,TRAMO RECTO,PLANA ,ASFALTADA,NO,,,SI,IMPRUDENCIA DEL CONDUCTOR,EXCESO DE VELOCIDAD
A-2023-09-52,18/09/2023,11:45,DESPISTE,1,0,1,CUSCO,CUSCO,CUSCO,RURAL,CARRETERA,VECINAL,CU-1259,NO,-13.54554,-72.014757,DESPEJADO,RURAL,TRAMO RECTO,INCLINADA,ASFALTADA,,,,,IMPRUDENCIA DEL CONDUCTOR,FATIGA Y/O CANSANCIO
A-2023-09-74,18/09/2023,16:00,ATROPELLO,1,0,1,LA LIBERTAD,TRUJILLO,LA ESPERANZA,URBANA,AVENIDA,URBANO,NO CORRESPONDE,NO,-8.08722418120818,-79.0330512838194,DESPEJADO,RURAL,TRAMO RECTO,PLANA ,ASFALTADA,,,,,NO IDENTIFICA LA CAUSA,
A-2023-09-117,18/09/2023,20:10,ESPECIAL,1,0,1,AYACUCHO,HUAMANGA,VINCHOS,RURAL,CARRETERA,NACIONAL,PE-28A,NO,-13.340325,-74.43667,DESPEJADO,RURAL,TRAMO RECTO,PLANA ,ASFALTADA,SI,PREVENTIVA (P),,NO,IMPRUDENCIA DEL CONDUCTOR,OTRO (IMPRUDENCIA DEL CONDUCTOR)
A-2023-09-116,18/09/2023,23:30,ATROPELLO,1,0,,PUNO,SAN ROMAN,JULIACA,URBANA,CARRETERA,NACIONAL,PE-3S,SI,-15.485922,-70.124254,DESPEJADO,COMERCIAL,TRAMO RECTO,PLANA ,ASFALTADA,,,,,NEGLIGENCIA DEL CONDUCTOR,OTRO (NEGLIGENCIA DEL CONDUCTOR)
A-2021-10-80,18/10/2021,02:45,ATROPELLO,1,0,1,LA LIBERTAD,VIRU,GUADALUPITO,RURAL,CARRETERA,NACIONAL,PE-1N,NO,-8.9568,-78.629543,DESPEJADO,RURAL,TRAMO RECTO,PLANA ,ASFALTADA,,,,,IMPRUDENCIA DEL CONDUCTOR,CONDUCIR EN ESTADO DE EBRIEDAD Y/O DROGADICCIÓN
A-2021-10-161,18/10/2021,06:00,DESPISTE,1,0,,CUSCO,PAUCARTAMBO,PAUCARTAMBO,RURAL,CARRETERA,DEPARTAMENTAL,CU-113,NO,-13.3271500563129,-71.590996616538,DESPEJADO,RURAL,TRAMO RECTO,PLANA ,TROCHA,,,,,NEGLIGENCIA DEL CONDUCTOR,OTRO (NEGLIGENCIA DEL CONDUCTOR)
A-2021-10-184,18/10/2021,14:30,DESPISTE,4,14,1,PIURA,SECHURA,SECHURA,RURAL,CARRETERA,NACIONAL,PE-1NK,NO,-5.5168821,-80.8173725,DESPEJADO,RURAL,TRAMO RECTO,PLANA ,ASFALTADA,SI,PREVENTIVA (P),,NO,NO IDENTIFICA LA CAUSA,
A-2021-10-193,18/10/2021,14:52,ATROPELLO,1,0,0,LIMA,LIMA,BREÑA,URBANA,AVENIDA,URBANO,NO CORRESPONDE,NO,-12.065391,-77.045953,DESPEJADO,COMERCIAL,TRAMO RECTO,PLANA ,ASFALTADA,,,,,NO IDENTIFICA LA CAUSA,
A-2021-10-220,18/10/2021,16:30,ESPECIAL,1,0,,ANCASH,POMABAMBA,POMABAMBA,URBANA,CARRETERA,NACIONAL,PE-14C,NO,-8.81702337544812,-77.4608226535858,DESPEJADO,COMERCIAL,INTERSECCIÓN,PLANA ,CONCRETO,,,,,NEGLIGENCIA DEL CONDUCTOR,OTRO (NEGLIGENCIA DEL CONDUCTOR)
A-2021-10-194,18/10/2021,18:00,ATROPELLO,1,0,0,LIMA,LIMA,SANTIAGO DE SURCO,URBANA,AVENIDA,URBANO,NO CORRESPONDE,NO,-12.1485184,-77.0094428,DESPEJADO,RESIDENCIAL,INTERSECCIÓN,PLANA ,ASFALTADA,,,,,NO IDENTIFICA LA CAUSA,
A-2021-10-106,18/10/2021,19:00,ATROPELLO,1,1,1,AREQUIPA,AREQUIPA,CERRO COLORADO,URBANA,AVENIDA,URBANO,NO CORRESPONDE,NO,-16.322252,-71.591631,DESPEJADO,RESIDENCIAL,INTERSECCIÓN,INCLINADA,ASFALTADA,SI,PREVENTIVA (P),PREVENTIVA (P),NO,NO IDENTIFICA LA CAUSA,
A-2022-10-117,18/10/2022,02:30,CAÍDA DE PASAJERO,1,0,,CALLAO,CALLAO,VENTANILLA,URBANA,AVENIDA,URBANO,NO CORRESPONDE,NO,-11.9182403,-77.13930413,LLUVIOSO,COMERCIAL,TRAMO RECTO,PLANA ,ASFALTADA,,,,,IMPRUDENCIA DEL CONDUCTOR,EXCESO DE VELOCIDAD
A-2022-10-79,18/10/2022,05:20,DESPISTE,2,1,1,LA LIBERTAD,SANCHEZ CARRION,COCHORCO,RURAL,CARRETERA,NACIONAL,PE-10C,NO,-7.778838,-77.76138,DESPEJADO,RURAL,TRAMO RECTO,PLANA ,TROCHA,,,,,NO IDENTIFICA LA CAUSA,
A-2022-10-210,18/10/2022,11:00,ATROPELLO,1,0,,UCAYALI,CORONEL PORTILLO,CALLERIA,URBANA,CARRETERA,NACIONAL,PE-18C,NO,-8.384031,-74.54604,DESPEJADO,COMERCIAL,TRAMO RECTO,PLANA ,EMPEDRADO,,,,,IMPRUDENCIA DEL PEATÓN,OTRO (IMPRUDENCIA DEL PEATÓN)
A-2022-10-55,18/10/2022,15:10,ATROPELLO,1,0,1,PUNO,PUNO,ACORA,RURAL,CARRETERA,NACIONAL,PE-3S,NO,-15.9611527558509,-69.8156906550815,DESPEJADO,RURAL,TRAMO RECTO,PLANA ,ASFALTADA,,,,,IMPRUDENCIA DEL PEATÓN,CRUCE INDEBIDO POR LA CALZADA
A-2022-10-133,18/10/2022,19:45,DESPISTE,1,0,,LIMA,LIMA,SAN MARTIN DE PORRES,URBANA,AVENIDA,URBANO,NO CORRESPONDE,,-12.00789,-77.082345,,,,,,,,,,,
A-2023-10-16,18/10/2023,05:10,CHOQUE,1,1,2,ICA,CHINCHA,GROCIO PRADO,RURAL,CARRETERA,NACIONAL,PE-1S,NO,-13.33906,-76.2317293,DESPEJADO,RURAL,TRAMO RECTO,PLANA ,ASFALTADA,,,,,NO IDENTIFICA LA CAUSA,
A-2023-10-23,18/10/2023,06:40,ESPECIAL,1,0,1,ICA,ICA,SUBTANJALLA,RURAL,CALLE,URBANO,NO CORRESPONDE,NO,-14.0193240625753,-75.7503560174169,DESPEJADO,RURAL,TRAMO RECTO,INCLINADA,TROCHA,,,,,IMPRUDENCIA DEL PEATÓN,OTRO (IMPRUDENCIA DEL PEATÓN)
A-2023-10-115,18/10/2023,07:40,DESPISTE,1,8,,LIMA,LIMA,SAN JUAN DE LURIGANCHO,URBANA,AVENIDA,URBANO,NO CORRESPONDE,NO,-11.97214164,-76.99659911,DESPEJADO,COMERCIAL,INTERSECCIÓN,PLANA ,ASFALTADA,,,,,IMPRUDENCIA DEL CONDUCTOR,OTRO (IMPRUDENCIA DEL CONDUCTOR)
A-2023-10-42,18/10/2023,13:00,CHOQUE,1,0,2,LA LIBERTAD,PACASMAYO,GUADALUPE,RURAL,CARRETERA,NACIONAL,PE-1N,NO,-7.323775,-79.4810385,DESPEJADO,RURAL,TRAMO RECTO,PLANA ,ASFALTADA,,,,,NO IDENTIFICA LA CAUSA,
A-2023-10-43,18/10/2023,19:15,DESPISTE,1,2,1,LA LIBERTAD,SANTIAGO DE CHUCO,QUIRUVILCA,RURAL,CARRETERA,VECINAL,LI-810,NO,-7.99727965433914,-78.3176436922819,DESPEJADO,RURAL,TRAMO RECTO,PLANA ,TROCHA,,,,,NO IDENTIFICA LA CAUSA,
A-2023-10-116,18/10/2023,19:40,ATROPELLO FUGA,1,0,,LIMA,LIMA,LA MOLINA,URBANA,CARRETERA,NACIONAL,PE-1S,NO,-12.07414826,-76.97435069,DESPEJADO,RESIDENCIAL,TRAMO RECTO,PLANA ,ASFALTADA,,,,,NO IDENTIFICA LA CAUSA,
A-2023-10-139,18/10/2023,20:15,CHOQUE,1,0,,CALLAO,CALLAO,CALLAO,URBANA,AVENIDA,URBANO,NO CORRESPONDE,,-11.9823370203939,-77.1177450785481,,,,,,,,,,,
A-2021-11-240,18/11/2021,02:00,DESPISTE,1,0,1,HUANUCO,HUANUCO,MARGOS,RURAL,CARRETERA,DEPARTAMENTAL,HU-111,NO,-10.009498,-76.535212,DESPEJADO,RURAL,CURVA,PLANA ,TROCHA,,,,,IMPRUDENCIA DEL CONDUCTOR,CONDUCIR EN ESTADO DE EBRIEDAD Y/O DROGADICCIÓN
A-2021-11-48,18/11/2021,05:40,ATROPELLO,1,0,1,AREQUIPA,AREQUIPA,JOSE LUIS BUSTAMANTE Y RIVERO,URBANA,CARRETERA,DEPARTAMENTAL,AR-117,NO,-16.4300227,-71.5361144,DESPEJADO,COMERCIAL,TRAMO RECTO,PLANA ,ASFALTADA,,,,,NO IDENTIFICA LA CAUSA,
A-2021-11-182,18/11/2021,06:45,DESPISTE,1,1,1,PUNO,AZANGARO,POTONI,RURAL,CARRETERA,NACIONAL,PE-34B,NO,-14.3529749,-70.2682848,DESPEJADO,RURAL,TRAMO RECTO,PLANA ,ASFALTADA,,,,,IMPRUDENCIA DEL CONDUCTOR,OTRO (IMPRUDENCIA DEL CONDUCTOR)
A-2021-11-102,18/11/2021,08:10,CHOQUE,2,2,2,CUSCO,PAUCARTAMBO,PAUCARTAMBO,RURAL,CARRETERA,SIN CLASIFICAR,SIN CLASIFICAR,NO,-13.3468,-71.6011,DESPEJADO,RURAL,CURVA,INCLINADA,AFIRMADO,,,,,IMPRUDENCIA DEL CONDUCTOR,EXCESO DE VELOCIDAD
A-2021-11-31,18/11/2021,09:00,DESPISTE,1,1,1,HUANCAVELICA,ANGARAES,LIRCAY,RURAL,CARRETERA,VECINAL,HV-880,NO,-12.979848,-74.712108,DESPEJADO,RURAL,SINUOSA,INCLINADA,AFIRMADO,,,,,NO IDENTIFICA LA CAUSA,
A-2021-11-36,18/11/2021,15:10,CHOQUE,1,1,,LORETO,MAYNAS,PUNCHANA,URBANA,CARRETERA,NACIONAL,PE-5NI,,-3.72041130326519,-73.2425450347904,,,,,,,,,,,
A-2021-11-212,18/11/2021,17:00,ATROPELLO,1,0,1,SAN MARTIN,HUALLAGA,SACANCHE,RURAL,CARRETERA,DEPARTAMENTAL,SM-103,NO,-7.07277,-76.71877,DESPEJADO,RURAL,CURVA,INCLINADA,ASFALTADA,NO,,,SI,IMPRUDENCIA DEL CONDUCTOR,CONDUCIR EN ESTADO DE EBRIEDAD Y/O DROGADICCIÓN
A-2021-11-202,18/11/2021,18:50,ATROPELLO FUGA,1,0,,LIMA,BARRANCA,SUPE,RURAL,CARRETERA,NACIONAL,PE-1N,NO,-10.7913086170208,-77.7092590955544,DESPEJADO,RURAL,TRAMO RECTO,PLANA ,ASFALTADA,,,,,NO IDENTIFICA LA CAUSA,
A-2021-11-51,18/11/2021,23:30,CHOQUE FUGA,1,1,2,AREQUIPA,ISLAY,DEAN VALDIVIA,RURAL,CARRETERA,NACIONAL,PE-1SD,NO,-17.1411545,-71.8357064,DESPEJADO,RURAL,TRAMO RECTO,PLANA ,ASFALTADA,SI,REGULADORA (R),REGULADORA (R),SI,NO IDENTIFICA LA CAUSA,
A-2022-12-226,18/11/2022,01:25,DESPISTE,1,0,,LORETO,MAYNAS,SAN JUAN BAUTISTA,URBANA,CARRETERA,DEPARTAMENTAL,LO-103,NO,-3.78496327320028,-73.2997994964073,DESPEJADO,RURAL,TRAMO RECTO,PLANA ,ASFALTADA,,,,,IMPRUDENCIA DEL CONDUCTOR,CONDUCIR EN ESTADO DE EBRIEDAD Y/O DROGADICCIÓN
A-2022-11-242,18/11/2022,06:00,CHOQUE,1,2,2,AYACUCHO,HUAMANGA,CHIARA,RURAL,CARRETERA,NACIONAL,PE-3S,NO,-13.30830702,-74.22658492,DESPEJADO,RURAL,TRAMO RECTO,INCLINADA,ASFALTADA,SI,PREVENTIVA (P),,NO,IMPRUDENCIA DEL CONDUCTOR,INVASIÓN DE CARRIL
A-2022-11-92,18/11/2022,06:30,CHOQUE,1,0,2,LA LIBERTAD,TRUJILLO,TRUJILLO,URBANA,AVENIDA,URBANO,NO CORRESPONDE,NO,-8.091836,-79.034714,DESPEJADO,RESIDENCIAL,CURVA,INCLINADA,ASFALTADA,,,,,IMPRUDENCIA DEL CONDUCTOR,INVASIÓN DE CARRIL
A-2022-11-102,18/11/2022,06:50,DESPISTE,1,0,,ANCASH,CASMA,CASMA,RURAL,CARRETERA,NACIONAL,PE-1N,NO,-9.6340168302112,-78.257949216823,DESPEJADO,RURAL,TRAMO RECTO,PLANA ,ASFALTADA,,,,,NO IDENTIFICA LA CAUSA,
A-2022-11-85,18/11/2022,09:10,DESPISTE,11,16,1,LA LIBERTAD,PACASMAYO,SAN PEDRO DE LLOC,RURAL,CARRETERA,NACIONAL,PE-1N,NO,-7.451305,-79.495292,DESPEJADO,RURAL,ÓVALO,INCLINADA,ASFALTADA,,,,,IMPRUDENCIA DEL CONDUCTOR,FATIGA Y/O CANSANCIO
A-2022-11-147,18/11/2022,18:00,ATROPELLO,1,0,,LIMA,LIMA,LOS OLIVOS,URBANA,AVENIDA,URBANO,NO CORRESPONDE,NO,-11.9897315005263,-77.0645917895499,DESPEJADO,COMERCIAL,ÓVALO,PLANA ,ASFALTADA,SI,PREVENTIVA (P),,NO,NO IDENTIFICA LA CAUSA,
A-2023-11-124,18/11/2023,00:20,DESPISTE,1,0,,LIMA,LIMA,INDEPENDENCIA,URBANA,CARRETERA,NACIONAL,PE-1N,NO,-11.99914034,-77.06266004,DESPEJADO,COMERCIAL,TRAMO RECTO,INCLINADA,ASFALTADA,,,,,,
A-2024-01-14,18/11/2023,00:30,ATROPELLO FUGA,1,0,,AREQUIPA,CAYLLOMA,CALLALLI,RURAL,CARRETERA,DEPARTAMENTAL,AR-111,NO,-15.497639,-71.45739,DESPEJADO,RURAL,TRAMO RECTO,PLANA ,ASFALTADA,,,,,NO IDENTIFICA LA CAUSA,
A-2023-11-27,18/11/2023,04:00,DESPISTE,1,1,1,APURIMAC,ANDAHUAYLAS,TURPO,RURAL,CARRETERA,SIN CLASIFICAR,SIN CLASIFICAR,NO,-13.776478,-73.498398,DESPEJADO,RURAL,CURVA,INCLINADA,TROCHA,,,,,IMPRUDENCIA DEL CONDUCTOR,OTRO (IMPRUDENCIA DEL CONDUCTOR)
A-2023-11-94,18/11/2023,05:40,DESPISTE,1,0,1,AREQUIPA,AREQUIPA,YURA,URBANA,CARRETERA,NACIONAL,PE-34A,NO,-16.1045639,-71.6183088,DESPEJADO,RURAL,CURVA,INCLINADA,ASFALTADA,SI,REGULADORA (R),PREVENTIVA (P),SI,NO IDENTIFICA LA CAUSA,
A-2023-11-50,18/11/2023,06:30,DESPISTE,1,2,1,LA LIBERTAD,PACASMAYO,SAN PEDRO DE LLOC,RURAL,CARRETERA,VECINAL,LI-585,NO,-7.39725315804947,-79.4991012619153,DESPEJADO,RURAL,TRAMO RECTO,PLANA ,ASFALTADA,,,,,IMPRUDENCIA DEL CONDUCTOR,OTRO (IMPRUDENCIA DEL CONDUCTOR)
A-2023-11-125,18/11/2023,07:10,DESPISTE,1,1,,LIMA,LIMA,SAN JUAN DE LURIGANCHO,URBANA,CALLE,URBANO,NO CORRESPONDE,NO,-11.96844547,-76.96975104,DESPEJADO,ESCOLAR,CURVA,INCLINADA,ASFALTADA,,,,,,
A-2023-11-14,18/11/2023,15:00,CHOQUE,2,0,,PIURA,MORROPON,LA MATANZA,RURAL,CARRETERA,NACIONAL,PE-1NJ,NO,-5.212804,-80.122035,DESPEJADO,RURAL,TRAMO RECTO,PLANA ,ASFALTADA,,,,,,
A-2023-11-12,18/11/2023,15:28,ATROPELLO,1,0,,PUNO,PUNO,PUNO,URBANA,JIRÓN,URBANO,NO CORRESPONDE,NO,-15.862453,-70.020058,DESPEJADO,COMERCIAL,OTRO,INCLINADA,ASFALTADA,,,,,NEGLIGENCIA DEL CONDUCTOR,CONDUCIR CON FALLAS DE FRENOS
A-2023-11-51,18/11/2023,21:25,CHOQUE,1,0,2,LA LIBERTAD,PACASMAYO,GUADALUPE,URBANA,CARRETERA,VECINAL,LI-508,NO,-7.23887,-79.467492,DESPEJADO,COMERCIAL,TRAMO RECTO,PLANA ,ASFALTADA,,,,,NO IDENTIFICA LA CAUSA,