CODIGO_SINIESTRO,FECHA_SINIESTRO,HORA_SINIESTRO,CLASE_SINIESTRO,CANTIDAD_DE_FALLECIDOS,CANTIDAD_DE_LESIONADOS,CANTIDAD_DE_VEHICULOS_DANADOS,DEPARTAMENTO,PROVINCIA,DISTRITO,ZONA,TIPO_DE_VIA,RED_VIAL,COD_CARRETERA,EXISTE_CICLOVIA,COORDENADAS_LATITUD,COORDENADAS_LONGITUD,CONDICION_CLIMATICA,ZONIFICACION,CARACTERISTICAS_DE_VIA,PERFIL_LONGITUDINAL_VIA,SUPERFICIE_DE_CALZADA,EXISTE_SENAL_VERTICAL,CLASIFICACION_DE_LA_SENAL_VERTICAL_N_1,CLASIFICACION_DE_LA_SENAL_VERTICAL_N_2,EXISTE_SENAL_HORIZONTAL,CAUSA_FACTOR_PRINCIPAL,CAUSA_ESPECIFICA
A-2021-08-242,19/08/2021,13:20,ESPECIAL,1,0,0,LIMA,LIMA,ATE,URBANA,CARRETERA,NACIONAL,PE-22,NO,-12.0091524034309,-76.8665668308386,SOLEADO,ESCOLAR,TRAMO RECTO,PLANA ,ASFALTADA,,,,,NO IDENTIFICA LA CAUSA,
A-2021-08-100,19/08/2021,13:50,DESPISTE,1,0,1,AREQUIPA,AREQUIPA,CAYMA,URBANA,CARRETERA,DEPARTAMENTAL,AR-116,NO,-16.299498,-71.521146,DESPEJADO,RESIDENCIAL,CURVA,INCLINADA,ASFALTADA,,,,,NO IDENTIFICA LA CAUSA,
A-2022-08-153,19/08/2022,03:40,CHOQUE,1,0,2,LIMA,LIMA,LOS OLIVOS,URBANA,AVENIDA,URBANO,NO CORRESPONDE,SI,-11.9717348084912,-77.0756001743443,DESPEJADO,COMERCIAL,TRAMO RECTO,PLANA ,ASFALTADA,,,,,NO IDENTIFICA LA CAUSA,
A-2022-08-58,19/08/2022,12:55,ATROPELLO,1,0,0,CUSCO,QUISPICANCHI,OCONGATE,RURAL,CARRETERA,VECINAL,CU-1393,NO,-13.6672,-71.3583,DESPEJADO,RURAL,TRAMO RECTO,PLANA ,TROCHA,,,,,NO IDENTIFICA LA CAUSA,
A-2022-08-150,19/08/2022,15:50,CAÍDA DE PASAJERO,1,0,0,LIMA,LIMA,ATE,URBANA,CALLE,URBANO,NO CORRESPONDE,NO,-12.0305526529948,-76.9258725420437,DESPEJADO,COMERCIAL,TRAMO RECTO,PLANA ,ASFALTADA,,,,,NO IDENTIFICA LA CAUSA,
A-2023-08-20,19/08/2023,00:03,DESPISTE,1,0,1,SAN MARTIN,MOYOBAMBA,SORITOR,RURAL,CARRETERA,NACIONAL,PE-08B,NO,-6.186515,-77.115986,DESPEJADO,RURAL,TRAMO RECTO,PLANA ,AFIRMADO,,,,,IMPRUDENCIA DEL CONDUCTOR,OTRO (IMPRUDENCIA DEL CONDUCTOR)
A-2023-08-31,19/08/2023,02:30,DESPISTE,13,5,1,HUANCAVELICA,HUAYTARA,HUAYTARA,RURAL,CARRETERA,NACIONAL,PE-28A,NO,-13.607447,-75.322182,DESPEJADO,RURAL,CURVA,PLANA ,ASFALTADA,SI,REGULADORA (R),,SI,EN PROCESO DE INVESTIGACIÓN,NO CUENTA CON CAUSA ESPECIFICA
A-2023-08-80,19/08/2023,05:10,CHOQUE,2,6,2,ICA,CHINCHA,GROCIO PRADO,RURAL,CARRETERA,NACIONAL,PE-1S,NO,-13.386086,-76.202713,DESPEJADO,RURAL,TRAMO RECTO,PLANA ,ASFALTADA,SI,REGULADORA (R),REGULADORA (R),NO,IMPRUDENCIA DEL CONDUCTOR,INVASIÓN DE CARRIL
A-2023-08-57,19/08/2023,11:20,CHOQUE,1,6,2,LA LIBERTAD,SANTIAGO DE CHUCO,QUIRUVILCA,RURAL,CARRETERA,NACIONAL,PE-3N,NO,-7.980411,-78.23678,DESPEJADO,RURAL,TRAMO RECTO,PLANA ,ASFALTADA,,,,,NO IDENTIFICA LA CAUSA,
A-2023-08-81,19/08/2023,15:20,ATROPELLO,1,0,,LORETO,MAYNAS,PUNCHANA,URBANA,CALLE,URBANO,NO CORRESPONDE,NO,-3.720048,-73.23984,SOLEADO,COMERCIAL,TRAMO RECTO,PLANA ,CONCRETO,,,,,EN PROCESO DE INVESTIGACIÓN,NO CUENTA CON CAUSA ESPECIFICA
A-2021-09-129,19/09/2021,00:10,ATROPELLO FUGA,1,0,0,PUNO,SAN ROMAN,SAN MIGUEL,RURAL,CARRETERA,NACIONAL,PE-3S,NO,-15.4497307,-70.1411055,DESPEJADO,RURAL,TRAMO RECTO,PLANA ,ASFALTADA,,,,,NO IDENTIFICA LA CAUSA,
A-2021-09-171,19/09/2021,01:35,DESPISTE,1,0,1,CUSCO,CUSCO,SANTIAGO,RURAL,CARRETERA,VECINAL,CU-1259,NO,-13.55119,-72.018122,DESPEJADO,RURAL,SINUOSA,INCLINADA,TROCHA,,,,,IMPRUDENCIA DEL CONDUCTOR,FATIGA Y/O CANSANCIO
A-2021-09-126,19/09/2021,09:00,ATROPELLO,1,0,0,LIMA,LIMA,VILLA EL SALVADOR,URBANA,AVENIDA,URBANO,NO CORRESPONDE,NO,-12.223894272996,-76.9198965773409,SOLEADO,COMERCIAL,INTERSECCIÓN,PLANA ,ASFALTADA,,,,,NO IDENTIFICA LA CAUSA,
A-2021-09-83,19/09/2021,10:00,CHOQUE,1,1,2,CAJAMARCA,CAJAMARCA,CAJAMARCA,URBANA,CARRETERA,NACIONAL,PE-3N,NO,-7.14659055,-78.50834705,SOLEADO,RESIDENCIAL,TRAMO RECTO,PLANA ,ASFALTADA,,,,,IMPRUDENCIA DEL CONDUCTOR,EXCESO DE VELOCIDAD
A-2021-09-123,19/09/2021,10:30,CHOQUE,1,2,2,CUSCO,QUISPICANCHI,OCONGATE,RURAL,CARRETERA,NACIONAL,PE-30C,NO,-13.621524,-71.397627,SOLEADO,RURAL,TRAMO RECTO,PLANA ,ASFALTADA,,,,,IMPRUDENCIA DEL CONDUCTOR,OTRO (IMPRUDENCIA DEL CONDUCTOR)
A-2021-09-64,19/09/2021,19:40,CHOQUE,2,2,3,TUMBES,TUMBES,TUMBES,RURAL,CARRETERA,NACIONAL,PE-1N,NO,-3.551516361964,-80.4142248772114,DESPEJADO,RURAL,TRAMO RECTO,PLANA ,ASFALTADA,,,,,IMPRUDENCIA DEL CONDUCTOR,CONDUCIR EN ESTADO DE EBRIEDAD Y/O DROGADICCIÓN
A-2021-09-174,19/09/2021,23:30,CHOQUE,1,0,2,LORETO,MAYNAS,IQUITOS,URBANA,CALLE,URBANO,NO CORRESPONDE,NO,-3.74708010703398,-73.2498893680508,DESPEJADO,COMERCIAL,INTERSECCIÓN,PLANA ,ASFALTADA,,,,,NO IDENTIFICA LA CAUSA,
A-2022-09-182,19/09/2022,04:35,ATROPELLO FUGA,1,0,0,CALLAO,CALLAO,CALLAO,URBANA,AVENIDA,URBANO,NO CORRESPONDE,NO,-12.0257457,-77.142149113,DESPEJADO,INDUSTRIAL,TRAMO RECTO,PLANA ,ASFALTADA,NO,,,SI,NO IDENTIFICA LA CAUSA,
A-2022-09-205,19/09/2022,06:50,CHOQUE,1,0,,LIMA,LIMA,CARABAYLLO,URBANA,AVENIDA,URBANO,NO CORRESPONDE,NO,-11.838112443364,-76.998807212507,DESPEJADO,INDUSTRIAL,TRAMO RECTO,PLANA ,ASFALTADA,,,,,NO IDENTIFICA LA CAUSA,
A-2022-09-144,19/09/2022,10:00,CHOQUE,2,7,4,PUNO,SAN ROMAN,JULIACA,URBANA,CARRETERA,NACIONAL,PE-34A,NO,-15.5248121,-70.1823854,DESPEJADO,RURAL,TRAMO RECTO,PLANA ,ASFALTADA,,,,,IMPRUDENCIA DEL CONDUCTOR,EXCESO DE VELOCIDAD
A-2022-09-73,19/09/2022,18:00,DESPISTE,3,1,1,LA LIBERTAD,SANTIAGO DE CHUCO,SANTIAGO DE CHUCO,RURAL,CARRETERA,SIN CLASIFICAR,SIN CLASIFICAR,NO,-8.387733,-78.30864,DESPEJADO,RURAL,TRAMO RECTO,PLANA ,AFIRMADO,,,,,IMPRUDENCIA DEL CONDUCTOR,OTRO (IMPRUDENCIA DEL CONDUCTOR)
A-2022-09-124,19/09/2022,19:50,DESPISTE,1,1,1,CUSCO,CUSCO,CUSCO,RURAL,CARRETERA,NACIONAL,PE-3S,NO,-13.5039,-72.03,DESPEJADO,RURAL,CURVA,PLANA ,ASFALTADA,,,,,NO IDENTIFICA LA CAUSA,
A-2022-09-247,19/09/2022,20:00,CHOQUE,1,0,2,PIURA,PIURA,TAMBO GRANDE,URBANA,CARRETERA,NACIONAL,PE-1NU,NO,-4.9300859237103,-80.343092585285,DESPEJADO,RURAL,INTERSECCIÓN,PLANA ,ASFALTADA,SI,REGULADORA (R),,NO,EN PROCESO DE INVESTIGACIÓN,NO CUENTA CON CAUSA ESPECIFICA
A-2022-09-218,19/09/2022,20:40,VOLCADURA,1,0,,CAJAMARCA,CELENDIN,CELENDIN,URBANA,JIRÓN,URBANO,NO CORRESPONDE,NO,-6.8650818,-78.1441646,DESPEJADO,RESIDENCIAL,TRAMO RECTO,PLANA ,CONCRETO,SI,REGULADORA (R),,SI,NO IDENTIFICA LA CAUSA,
A-2022-09-239,19/09/2022,21:30,ATROPELLO FUGA,1,0,,JUNIN,HUANCAYO,HUAYUCACHI,URBANA,JIRÓN,URBANO,NO CORRESPONDE,NO,-12.134915250942,-75.2217281922763,DESPEJADO,RURAL,TRAMO RECTO,PLANA ,ASFALTADA,,,,,IMPRUDENCIA DEL CONDUCTOR,OTRO (IMPRUDENCIA DEL CONDUCTOR)
A-2023-09-133,19/09/2023,06:00,CHOQUE,1,0,,LIMA,LIMA,LIMA,URBANA,JIRÓN,URBANO,NO CORRESPONDE,NO,-12.05112478,-77.03211089,DESPEJADO,COMERCIAL,INTERSECCIÓN,PLANA ,ASFALTADA,,,,,IMPRUDENCIA DEL CONDUCTOR,OTRO (IMPRUDENCIA DEL CONDUCTOR)
A-2023-09-134,19/09/2023,08:00,CAÍDA DE PASAJERO,1,0,,LIMA,LIMA,SAN JUAN DE MIRAFLORES,URBANA,CARRETERA,NACIONAL,PE-1S,NO,-12.144557,-76.981742,DESPEJADO,COMERCIAL,TRAMO RECTO,PLANA ,ASFALTADA,,,,,NO IDENTIFICA LA CAUSA,
A-2023-09-76,19/09/2023,17:00,ATROPELLO,1,0,1,LA LIBERTAD,SANTIAGO DE CHUCO,SANTIAGO DE CHUCO,RURAL,CARRETERA,DEPARTAMENTAL,LI-122,NO,-8.33658468907052,-78.2078189167453,DESPEJADO,RURAL,TRAMO RECTO,PLANA ,TROCHA,,,,,IMPRUDENCIA DEL CONDUCTOR,OTRO (IMPRUDENCIA DEL CONDUCTOR)
A-2023-09-75,19/09/2023,20:10,ATROPELLO FUGA,1,0,1,LA LIBERTAD,TRUJILLO,LAREDO,RURAL,CARRETERA,NACIONAL,PE-10A,NO,-8.04556548428531,-78.8478561510463,DESPEJADO,RURAL,TRAMO RECTO,PLANA ,ASFALTADA,,,,,NO IDENTIFICA LA CAUSA,
A-2023-09-27,19/09/2023,21:30,ATROPELLO,1,0,1,ICA,NASCA,MARCONA,RURAL,CARRETERA,NACIONAL,PE-1S,NO,-15.14306,-74.980013,DESPEJADO,COMERCIAL,TRAMO RECTO,PLANA ,ASFALTADA,SI,INFORMATIVA (I),PREVENTIVA (P),NO,EN PROCESO DE INVESTIGACIÓN,NO CUENTA CON CAUSA ESPECIFICA
A-2021-10-170,19/10/2021,05:00,ATROPELLO FUGA,1,0,0,CUSCO,CUSCO,SAN JERONIMO,URBANA,AVENIDA,URBANO,NO CORRESPONDE,SI,-13.5426807871129,-71.8980647071465,DESPEJADO,COMERCIAL,TRAMO RECTO,PLANA ,ASFALTADA,,,,,IMPRUDENCIA DEL PEATÓN,CRUCE INDEBIDO POR LA CALZADA
A-2021-10-96,19/10/2021,05:00,ATROPELLO FUGA,1,0,0,PUNO,EL COLLAO,PILCUYO,RURAL,CARRETERA,NACIONAL,PE-3S,NO,-16.1201201868656,-69.5907320399476,DESPEJADO,RURAL,TRAMO RECTO,PLANA ,ASFALTADA,,,,,NO IDENTIFICA LA CAUSA,
A-2021-10-81,19/10/2021,09:00,CHOQUE,1,0,2,LA LIBERTAD,SANTIAGO DE CHUCO,MOLLEPATA,RURAL,CARRETERA,NACIONAL,PE-3N,NO,-8.192991,-77.95382,DESPEJADO,RURAL,TRAMO RECTO,PLANA ,AFIRMADO,,,,,NO IDENTIFICA LA CAUSA,
A-2021-10-146,19/10/2021,15:10,DESPISTE,1,0,1,CUSCO,LA CONVENCION,ECHARATE,RURAL,CARRETERA,DEPARTAMENTAL,CU-101,NO,-12.7545534797703,-72.5672087814532,DESPEJADO,RURAL,CURVA,PLANA ,AFIRMADO,,,,,IMPRUDENCIA DEL CONDUCTOR,EXCESO DE VELOCIDAD
A-2021-10-227,19/10/2021,19:30,CHOQUE FUGA,1,0,1,PIURA,PIURA,TAMBO GRANDE,RURAL,CARRETERA,NACIONAL,PE-1NL,NO,-4.8232,-80.2824,DESPEJADO,RURAL,TRAMO RECTO,PLANA ,ASFALTADA,,,,,NO IDENTIFICA LA CAUSA,
A-2021-10-195,19/10/2021,23:40,DESPISTE,1,0,0,LIMA,LIMA,LURIN,URBANA,CARRETERA,NACIONAL,PE-1S,NO,-12.272783,-76.895042,DESPEJADO,INDUSTRIAL,TRAMO RECTO,PLANA ,ASFALTADA,,,,,NO IDENTIFICA LA CAUSA,
A-2022-10-188,19/10/2022,19:10,DESPISTE,1,4,1,ICA,ICA,SALAS,RURAL,CARRETERA,NACIONAL,PE-1S,NO,-14.0005552216107,-75.7681395298788,DESPEJADO,RURAL,TRAMO RECTO,PLANA ,ASFALTADA,,,,,NO IDENTIFICA LA CAUSA,
A-2022-10-156,19/10/2022,22:28,CHOQUE CON OBJETO FIJO,1,2,1,MOQUEGUA,MARISCAL NIETO,TORATA,RURAL,CARRETERA,VECINAL,MO-579,NO,-17.0794398165264,-70.8483839436593,DESPEJADO,RURAL,TRAMO RECTO,INCLINADA,ASFALTADA,SI,PREVENTIVA (P),,NO,IMPRUDENCIA DEL CONDUCTOR,EXCESO DE VELOCIDAD
A-2023-10-133,19/10/2023,05:50,DESPISTE,2,12,1,AYACUCHO,VILCAS HUAMAN,VISCHONGO,RURAL,CARRETERA,SIN CLASIFICAR,SIN CLASIFICAR,NO,-13.5697752676369,-74.0076451725366,DESPEJADO,RURAL,SINUOSA,INCLINADA,AFIRMADO,,,,,INFRAESTRUCTURA Y ENTORNO VIAL,SUPERFICIE DETERIORADA
A-2023-10-117,19/10/2023,06:00,DESPISTE,1,0,,LIMA,LIMA,INDEPENDENCIA,URBANA,CARRETERA,NACIONAL,PE-1N,NO,-11.993519,-77.063545,DESPEJADO,COMERCIAL,TRAMO RECTO,PLANA ,ASFALTADA,,,,,NO IDENTIFICA LA CAUSA,
A-2023-10-68,19/10/2023,19:00,CHOQUE,1,1,,PIURA,MORROPON,LA MATANZA,RURAL,CARRETERA,NACIONAL,PE-1NJ,NO,-5.41045,-80.03939,DESPEJADO,RURAL,TRAMO RECTO,PLANA ,ASFALTADA,,,,,,
A-2021-11-134,19/11/2021,03:00,DESPISTE,1,0,1,CUSCO,LA CONVENCION,HUAYOPATA,RURAL,CARRETERA,NACIONAL,PE-28B,NO,-13.0936623313967,-72.3858451010214,NUBLADO,RURAL,CURVA,PLANA ,ASFALTADA,,,,,IMPRUDENCIA DEL CONDUCTOR,EXCESO DE VELOCIDAD
A-2021-11-52,19/11/2021,08:30,DESPISTE,1,0,1,AREQUIPA,CAYLLOMA,SAN ANTONIO DE CHUCA,RURAL,CARRETERA,NACIONAL,PE-34A,NO,-15.8920264,-71.1723788,DESPEJADO,RURAL,TRAMO RECTO,PLANA ,ASFALTADA,NO,,,SI,NO IDENTIFICA LA CAUSA,
A-2021-11-169,19/11/2021,14:00,ATROPELLO FUGA,1,0,0,LIMA,LIMA,CHORRILLOS,URBANA,AVENIDA,URBANO,NO CORRESPONDE,NO,-12.1829386569025,-76.994322496526,DESPEJADO,RESIDENCIAL,TRAMO RECTO,PLANA ,ASFALTADA,,,,,NO IDENTIFICA LA CAUSA,
A-2021-11-130,19/11/2021,17:00,CHOQUE,3,0,2,PIURA,SECHURA,SECHURA,RURAL,CARRETERA,NACIONAL,PE-1N,NO,-5.957526,-80.531208,DESPEJADO,RURAL,TRAMO RECTO,PLANA ,ASFALTADA,,,,,NO IDENTIFICA LA CAUSA,
A-2021-11-88,19/11/2021,19:30,DESPISTE,1,0,1,LA LIBERTAD,TRUJILLO,EL PORVENIR,RURAL,AVENIDA,URBANO,NO CORRESPONDE,NO,-8.066139,-78.995617,DESPEJADO,RURAL,TRAMO RECTO,PLANA ,ASFALTADA,,,,,NO IDENTIFICA LA CAUSA,
A-2021-11-47,19/11/2021,23:55,CHOQUE,1,0,1,HUANCAVELICA,HUAYTARA,PILPICHACA,RURAL,CARRETERA,NACIONAL,PE-28A,NO,-13.447842,-74.979233,DESPEJADO,RURAL,CURVA,INCLINADA,ASFALTADA,,,,,NO IDENTIFICA LA CAUSA,
A-2022-11-22,19/11/2022,02:30,ATROPELLO FUGA,1,0,,CUSCO,ANTA,ANTA,RURAL,CARRETERA,NACIONAL,PE-3S,NO,-13.4744457142764,-72.1572992380065,DESPEJADO,RURAL,TRAMO RECTO,PLANA ,ASFALTADA,,,,,NO IDENTIFICA LA CAUSA,
A-2022-11-46,19/11/2022,04:00,DESPISTE,1,0,1,ANCASH,HUARI,PONTO,RURAL,CARRETERA,SIN CLASIFICAR,SIN CLASIFICAR,NO,-9.32739635811054,-77.0028623998781,DESPEJADO,RURAL,TRAMO RECTO,PLANA ,TROCHA,,,,,NO IDENTIFICA LA CAUSA,
A-2022-11-148,19/11/2022,05:40,CHOQUE,1,0,,LIMA,LIMA,ATE,URBANA,CARRETERA,NACIONAL,PE-22,NO,-12.0069042166143,-76.8529175310575,DESPEJADO,INDUSTRIAL,TRAMO RECTO,PLANA ,ASFALTADA,,,,,NO IDENTIFICA LA CAUSA,
A-2022-11-8,19/11/2022,07:30,CHOQUE,1,0,2,ICA,ICA,SALAS,RURAL,CARRETERA,NACIONAL,PE-1S,NO,-13.9049924,-76.0526704,DESPEJADO,RURAL,TRAMO RECTO,PLANA ,ASFALTADA,,,,,NO IDENTIFICA LA CAUSA,
A-2022-11-241,19/11/2022,17:00,CHOQUE,1,0,,LIMA,LIMA,PUEBLO LIBRE,URBANA,AVENIDA,URBANO,NO CORRESPONDE,NO,-12.08011166,-77.05790207,DESPEJADO,RESIDENCIAL,TRAMO RECTO,PLANA ,ASFALTADA,,,,,NO IDENTIFICA LA CAUSA,
A-2022-11-167,19/11/2022,18:15,DESPISTE,1,0,1,PASCO,PASCO,YANACANCHA,RURAL,CARRETERA,NACIONAL,PE-34A,NO,-10.6938493037001,-76.2303381812427,DESPEJADO,RURAL,TRAMO RECTO,PLANA ,ASFALTADA,,,,,IMPRUDENCIA DEL CONDUCTOR,EXCESO DE VELOCIDAD
A-2022-11-86,19/11/2022,19:30,CHOQUE,2,0,2,LA LIBERTAD,TRUJILLO,SALAVERRY,URBANA,CARRETERA,NACIONAL,PE-10,NO,-8.18763148902719,-78.9945032340646,DESPEJADO,RURAL,TRAMO RECTO,PLANA ,ASFALTADA,,,,,IMPRUDENCIA DEL CONDUCTOR,NO ESTABLECER EL DERECHO DE PASO
A-2022-11-10,19/11/2022,20:15,ATROPELLO,1,0,1,ICA,PISCO,TUPAC AMARU INCA,URBANA,CARRETERA,NACIONAL,PE-1S,NO,-13.7158656075307,-76.1540754457159,DESPEJADO,COMERCIAL,TRAMO RECTO,PLANA ,ASFALTADA,,,,,NO IDENTIFICA LA CAUSA,
A-2022-11-91,19/11/2022,21:30,DESPISTE,2,1,,APURIMAC,ABANCAY,CURAHUASI,RURAL,CARRETERA,DEPARTAMENTAL,AP-112,,-13.6417329758794,-72.5997973892105,,,,,,,,,,,
A-2022-11-11,19/11/2022,21:45,CHOQUE,1,7,2,ICA,PISCO,PARACAS,RURAL,CARRETERA,NACIONAL,PE-1S,NO,-13.7888022753909,-76.163699184697,DESPEJADO,INDUSTRIAL,TRAMO RECTO,PLANA ,ASFALTADA,,,,,NO IDENTIFICA LA CAUSA,
A-2022-11-87,19/11/2022,21:50,CHOQUE,1,0,2,LA LIBERTAD,TRUJILLO,VICTOR LARCO HERRERA,URBANA,CARRETERA,NACIONAL,PE-1N,NO,-8.15231603458621,-79.0352888893091,DESPEJADO,RURAL,TRAMO RECTO,PLANA ,ASFALTADA,,,,,IMPRUDENCIA DEL CONDUCTOR,ADELANTAR INDEBIDAMENTE
A-2023-11-101,19/11/2023,02:00,DESPISTE,2,0,1,AREQUIPA,AREQUIPA,LA JOYA,RURAL,CARRETERA,SIN CLASIFICAR,SIN CLASIFICAR,NO,-16.489694,-71.854093,DESPEJADO,RURAL,TRAMO RECTO,PLANA ,TROCHA,,,,,NO IDENTIFICA LA CAUSA,
A-2023-11-126,19/11/2023,05:30,ATROPELLO FUGA,1,0,,LIMA,LIMA,SAN JUAN DE MIRAFLORES,URBANA,CARRETERA,NACIONAL,PE-1S,NO,-12.179902,-76.976303,DESPEJADO,COMERCIAL,TRAMO RECTO,PLANA ,ASFALTADA,NO,,,SI,,
A-2023-11-34,19/11/2023,09:30,CHOQUE CON OBJETO FIJO,1,0,1,CUSCO,URUBAMBA,URUBAMBA,RURAL,CARRETERA,SIN CLASIFICAR,SIN CLASIFICAR,NO,-13.269785,-72.103578,DESPEJADO,RURAL,SINUOSA,INCLINADA,TROCHA,,,,,IMPRUDENCIA DEL CONDUCTOR,EXCESO DE VELOCIDAD
A-2023-11-36,19/11/2023,11:20,CHOQUE,1,0,2,PUNO,EL COLLAO,SANTA ROSA,RURAL,CARRETERA,NACIONAL,PE-38,NO,-16.8055466373001,-69.7288184366738,DESPEJADO,RURAL,TRAMO RECTO,PLANA ,ASFALTADA,,,,,IMPRUDENCIA DEL CONDUCTOR,INVASIÓN DE CARRIL
A-2023-11-127,19/11/2023,14:15,ATROPELLO,1,0,,LIMA,LIMA,ANCON,URBANA,CARRETERA,NACIONAL,PE-1N,NO,-11.73451895,-77.13611622,DESPEJADO,RESIDENCIAL,CURVA,INCLINADA,ASFALTADA,,,,,,
A-2021-12-92,19/12/2021,01:00,CHOQUE,1,1,2,LIMA,HUAURA,HUAURA,RURAL,CARRETERA,NACIONAL,PE-1NE,NO,-11.0746766937058,-77.507718768538,DESPEJADO,RURAL,TRAMO RECTO,PLANA ,ASFALTADA,SI,REGULADORA (R),REGULADORA (R),NO,IMPRUDENCIA DEL CONDUCTOR,EXCESO DE VELOCIDAD
A-2021-12-210,19/12/2021,02:45,CHOQUE,1,0,1,LIMA,LIMA,COMAS,URBANA,CARRETERA,NACIONAL,PE-1N,NO,-11.93071,-77.07231,DESPEJADO,RESIDENCIAL,INTERSECCIÓN,PLANA ,ASFALTADA,,,,,NO IDENTIFICA LA CAUSA,
A-2021-12-225,19/12/2021,03:15,DESPISTE,1,0,,LORETO,MAYNAS,BELEN,URBANA,AVENIDA,URBANO,NO CORRESPONDE,,-3.77106099487018,-73.2637962071064,,,,,,,,,,,
A-2021-12-212,19/12/2021,05:30,ATROPELLO,1,0,0,LIMA,LIMA,VILLA EL SALVADOR,URBANA,AVENIDA,URBANO,NO CORRESPONDE,NO,-12.21592,-76.935139,DESPEJADO,RESIDENCIAL,INTERSECCIÓN,PLANA ,ASFALTADA,,,,,NO IDENTIFICA LA CAUSA,
A-2021-12-278,19/12/2021,05:45,CHOQUE,1,0,2,AREQUIPA,CARAVELI,CHAPARRA,RURAL,CARRETERA,NACIONAL,PE-1S,NO,-15.9245561664538,-74.1129379923725,DESPEJADO,RURAL,TRAMO RECTO,PLANA ,AFIRMADO,,,,,NO IDENTIFICA LA CAUSA,
A-2021-12-121,19/12/2021,12:00,DESPISTE,1,0,1,CUSCO,URUBAMBA,HUAYLLABAMBA,RURAL,CARRETERA,VECINAL,CU-1118,NO,-13.3377056151406,-72.0572302770058,NUBLADO,RURAL,TRAMO RECTO,PLANA ,AFIRMADO,,,,,IMPRUDENCIA DEL CONDUCTOR,EXCESO DE VELOCIDAD
A-2021-12-52,19/12/2021,12:00,CHOQUE,1,0,2,ANCASH,YUNGAY,MANCOS,RURAL,CARRETERA,NACIONAL,PE-3N,NO,-9.20492322823164,-77.6955183049935,SOLEADO,RURAL,CURVA,INCLINADA,ASFALTADA,SI,PREVENTIVA (P),PREVENTIVA (P),SI,IMPRUDENCIA DEL CONDUCTOR,INVASIÓN DE CARRIL
A-2021-12-67,19/12/2021,12:00,DESPISTE,1,0,,LORETO,MAYNAS,IQUITOS,URBANA,CALLE,URBANO,NO CORRESPONDE,,-3.73564178128156,-73.2426041392523,,,,,,,,,,,
A-2021-12-280,19/12/2021,13:00,CHOQUE,2,0,2,AREQUIPA,CAMANA,QUILCA,RURAL,CARRETERA,NACIONAL,PE-1SD,NO,-16.6951689884038,-72.4578042924813,DESPEJADO,RURAL,TRAMO RECTO,PLANA ,ASFALTADA,,,,,NO IDENTIFICA LA CAUSA,
A-2021-12-236,19/12/2021,15:30,CHOQUE,4,0,2,SAN MARTIN,SAN MARTIN,JUAN GUERRA,RURAL,CARRETERA,NACIONAL,PE-5N,NO,-6.57864,-76.32731,DESPEJADO,RURAL,TRAMO RECTO,PLANA ,ASFALTADA,SI,REGULADORA (R),,SI,IMPRUDENCIA DEL CONDUCTOR,CONDUCIR EN ESTADO DE EBRIEDAD Y/O DROGADICCIÓN
A-2021-12-149,19/12/2021,18:30,CHOQUE FUGA,1,0,2,PUNO,SAN ROMAN,SAN MIGUEL,URBANA,CARRETERA,NACIONAL,PE-34H,NO,-15.468342,-70.109546,NUBLADO,COMERCIAL,INTERSECCIÓN,PLANA ,ASFALTADA,,,,,IMPRUDENCIA DEL CONDUCTOR,GIRAR IMPRUDENTEMENTE
A-2021-12-105,19/12/2021,21:20,CHOQUE,1,0,2,LA LIBERTAD,SANCHEZ CARRION,HUAMACHUCO,RURAL,CARRETERA,NACIONAL,PE-3N,NO,-7.82307813305908,-78.0559194320688,DESPEJADO,RURAL,TRAMO RECTO,PLANA ,ASFALTADA,,,,,IMPRUDENCIA DEL CONDUCTOR,CONDUCIR EN ESTADO DE EBRIEDAD Y/O DROGADICCIÓN
A-2021-12-74,19/12/2021,22:35,DESPISTE,1,0,1,AREQUIPA,AREQUIPA,SOCABAYA,URBANA,AVENIDA,URBANO,NO CORRESPONDE,NO,-16.46019,-71.547048,DESPEJADO,COMERCIAL,TRAMO RECTO,INCLINADA,ASFALTADA,NO,,,SI,NO IDENTIFICA LA CAUSA,
A-2022-12-156,19/12/2022,02:00,DESPISTE,1,1,,LIMA,LIMA,PUENTE PIEDRA,URBANA,CARRETERA,NACIONAL,PE-1N,NO,-11.8627248,-77.0772256,DESPEJADO,COMERCIAL,TRAMO RECTO,PLANA ,ASFALTADA,,,,,NO IDENTIFICA LA CAUSA,
A-2022-12-79,19/12/2022,02:20,CHOQUE,1,2,2,TUMBES,ZARUMILLA,MATAPALO,RURAL,CARRETERA,DEPARTAMENTAL,TU-101,NO,-3.62767984337105,-80.1971590481813,DESPEJADO,RURAL,TRAMO RECTO,PLANA ,ASFALTADA,SI,PREVENTIVA (P),PREVENTIVA (P),NO,IMPRUDENCIA DEL CONDUCTOR,INVASIÓN DE CARRIL