CODIGO_SINIESTRO,FECHA_SINIESTRO,HORA_SINIESTRO,CLASE_SINIESTRO,CANTIDAD_DE_FALLECIDOS,CANTIDAD_DE_LESIONADOS,CANTIDAD_DE_VEHICULOS_DANADOS,DEPARTAMENTO,PROVINCIA,DISTRITO,ZONA,TIPO_DE_VIA,RED_VIAL,COD_CARRETERA,EXISTE_CICLOVIA,COORDENADAS_LATITUD,COORDENADAS_LONGITUD,CONDICION_CLIMATICA,ZONIFICACION,CARACTERISTICAS_DE_VIA,PERFIL_LONGITUDINAL_VIA,SUPERFICIE_DE_CALZADA,EXISTE_SENAL_VERTICAL,CLASIFICACION_DE_LA_SENAL_VERTICAL_N_1,CLASIFICACION_DE_LA_SENAL_VERTICAL_N_2,EXISTE_SENAL_HORIZONTAL,CAUSA_FACTOR_PRINCIPAL,CAUSA_ESPECIFICA
A-2021-11-150,21/11/2021,14:20,CHOQUE,2,2,,PIURA,PIURA,CATACAOS,RURAL,CARRETERA,SIN CLASIFICAR,SIN CLASIFICAR,NO,-5.283704,-80.6313,DESPEJADO,RURAL,INTERSECCIÓN,PLANA ,AFIRMADO,,,,,NO IDENTIFICA LA CAUSA,
A-2021-11-201,21/11/2021,15:50,CHOQUE FUGA,1,0,1,LAMBAYEQUE,CHICLAYO,CHONGOYAPE,RURAL,CARRETERA,NACIONAL,PE-06A,NO,-6.67677,-79.44425,DESPEJADO,RURAL,CURVA,INCLINADA,ASFALTADA,SI,PREVENTIVA (P),INFORMATIVA (I),NO,NO IDENTIFICA LA CAUSA,
A-2021-11-49,21/11/2021,18:00,CAÍDA DE PASAJERO,1,0,,APURIMAC,ANDAHUAYLAS,SANTA MARIA DE CHICMO,RURAL,CARRETERA,NACIONAL,PE-3S,NO,-13.653259,-73.512845,DESPEJADO,RURAL,CURVA,PLANA ,ASFALTADA,NO,,,SI,IMPRUDENCIA DEL PASAJERO/OCUPANTE,OTRO (IMPRUDENCIA DEL PASAJERO/OCUPANTE)
A-2021-11-40,21/11/2021,21:00,VOLCADURA,1,0,1,ICA,ICA,ICA,URBANA,CARRETERA,NACIONAL,PE-1S,NO,-14.0500547417092,-75.7476886612475,DESPEJADO,ESCOLAR,TRAMO RECTO,PLANA ,ASFALTADA,,,,,NO IDENTIFICA LA CAUSA,
A-2021-11-180,21/11/2021,22:45,ATROPELLO,1,0,0,LIMA,LIMA,COMAS,URBANA,CARRETERA,NACIONAL,PE-1N,NO,-11.9485935901592,-77.0704060570202,DESPEJADO,RESIDENCIAL,TRAMO RECTO,PLANA ,ASFALTADA,,,,,NO IDENTIFICA LA CAUSA,
A-2021-11-100,21/11/2021,23:45,DESPISTE,1,0,1,CUSCO,CANCHIS,SAN PABLO,RURAL,CARRETERA,NACIONAL,PE-3S,NO,-14.2085232963113,-71.303076081033,DESPEJADO,RURAL,TRAMO RECTO,PLANA ,ASFALTADA,,,,,IMPRUDENCIA DEL CONDUCTOR,EXCESO DE VELOCIDAD
A-2022-11-149,21/11/2022,04:00,DESPISTE,1,0,,LIMA,LIMA,EL AGUSTINO,URBANA,AVENIDA,URBANO,NO CORRESPONDE,NO,-12.0354371905524,-76.9994991342398,DESPEJADO,RESIDENCIAL,TRAMO RECTO,PLANA ,ASFALTADA,,,,,NO IDENTIFICA LA CAUSA,
A-2022-11-129,21/11/2022,04:09,CHOQUE CON OBJETO FIJO,1,0,1,CAJAMARCA,CAJABAMBA,CONDEBAMBA,RURAL,CARRETERA,NACIONAL,PE-3N,NO,-7.534292,-78.150196,DESPEJADO,RURAL,CURVA,INCLINADA,ASFALTADA,SI,PREVENTIVA (P),REGULADORA (R),SI,NO IDENTIFICA LA CAUSA,
A-2022-11-182,21/11/2022,05:20,CHOQUE,1,0,1,PIURA,PIURA,PIURA,URBANA,AVENIDA,URBANO,NO CORRESPONDE,NO,-5.2035849640853,-80.6281659176734,DESPEJADO,ESCOLAR,CURVA,PLANA ,ASFALTADA,,,,,IMPRUDENCIA DEL CONDUCTOR,EXCESO DE VELOCIDAD
A-2022-11-190,21/11/2022,05:20,CHOQUE,1,2,2,AMAZONAS,BAGUA,BAGUA,RURAL,CARRETERA,NACIONAL,PE-5NC,NO,-5.5953948746651,-78.5522675514221,DESPEJADO,RURAL,TRAMO RECTO,PLANA ,ASFALTADA,SI,PREVENTIVA (P),,SI,EN PROCESO DE INVESTIGACIÓN,NO CUENTA CON CAUSA ESPECIFICA
A-2022-11-25,21/11/2022,19:00,DESPISTE,1,0,1,AREQUIPA,AREQUIPA,SANTA RITA DE SIGUAS,URBANA,CARRETERA,VECINAL,AR-728,NO,-16.484106,-72.109608,DESPEJADO,COMERCIAL,TRAMO RECTO,PLANA ,CONCRETO,,,,,NO IDENTIFICA LA CAUSA,
A-2022-11-98,21/11/2022,21:20,ATROPELLO FUGA,1,0,1,TUMBES,TUMBES,CORRALES,RURAL,CARRETERA,NACIONAL,PE-1N,NO,-3.6132676510504,-80.5126616962128,DESPEJADO,RURAL,TRAMO RECTO,PLANA ,ASFALTADA,,,,,IMPRUDENCIA DEL CONDUCTOR,NO DAR PASO PREFERENTE AL PEATÓN
A-2023-11-85,21/11/2023,01:43,ATROPELLO FUGA,1,0,,JUNIN,YAULI,SANTA ROSA DE SACCO,URBANA,CARRETERA,NACIONAL,PE-22,NO,-11.5494319,-75.94024,DESPEJADO,RESIDENCIAL,INTERSECCIÓN,PLANA ,ASFALTADA,SI,PREVENTIVA (P),,SI,,
A-2023-11-129,21/11/2023,03:10,ATROPELLO,1,0,,LIMA,LIMA,SAN MARTIN DE PORRES,URBANA,CARRETERA,NACIONAL,PE-1N,NO,-12.024616,-77.05868041,DESPEJADO,COMERCIAL,TRAMO RECTO,INCLINADA,ASFALTADA,,,,,,
A-2023-11-103,21/11/2023,20:30,CHOQUE,1,0,,PIURA,MORROPON,SALITRAL,RURAL,CARRETERA,NACIONAL,PE-02A,NO,-5.434296,-79.77158,DESPEJADO,RURAL,TRAMO RECTO,PLANA ,ASFALTADA,,,,,,
A-2023-11-74,21/11/2023,21:00,ATROPELLO,1,0,1,PUNO,HUANCANE,ROSASPATA,RURAL,CARRETERA,SIN CLASIFICAR,SIN CLASIFICAR,NO,-15.220533,-69.550224,DESPEJADO,RURAL,TRAMO RECTO,PLANA ,ASFALTADA,,,,,IMPRUDENCIA DEL CONDUCTOR,EXCESO DE VELOCIDAD
A-2021-12-134,21/12/2021,05:30,DESPISTE,3,0,1,CUSCO,URUBAMBA,OLLANTAYTAMBO,RURAL,CARRETERA,SIN CLASIFICAR,SIN CLASIFICAR,NO,-13.2635,-72.269977,DESPEJADO,RURAL,TRAMO RECTO,PLANA ,ASFALTADA,,,,,IMPRUDENCIA DEL CONDUCTOR,EXCESO DE VELOCIDAD
A-2021-12-93,21/12/2021,06:00,ATROPELLO FUGA,1,0,,LIMA,HUAURA,HUACHO,RURAL,CARRETERA,NACIONAL,PE-1N,NO,-11.412563,-77.374989,DESPEJADO,RURAL,TRAMO RECTO,INCLINADA,ASFALTADA,SI,INFORMATIVA (I),INFORMATIVA (I),NO,NO IDENTIFICA LA CAUSA,
A-2021-12-222,21/12/2021,08:05,DESPISTE,1,0,1,LAMBAYEQUE,CHICLAYO,PIMENTEL,URBANA,CARRETERA,NACIONAL,PE-1N,NO,-6.738122,-79.880227,DESPEJADO,COMERCIAL,TRAMO RECTO,PLANA ,ASFALTADA,,,,,NO IDENTIFICA LA CAUSA,
A-2021-12-94,21/12/2021,09:40,ATROPELLO,1,1,1,LIMA,HUARAL,CHANCAY,URBANA,CARRETERA,NACIONAL,PE-1N,NO,-11.5945104660665,-77.2560144649652,SOLEADO,RESIDENCIAL,TRAMO RECTO,INCLINADA,ASFALTADA,,,,,IMPRUDENCIA DEL CONDUCTOR,EXCESO DE VELOCIDAD
A-2021-12-163,21/12/2021,13:30,CHOQUE,1,0,2,PUNO,SAN ROMAN,SAN MIGUEL,RURAL,CARRETERA,NACIONAL,PE-3S,NO,-15.3696859,-70.1682585,DESPEJADO,RURAL,TRAMO RECTO,PLANA ,ASFALTADA,,,,,IMPRUDENCIA DEL CONDUCTOR,CONDUCIR EN SENTIDO CONTRARIO
A-2021-12-235,21/12/2021,16:00,CHOQUE,1,3,2,SAN MARTIN,SAN MARTIN,LA BANDA DE SHILCAYO,RURAL,CARRETERA,NACIONAL,PE-5NB,NO,-6.50662008002051,-76.3455071890182,DESPEJADO,RURAL,TRAMO RECTO,PLANA ,ASFALTADA,NO,,,SI,IMPRUDENCIA DEL CONDUCTOR,EXCESO DE VELOCIDAD
A-2021-12-182,21/12/2021,16:30,CHOQUE,1,0,2,LAMBAYEQUE,LAMBAYEQUE,LAMBAYEQUE,URBANA,CARRETERA,NACIONAL,PE-1N,NO,-6.705867,-79.902938,DESPEJADO,RESIDENCIAL,INTERSECCIÓN,PLANA ,ASFALTADA,,,,,NO IDENTIFICA LA CAUSA,
A-2021-12-133,21/12/2021,19:30,ATROPELLO,1,0,1,CUSCO,CANCHIS,SAN PEDRO,RURAL,CARRETERA,NACIONAL,PE-3S,NO,-14.1824700224374,-71.3673805396061,DESPEJADO,RURAL,TRAMO RECTO,PLANA ,ASFALTADA,,,,,IMPRUDENCIA DEL PEATÓN,CRUCE INDEBIDO POR LA CALZADA
A-2021-12-130,21/12/2021,21:41,DESPISTE,1,1,1,PIURA,PIURA,CASTILLA,RURAL,CARRETERA,NACIONAL,PE-1NJ,NO,-5.161759,-80.511191,DESPEJADO,RURAL,TRAMO RECTO,PLANA ,ASFALTADA,,,,,NO IDENTIFICA LA CAUSA,
A-2021-12-107,21/12/2021,22:40,CHOQUE,2,0,2,LA LIBERTAD,TRUJILLO,HUANCHACO,RURAL,CARRETERA,NACIONAL,PE-1N,NO,-8.095328,-79.098546,DESPEJADO,RESIDENCIAL,TRAMO RECTO,PLANA ,ASFALTADA,,,,,IMPRUDENCIA DEL CONDUCTOR,FATIGA Y/O CANSANCIO
A-2022-12-29,21/12/2022,05:30,CHOQUE,1,0,2,PUNO,PUNO,CHUCUITO,RURAL,CARRETERA,NACIONAL,PE-3S,NO,-15.9001340966834,-69.8888290248867,DESPEJADO,RURAL,TRAMO RECTO,PLANA ,ASFALTADA,,,,,INFRAESTRUCTURA Y ENTORNO VIAL,OTRO (INFRAESTRUCTURA Y ENTORNO VIAL)
A-2022-12-163,21/12/2022,07:30,ATROPELLO,1,0,,LIMA,LIMA,JESUS MARIA,URBANA,AVENIDA,URBANO,NO CORRESPONDE,SI,-12.0894287546733,-77.0585459563988,DESPEJADO,COMERCIAL,TRAMO RECTO,PLANA ,ASFALTADA,SI,REGULADORA (R),,NO,NO IDENTIFICA LA CAUSA,
A-2022-12-192,21/12/2022,08:00,ATROPELLO,1,0,,JUNIN,HUANCAYO,PILCOMAYO,URBANA,CARRETERA,NACIONAL,PE-3SB,NO,-12.044905,-75.252199,DESPEJADO,RURAL,TRAMO RECTO,PLANA ,ASFALTADA,NO,,,SI,IMPRUDENCIA DEL PEATÓN,OTRO (IMPRUDENCIA DEL PEATÓN)
A-2022-12-32,21/12/2022,11:00,CAÍDA DE PASAJERO,1,0,0,AREQUIPA,AREQUIPA,AREQUIPA,URBANA,AVENIDA,URBANO,NO CORRESPONDE,NO,-16.405651,-71.540207,SOLEADO,ESCOLAR,TRAMO RECTO,INCLINADA,ASFALTADA,NO,,,SI,NO IDENTIFICA LA CAUSA,
A-2022-12-121,21/12/2022,16:00,DESPISTE,1,0,,CAJAMARCA,CUTERVO,CUTERVO,RURAL,CARRETERA,NACIONAL,PE-3N,SI,-6.29315262885474,-78.983828722132,DESPEJADO,RURAL,CURVA,INCLINADA,AFIRMADO,,,,,IMPRUDENCIA DEL CONDUCTOR,EXCESO DE VELOCIDAD
A-2022-12-212,21/12/2022,17:40,CHOQUE,1,2,2,JUNIN,SATIPO,MAZAMARI,RURAL,CARRETERA,NACIONAL,PE-5S,NO,-11.322435142214,-74.5365980610926,DESPEJADO,RURAL,TRAMO RECTO,PLANA ,ASFALTADA,,,,,IMPRUDENCIA DEL CONDUCTOR,EXCESO DE PASAJEROS O CARGA
A-2022-12-203,21/12/2022,18:30,DESPISTE,1,0,,MADRE DE DIOS,TAMBOPATA,LAS PIEDRAS,RURAL,CARRETERA,NACIONAL,PE-30C,NO,-12.359385,-69.153991,DESPEJADO,RURAL,TRAMO RECTO,PLANA ,ASFALTADA,,,,,,
A-2022-12-164,21/12/2022,19:40,ATROPELLO FUGA,1,0,,LIMA,LIMA,PUENTE PIEDRA,URBANA,CARRETERA,NACIONAL,PE-20,NO,-11.835598,-77.111331,DESPEJADO,ESCOLAR,CURVA,PLANA ,ASFALTADA,,,,,NO IDENTIFICA LA CAUSA,
A-2022-12-181,21/12/2022,21:30,CHOQUE,1,2,2,LIMA,HUAURA,HUAURA,RURAL,CARRETERA,NACIONAL,PE-1NE,NO,-11.06219,-77.55213,DESPEJADO,RURAL,TRAMO RECTO,PLANA ,ASFALTADA,SI,REGULADORA (R),,NO,IMPRUDENCIA DEL CONDUCTOR,CONDUCIR EN ESTADO DE EBRIEDAD Y/O DROGADICCIÓN
A-2022-12-165,21/12/2022,22:30,CHOQUE,1,0,,LIMA,LIMA,LURIN,URBANA,CARRETERA,NACIONAL,PE-1S,NO,-12.249877,-76.931362,DESPEJADO,COMERCIAL,TRAMO RECTO,PLANA ,ASFALTADA,,,,,NO IDENTIFICA LA CAUSA,
A-2022-12-72,21/12/2022,23:30,ATROPELLO,1,0,1,LA LIBERTAD,TRUJILLO,LA ESPERANZA,URBANA,AVENIDA,URBANO,NO CORRESPONDE,NO,-8.0735967,-79.0487591,DESPEJADO,COMERCIAL,TRAMO RECTO,PLANA ,ASFALTADA,,,,,IMPRUDENCIA DEL PEATÓN,CRUCE INDEBIDO POR LA CALZADA
A-2023-12-15,21/12/2023,13:50,DESPISTE,1,1,1,HUANCAVELICA,HUANCAVELICA,HUANCAVELICA,RURAL,CARRETERA,NACIONAL,PE-26,NO,-12.8317343690664,-75.0839083862353,LLUVIOSO,RURAL,TRAMO RECTO,PLANA ,ASFALTADA,,,,,NO IDENTIFICA LA CAUSA,
A-2023-12-31,21/12/2023,14:47,ATROPELLO,1,1,1,CUSCO,CUSCO,SANTIAGO,URBANA,CARRETERA,DEPARTAMENTAL,CU-117,NO,-13.5503869413635,-71.9866286593494,SOLEADO,RURAL,TRAMO RECTO,INCLINADA,AFIRMADO,,,,,EN PROCESO DE INVESTIGACIÓN,NO CUENTA CON CAUSA ESPECIFICA
A-2021-01-246,22/01/2021,16:00,CHOQUE,1,2,2,HUANCAVELICA,CHURCAMPA,PAUCARBAMBA,RURAL,CARRETERA,DEPARTAMENTAL,HV-103,NO,-12.551354,-74.5466811,SOLEADO,RURAL,CURVA,INCLINADA,AFIRMADO,,,,,,
A-2021-01-170,22/01/2021,21:00,CHOQUE,1,0,2,AREQUIPA,AREQUIPA,CERRO COLORADO,URBANA,CARRETERA,NACIONAL,PE-34A,NO,-16.3180079,-71.6027605,DESPEJADO,COMERCIAL,TRAMO RECTO,PLANA ,ASFALTADA,SI,PREVENTIVA (P),,SI,IMPRUDENCIA DEL CONDUCTOR,OTRO (IMPRUDENCIA DEL CONDUCTOR)
A-2022-01-207,22/01/2022,02:30,DESPISTE,2,0,1,CAJAMARCA,CONTUMAZA,CONTUMAZA,RURAL,CARRETERA,NACIONAL,PE-1NF,NO,-7.33690021,-78.79378894,DESPEJADO,RURAL,CURVA,INCLINADA,ASFALTADA,,,,,NO IDENTIFICA LA CAUSA,
A-2022-01-104,22/01/2022,06:00,ATROPELLO,1,0,,CALLAO,CALLAO,CALLAO,URBANA,CARRETERA,NACIONAL,PE-20,NO,-12.046638238382,-77.1320985239765,DESPEJADO,RESIDENCIAL,TRAMO RECTO,PLANA ,ASFALTADA,SI,REGULADORA (R),INFORMATIVA (I),NO,IMPRUDENCIA DEL PEATÓN,ESTADO DE EBRIEDAD Y/O DROGADICCIÓN
A-2022-01-173,22/01/2022,06:00,ATROPELLO FUGA,1,0,1,PIURA,PIURA,PIURA,URBANA,JIRÓN,URBANO,NO CORRESPONDE,NO,-5.187519,-80.638189,DESPEJADO,COMERCIAL,TRAMO RECTO,PLANA ,ASFALTADA,,,,,NO IDENTIFICA LA CAUSA,
A-2022-01-163,22/01/2022,08:30,CHOQUE,1,0,1,AREQUIPA,AREQUIPA,YARABAMBA,URBANA,AVENIDA,URBANO,NO CORRESPONDE,NO,-16.551395,-71.469449,SOLEADO,RESIDENCIAL,TRAMO RECTO,PLANA ,ASFALTADA,NO,,,SI,NO IDENTIFICA LA CAUSA,
A-2022-01-337,22/01/2022,10:10,DESPISTE,1,0,1,ICA,CHINCHA,CHINCHA BAJA,RURAL,CARRETERA,NACIONAL,PE-1SE,NO,-13.529696,-76.183139,DESPEJADO,RURAL,TRAMO RECTO,PLANA ,ASFALTADA,,,,,IMPRUDENCIA DEL CONDUCTOR,EXCESO DE VELOCIDAD
A-2022-01-276,22/01/2022,12:00,DESPISTE,1,4,,AYACUCHO,CANGALLO,PARAS,RURAL,CARRETERA,NACIONAL,PE-28A,NO,-13.35997831,-74.85572079,DESPEJADO,RURAL,CURVA,PLANA ,ASFALTADA,,,,,INFRAESTRUCTURA Y ENTORNO VIAL,FACTOR AMBIENTAL
A-2022-01-174,22/01/2022,13:00,CHOQUE,1,1,2,PIURA,MORROPON,MORROPON,RURAL,CARRETERA,VECINAL,PI-796,NO,-5.13744918641804,-80.0435758607266,DESPEJADO,RURAL,TRAMO RECTO,PLANA ,ASFALTADA,,,,,NO IDENTIFICA LA CAUSA,
A-2022-01-285,22/01/2022,15:00,ATROPELLO,1,0,1,AREQUIPA,CAMANA,OCOÑA,RURAL,CARRETERA,VECINAL,AR-535,NO,-16.3793166173065,-73.1253182493341,DESPEJADO,RURAL,TRAMO RECTO,PLANA ,TROCHA,,,,,NO IDENTIFICA LA CAUSA,
A-2022-01-303,22/01/2022,15:30,DESPISTE,1,4,1,JUNIN,YAULI,LA OROYA,RURAL,CARRETERA,NACIONAL,PE-22,NO,-11.605365,-75.971077,DESPEJADO,RURAL,CURVA,PLANA ,ASFALTADA,,,,,IMPRUDENCIA DEL CONDUCTOR,ADELANTAR INDEBIDAMENTE
A-2022-01-284,22/01/2022,19:40,CHOQUE,4,3,2,AREQUIPA,CAMANA,OCOÑA,RURAL,CARRETERA,NACIONAL,PE-1S,NO,-16.488079842031,-73.0211885958519,DESPEJADO,RURAL,CURVA,INCLINADA,ASFALTADA,,,,,NO IDENTIFICA LA CAUSA,
A-2022-01-164,22/01/2022,20:00,CHOQUE,3,5,2,AREQUIPA,AREQUIPA,SAN JUAN DE TARUCANI,RURAL,CARRETERA,NACIONAL,PE-34A,NO,-16.058517,-71.355349,DESPEJADO,RURAL,TRAMO RECTO,INCLINADA,ASFALTADA,NO,,,SI,NO IDENTIFICA LA CAUSA,
A-2022-01-299,22/01/2022,20:00,CHOQUE,1,0,2,JUNIN,CONCEPCION,ORCOTUNA,RURAL,CARRETERA,NACIONAL,PE-3SB,NO,-11.9744062,-75.3007962,DESPEJADO,RURAL,TRAMO RECTO,PLANA ,ASFALTADA,,,,,IMPRUDENCIA DEL CONDUCTOR,CONDUCIR EN ESTADO DE EBRIEDAD Y/O DROGADICCIÓN
A-2022-01-266,22/01/2022,22:50,ATROPELLO,1,0,0,LIMA,LIMA,SANTIAGO DE SURCO,URBANA,CARRETERA,NACIONAL,PE-1S,NO,-12.1533473467901,-76.9839530900171,DESPEJADO,RESIDENCIAL,TRAMO RECTO,PLANA ,ASFALTADA,,,,,NO IDENTIFICA LA CAUSA,
A-2022-01-304,22/01/2022,23:00,CHOQUE,1,2,2,LIMA,HUARAL,HUARAL,RURAL,CARRETERA,SIN CLASIFICAR,SIN CLASIFICAR,NO,-11.46979,-77.23711,DESPEJADO,RURAL,TRAMO RECTO,PLANA ,TROCHA,,,,,NO IDENTIFICA LA CAUSA,
A-2023-01-39,22/01/2023,04:00,CHOQUE FUGA,1,3,2,AMAZONAS,UTCUBAMBA,BAGUA GRANDE,RURAL,CARRETERA,NACIONAL,PE-5N,NO,-5.745,-78.453929,DESPEJADO,RURAL,TRAMO RECTO,PLANA ,ASFALTADA,,,,,NO IDENTIFICA LA CAUSA,
A-2023-01-149,22/01/2023,06:00,ATROPELLO,1,0,,LIMA,LIMA,ANCON,URBANA,CARRETERA,NACIONAL,PE-1N,NO,-11.75082036,-77.14656204,DESPEJADO,RURAL,TRAMO RECTO,PLANA ,ASFALTADA,NO,,,SI,IMPRUDENCIA DEL CONDUCTOR,EXCESO DE VELOCIDAD
A-2023-01-96,22/01/2023,16:35,DESPISTE,1,1,1,LAMBAYEQUE,LAMBAYEQUE,LAMBAYEQUE,RURAL,CARRETERA,NACIONAL,PE-1NJ,NO,-6.5943648,-79.8784604,DESPEJADO,RURAL,TRAMO RECTO,PLANA ,ASFALTADA,,,,,NO IDENTIFICA LA CAUSA,
A-2023-01-64,22/01/2023,18:35,ATROPELLO,1,0,1,ICA,NASCA,NASCA,RURAL,CARRETERA,NACIONAL,PE-1S,NO,-14.927497,-74.987946,DESPEJADO,RURAL,TRAMO RECTO,PLANA ,ASFALTADA,,,,,NO IDENTIFICA LA CAUSA,
A-2023-01-31,22/01/2023,20:45,CHOQUE,1,0,2,AREQUIPA,AREQUIPA,UCHUMAYO,RURAL,CARRETERA,NACIONAL,PE-34A,NO,-16.4599736,-71.6905902,DESPEJADO,RURAL,CURVA,PLANA ,ASFALTADA,NO,,,SI,NO IDENTIFICA LA CAUSA,
A-2023-01-97,22/01/2023,20:55,ATROPELLO,1,0,1,LAMBAYEQUE,CHICLAYO,CAYALTI,RURAL,CARRETERA,NACIONAL,PE-1NI,NO,-6.901633,-79.5490827,DESPEJADO,RURAL,TRAMO RECTO,PLANA ,ASFALTADA,,,,,NO IDENTIFICA LA CAUSA,
A-2023-01-68,22/01/2023,21:30,VOLCADURA,1,0,1,CUSCO,CALCA,CALCA,RURAL,CARRETERA,NACIONAL,PE-28B,NO,-13.3173038089518,-72.0343945726361,DESPEJADO,RURAL,CURVA,PLANA ,ASFALTADA,,,,,IMPRUDENCIA DEL CONDUCTOR,EXCESO DE VELOCIDAD
A-2023-01-123,22/01/2023,22:30,CHOQUE,1,3,2,PIURA,PIURA,LA ARENA,RURAL,CARRETERA,VECINAL,PI-1011,NO,-5.31418,-80.724356,DESPEJADO,RURAL,TRAMO RECTO,PLANA ,ASFALTADA,,,,,IMPRUDENCIA DEL CONDUCTOR,CONDUCIR EN ESTADO DE EBRIEDAD Y/O DROGADICCIÓN
A-2023-01-151,22/01/2023,22:30,ATROPELLO,1,0,,LIMA,LIMA,COMAS,URBANA,AVENIDA,URBANO,NO CORRESPONDE,NO,-11.9105404,-77.04529613,DESPEJADO,COMERCIAL,TRAMO RECTO,PLANA ,ASFALTADA,,,,,IMPRUDENCIA DEL CONDUCTOR,OTRO (IMPRUDENCIA DEL CONDUCTOR)
A-2021-02-282,22/02/2021,06:00,ATROPELLO FUGA,1,0,0,ANCASH,SANTA,NUEVO CHIMBOTE,URBANA,CARRETERA,NACIONAL,PE-1N,NO,-9.15415057421513,-78.5033161076857,DESPEJADO,RESIDENCIAL,TRAMO RECTO,PLANA ,ASFALTADA,,,,,NO IDENTIFICA LA CAUSA,
A-2021-02-266,22/02/2021,07:30,VOLCADURA,1,0,0,LIMA,LIMA,INDEPENDENCIA,URBANA,CARRETERA,NACIONAL,PE-1N,NO,-11.9882942264284,-77.0641460799131,DESPEJADO,COMERCIAL,INTERSECCIÓN,PLANA ,ASFALTADA,,,,,IMPRUDENCIA DEL CONDUCTOR,EXCESO DE VELOCIDAD
A-2021-02-179,22/02/2021,07:50,ATROPELLO,1,0,1,PUNO,SAN ROMAN,JULIACA,URBANA,AVENIDA,URBANO,NO CORRESPONDE,NO,-15.492512,-70.116788,DESPEJADO,RESIDENCIAL,TRAMO RECTO,PLANA ,CONCRETO,NO,,,SI,IMPRUDENCIA DEL PEATÓN,CRUCE INDEBIDO POR LA CALZADA
A-2021-02-175,22/02/2021,08:30,ATROPELLO,1,0,1,LAMBAYEQUE,CHICLAYO,LA VICTORIA,URBANA,CARRETERA,NACIONAL,PE-1N,NO,-6.80206377879872,-79.8467667775299,DESPEJADO,RESIDENCIAL,INTERSECCIÓN,PLANA ,ASFALTADA,SI,REGULADORA (R),PREVENTIVA (P),NO,NO IDENTIFICA LA CAUSA,
A-2021-02-202,22/02/2021,14:00,DESPISTE,1,2,1,APURIMAC,GRAU,GAMARRA,RURAL,CARRETERA,VECINAL,AP-906,NO,-13.9020341942383,-72.5330018327668,DESPEJADO,RURAL,CURVA,PLANA ,TROCHA,,,,,IMPRUDENCIA DEL CONDUCTOR,CONDUCIR EN ESTADO DE EBRIEDAD Y/O DROGADICCIÓN
A-2021-02-182,22/02/2021,14:40,DESPISTE,1,0,2,LIMA,HUAURA,HUAURA,URBANA,CARRETERA,NACIONAL,PE-1NE,NO,-11.0629796837427,-77.5774509197476,DESPEJADO,RURAL,TRAMO RECTO,PLANA ,ASFALTADA,,,,,NO IDENTIFICA LA CAUSA,
A-2021-02-129,22/02/2021,16:40,CHOQUE,1,0,2,PIURA,PIURA,VEINTISEIS DE OCTUBRE,URBANA,AVENIDA,URBANO,NO CORRESPONDE,SI,-5.1761019142593,-80.6619739068756,DESPEJADO,ESCOLAR,INTERSECCIÓN,PLANA ,CONCRETO,SI,PREVENTIVA (P),PREVENTIVA (P),SI,,
A-2022-02-121,22/02/2022,03:30,ATROPELLO FUGA,1,0,1,LA LIBERTAD,PACASMAYO,JEQUETEPEQUE,RURAL,CARRETERA,NACIONAL,PE-1N,NO,-7.36421136718746,-79.5277655192322,DESPEJADO,RURAL,TRAMO RECTO,PLANA ,ASFALTADA,,,,,NO IDENTIFICA LA CAUSA,
A-2022-02-213,22/02/2022,07:50,CHOQUE,1,0,2,AREQUIPA,CARAVELI,ATIQUIPA,RURAL,CARRETERA,NACIONAL,PE-1S,NO,-15.8125684648213,-74.3858012321466,DESPEJADO,RURAL,TRAMO RECTO,PLANA ,ASFALTADA,,,,,NO IDENTIFICA LA CAUSA,
A-2022-02-130,22/02/2022,09:45,DESPISTE,1,0,1,LA LIBERTAD,CHEPEN,CHEPEN,RURAL,CARRETERA,NACIONAL,PE-1N,NO,-7.20012376560909,-79.4282535089251,DESPEJADO,RURAL,TRAMO RECTO,PLANA ,ASFALTADA,,,,,NO IDENTIFICA LA CAUSA,
A-2022-02-161,22/02/2022,10:30,CHOQUE,1,1,2,LIMA,HUAURA,HUACHO,RURAL,CARRETERA,NACIONAL,PE-1N,NO,-11.138223067622,-77.5969558478402,DESPEJADO,RURAL,TRAMO RECTO,PLANA ,ASFALTADA,,,,,IMPRUDENCIA DEL CONDUCTOR,EXCESO DE VELOCIDAD
A-2022-02-117,22/02/2022,15:30,DESPISTE,1,1,1,ICA,ICA,SANTIAGO,URBANA,CARRETERA,NACIONAL,PE-1S,NO,-14.2709061,-75.6839471,SOLEADO,RURAL,CURVA,PLANA ,ASFALTADA,,,,,NO IDENTIFICA LA CAUSA,
A-2022-02-292,22/02/2022,16:20,ATROPELLO,1,0,,ANCASH,HUARMEY,HUARMEY,RURAL,CARRETERA,NACIONAL,PE-1N,NO,-10.332245,-78.047975,DESPEJADO,RURAL,TRAMO RECTO,PLANA ,ASFALTADA,,,,,NO IDENTIFICA LA CAUSA,