CODIGO_SINIESTRO,FECHA_SINIESTRO,HORA_SINIESTRO,CLASE_SINIESTRO,CANTIDAD_DE_FALLECIDOS,CANTIDAD_DE_LESIONADOS,CANTIDAD_DE_VEHICULOS_DANADOS,DEPARTAMENTO,PROVINCIA,DISTRITO,ZONA,TIPO_DE_VIA,RED_VIAL,COD_CARRETERA,EXISTE_CICLOVIA,COORDENADAS_LATITUD,COORDENADAS_LONGITUD,CONDICION_CLIMATICA,ZONIFICACION,CARACTERISTICAS_DE_VIA,PERFIL_LONGITUDINAL_VIA,SUPERFICIE_DE_CALZADA,EXISTE_SENAL_VERTICAL,CLASIFICACION_DE_LA_SENAL_VERTICAL_N_1,CLASIFICACION_DE_LA_SENAL_VERTICAL_N_2,EXISTE_SENAL_HORIZONTAL,CAUSA_FACTOR_PRINCIPAL,CAUSA_ESPECIFICA
A-2022-10-19,22/10/2022,19:40,DESPISTE,1,0,1,CUSCO,ESPINAR,ESPINAR,URBANA,CARRETERA,NACIONAL,PE-3SK,NO,-14.8136964494165,-71.3922152394181,DESPEJADO,RURAL,TRAMO RECTO,PLANA ,ASFALTADA,,,,,NEGLIGENCIA DEL CONDUCTOR,OTRO (NEGLIGENCIA DEL CONDUCTOR)
A-2022-10-122,22/10/2022,21:00,ATROPELLO,1,0,1,CALLAO,CALLAO,CALLAO,URBANA,AVENIDA,URBANO,NO CORRESPONDE,NO,-11.9761301,-77.127638817,DESPEJADO,INDUSTRIAL,TRAMO RECTO,PLANA ,ASFALTADA,NO,,,SI,IMPRUDENCIA DEL PEATÓN,ESTADO DE EBRIEDAD Y/O DROGADICCIÓN
A-2022-10-161,22/10/2022,22:30,DESPISTE,1,0,1,LAMBAYEQUE,LAMBAYEQUE,OLMOS,RURAL,CARRETERA,VECINAL,PI-938,NO,-5.857127,-79.651379,DESPEJADO,RURAL,TRAMO RECTO,INCLINADA,CASCAJO/RIPIO,,,,,IMPRUDENCIA DEL CONDUCTOR,EXCESO DE VELOCIDAD
A-2023-10-119,22/10/2023,02:10,DESPISTE,1,0,,LIMA,LIMA,SAN MARTIN DE PORRES,URBANA,AVENIDA,URBANO,NO CORRESPONDE,NO,-11.99458396,-77.10969428,DESPEJADO,RESIDENCIAL,INTERSECCIÓN,PLANA ,ASFALTADA,,,,,NO IDENTIFICA LA CAUSA,
A-2023-10-120,22/10/2023,05:50,DESPISTE,1,0,,LIMA,LIMA,PUNTA NEGRA,RURAL,CARRETERA,NACIONAL,PE-1S,NO,-12.349599,-76.807167,DESPEJADO,RURAL,TRAMO RECTO,PLANA ,ASFALTADA,,,,,NO IDENTIFICA LA CAUSA,
A-2023-10-89,22/10/2023,11:00,CHOQUE CON OBJETO FIJO,1,0,,JUNIN,JAUJA,RICRAN,RURAL,CARRETERA,DEPARTAMENTAL,JU-103,NO,-11.5554476608361,-75.5164735513548,DESPEJADO,RURAL,TRAMO RECTO,PLANA ,TROCHA,,,,,,
A-2023-10-121,22/10/2023,12:40,CHOQUE,2,0,,LIMA,LIMA,CHORRILLOS,URBANA,CARRETERA,NACIONAL,PE-1S,NO,-12.2099753736251,-76.9755383020849,DESPEJADO,INDUSTRIAL,TRAMO RECTO,PLANA ,ASFALTADA,,,,,NO IDENTIFICA LA CAUSA,
A-2023-10-30,22/10/2023,17:40,DESPISTE,1,11,,AREQUIPA,AREQUIPA,CAYMA,URBANA,CALLE,URBANO,NO CORRESPONDE,NO,-16.2952277,-71.5448658,DESPEJADO,COMERCIAL,TRAMO RECTO,INCLINADA,TROCHA,,,,,NO IDENTIFICA LA CAUSA,
A-2023-10-134,22/10/2023,19:00,ATROPELLO,1,0,1,AYACUCHO,HUANTA,HUANTA,URBANA,CARRETERA,VECINAL,AY-619,NO,-12.9384113,-74.2502121999999,DESPEJADO,RESIDENCIAL,TRAMO RECTO,INCLINADA,ASFALTADA,SI,PREVENTIVA (P),,NO,IMPRUDENCIA DEL PEATÓN,CRUCE INDEBIDO POR LA CALZADA
A-2023-10-135,22/10/2023,19:00,ATROPELLO FUGA,1,0,2,TACNA,TACNA,LA YARADA LOS PALOS,RURAL,CARRETERA,NACIONAL,PE-1SD,NO,-18.150442,-70.444978,DESPEJADO,RURAL,TRAMO RECTO,PLANA ,ASFALTADA,,,,,IMPRUDENCIA DEL PEATÓN,CRUCE INDEBIDO POR LA CALZADA
A-2023-10-78,22/10/2023,23:00,CHOQUE,1,9,2,ICA,CHINCHA,CHINCHA BAJA,RURAL,CARRETERA,NACIONAL,PE-1S,NO,-13.490222,-76.139538,DESPEJADO,RURAL,TRAMO RECTO,PLANA ,ASFALTADA,,,,,EN PROCESO DE INVESTIGACIÓN,NO CUENTA CON CAUSA ESPECIFICA
A-2021-11-203,22/11/2021,20:10,ATROPELLO,1,0,1,LIMA,BARRANCA,PATIVILCA,RURAL,CARRETERA,NACIONAL,PE-1N,NO,-10.7013133056793,-77.7793888494621,DESPEJADO,RURAL,TRAMO RECTO,INCLINADA,ASFALTADA,,,,,NO IDENTIFICA LA CAUSA,
A-2022-11-65,22/11/2022,03:10,DESPISTE,2,1,1,PUNO,LAMPA,SANTA LUCIA,RURAL,CARRETERA,NACIONAL,PE-34A,NO,-15.6652879,-70.6545816,DESPEJADO,RURAL,CURVA,PLANA ,ASFALTADA,,,,,IMPRUDENCIA DEL CONDUCTOR,INVASIÓN DE CARRIL
A-2022-11-17,22/11/2022,17:00,ATROPELLO FUGA,1,0,0,ICA,ICA,PARCONA,URBANA,AVENIDA,URBANO,NO CORRESPONDE,NO,-14.063521,-75.72083,DESPEJADO,COMERCIAL,TRAMO RECTO,PLANA ,ASFALTADA,,,,,NO IDENTIFICA LA CAUSA,
A-2022-11-93,22/11/2022,18:20,ATROPELLO,1,0,1,LA LIBERTAD,TRUJILLO,LA ESPERANZA,URBANA,AVENIDA,URBANO,NO CORRESPONDE,NO,-8.083166,-79.042984,DESPEJADO,COMERCIAL,TRAMO RECTO,PLANA ,ASFALTADA,,,,,IMPRUDENCIA DEL CONDUCTOR,NO DAR PASO PREFERENTE AL PEATÓN
A-2022-11-236,22/11/2022,19:45,ATROPELLO,1,0,,LIMA,LIMA,VILLA EL SALVADOR,URBANA,AVENIDA,URBANO,NO CORRESPONDE,NO,-12.21334091,-76.93672424,DESPEJADO,RESIDENCIAL,INTERSECCIÓN,PLANA ,ASFALTADA,,,,,IMPRUDENCIA DEL CONDUCTOR,OTRO (IMPRUDENCIA DEL CONDUCTOR)
A-2022-11-56,22/11/2022,22:11,DESPISTE,1,0,1,PUNO,CHUCUITO,POMATA,RURAL,CARRETERA,NACIONAL,PE-3S,NO,-16.258607033241,-69.3123578319745,DESPEJADO,RURAL,CURVA,PLANA ,ASFALTADA,,,,,IMPRUDENCIA DEL CONDUCTOR,EXCESO DE VELOCIDAD
A-2023-11-58,22/11/2023,05:50,CHOQUE,2,4,2,LIMA,HUAURA,HUAURA,URBANA,CARRETERA,NACIONAL,PE-1NE,NO,-11.06209,-77.55274,DESPEJADO,RESIDENCIAL,TRAMO RECTO,PLANA ,ASFALTADA,SI,REGULADORA (R),PREVENTIVA (P),NO,IMPRUDENCIA DEL CONDUCTOR,CONDUCIR EN ESTADO DE EBRIEDAD Y/O DROGADICCIÓN
A-2023-11-93,22/11/2023,12:15,ATROPELLO,1,0,1,AREQUIPA,CAYLLOMA,ACHOMA,RURAL,CARRETERA,SIN CLASIFICAR,SIN CLASIFICAR,NO,-15.6858186513221,-71.6811662831479,SOLEADO,RURAL,OTRO,INCLINADA,TROCHA,,,,,NO IDENTIFICA LA CAUSA,
A-2023-11-41,22/11/2023,21:30,CHOQUE FUGA,1,1,,PUNO,CHUCUITO,POMATA,RURAL,CARRETERA,DEPARTAMENTAL,PU-130,,-16.2880844058182,-69.2259101218504,,,,,,,,,,,
A-2023-11-130,22/11/2023,23:30,CHOQUE,1,0,,LIMA,LIMA,PUENTE PIEDRA,URBANA,CARRETERA,NACIONAL,PE-1N,NO,-11.88600505,-77.06853415,DESPEJADO,ESCOLAR,TRAMO RECTO,PLANA ,ASFALTADA,NO,,,SI,,
A-2021-12-223,22/12/2021,06:30,DESPISTE,1,0,1,LIMA,LIMA,SAN MARTIN DE PORRES,URBANA,CARRETERA,NACIONAL,PE-1N,NO,-12.0133494,-77.0603835,DESPEJADO,RESIDENCIAL,TRAMO RECTO,PLANA ,ASFALTADA,,,,,NO IDENTIFICA LA CAUSA,
A-2021-12-54,22/12/2021,07:30,CHOQUE,1,1,2,ANCASH,POMABAMBA,POMABAMBA,RURAL,CARRETERA,NACIONAL,PE-14C,NO,-8.83035904609811,-77.4414409934902,DESPEJADO,RURAL,TRAMO RECTO,PLANA ,TROCHA,,,,,IMPRUDENCIA DEL CONDUCTOR,EXCESO DE VELOCIDAD
A-2021-12-111,22/12/2021,13:00,DESPISTE,1,0,1,LA LIBERTAD,OTUZCO,USQUIL,RURAL,CARRETERA,DEPARTAMENTAL,LI-111,NO,-7.842541,-78.347061,DESPEJADO,RURAL,TRAMO RECTO,PLANA ,AFIRMADO,,,,,NO IDENTIFICA LA CAUSA,
A-2021-12-108,22/12/2021,15:15,CHOQUE,1,0,2,LA LIBERTAD,PACASMAYO,SAN JOSE,RURAL,CARRETERA,NACIONAL,PE-1N,NO,-7.337082,-79.495932,DESPEJADO,RURAL,TRAMO RECTO,PLANA ,ASFALTADA,,,,,IMPRUDENCIA DEL CONDUCTOR,OTRO (IMPRUDENCIA DEL CONDUCTOR)
A-2021-12-131,22/12/2021,17:20,CHOQUE,1,0,1,CUSCO,CHUMBIVILCAS,SANTO TOMAS,RURAL,CARRETERA,NACIONAL,PE-3SG,NO,-14.437471,-72.08432,DESPEJADO,RURAL,CURVA,PLANA ,ASFALTADA,SI,PREVENTIVA (P),PREVENTIVA (P),NO,IMPRUDENCIA DEL CONDUCTOR,EXCESO DE VELOCIDAD
A-2021-12-109,22/12/2021,19:00,ATROPELLO,1,0,1,LA LIBERTAD,VIRU,VIRU,RURAL,CARRETERA,VECINAL,LI-1122,NO,-8.42211123013117,-78.8321399921427,DESPEJADO,RURAL,TRAMO RECTO,PLANA ,AFIRMADO,,,,,IMPRUDENCIA DEL CONDUCTOR,OTRO (IMPRUDENCIA DEL CONDUCTOR)
A-2021-12-123,22/12/2021,19:20,CHOQUE,1,0,2,PUNO,AZANGARO,ASILLO,RURAL,CARRETERA,NACIONAL,PE-34B,NO,-14.7454638110475,-70.3543804087206,DESPEJADO,RURAL,TRAMO RECTO,PLANA ,ASFALTADA,,,,,IMPRUDENCIA DEL CONDUCTOR,CONDUCIR EN SENTIDO CONTRARIO
A-2021-12-110,22/12/2021,21:15,CHOQUE,1,0,2,LA LIBERTAD,VIRU,VIRU,RURAL,CARRETERA,NACIONAL,PE-1N,NO,-8.430496,-78.776379,DESPEJADO,RURAL,TRAMO RECTO,PLANA ,ASFALTADA,,,,,NO IDENTIFICA LA CAUSA,
A-2022-12-86,22/12/2022,05:20,CHOQUE,2,2,1,ANCASH,CASMA,CASMA,RURAL,CARRETERA,NACIONAL,PE-1N,NO,-9.445646,-78.350371,DESPEJADO,RURAL,TRAMO RECTO,PLANA ,ASFALTADA,,,,,NO IDENTIFICA LA CAUSA,
A-2022-12-36,22/12/2022,10:00,ATROPELLO,1,1,1,ICA,ICA,SANTIAGO,RURAL,CARRETERA,NACIONAL,PE-1S,NO,-14.1853908,-75.7144103,DESPEJADO,RURAL,TRAMO RECTO,PLANA ,ASFALTADA,,,,,NO IDENTIFICA LA CAUSA,
A-2022-12-167,22/12/2022,13:30,DESPISTE,2,5,,LIMA,LIMA,ATE,URBANA,AVENIDA,URBANO,NO CORRESPONDE,NO,-12.0422365708488,-76.9108307018181,DESPEJADO,RESIDENCIAL,TRAMO RECTO,PLANA ,ASFALTADA,,,,,NO IDENTIFICA LA CAUSA,
A-2022-12-40,22/12/2022,20:30,ATROPELLO FUGA,1,0,1,AREQUIPA,AREQUIPA,CERRO COLORADO,URBANA,CARRETERA,DEPARTAMENTAL,AR-123,NO,-16.346203,-71.606285,DESPEJADO,COMERCIAL,TRAMO RECTO,PLANA ,ASFALTADA,NO,,,SI,NO IDENTIFICA LA CAUSA,
A-2023-12-109,22/12/2023,17:45,ATROPELLO,1,0,,LIMA,LIMA,LIMA,URBANA,AVENIDA,URBANO,NO CORRESPONDE,NO,-12.05552699,-77.08157899,DESPEJADO,RESIDENCIAL,TRAMO RECTO,PLANA ,ASFALTADA,SI,REGULADORA (R),,NO,,
A-2021-01-205,23/01/2021,02:47,CHOQUE,1,2,2,TACNA,TACNA,CORONEL GREGORIO ALBARRACIN LANCHIPA,URBANA,AVENIDA,URBANO,NO CORRESPONDE,NO,-18.050638,-70.251433,SOLEADO,RESIDENCIAL,INTERSECCIÓN,PLANA ,ASFALTADA,SI,REGULADORA (R),PREVENTIVA (P),SI,IMPRUDENCIA DEL CONDUCTOR,OTRO (IMPRUDENCIA DEL CONDUCTOR)
A-2021-01-301,23/01/2021,06:00,CHOQUE FUGA,1,1,2,JUNIN,CONCEPCION,CONCEPCION,URBANA,CARRETERA,NACIONAL,PE-3S,NO,-11.9108847,-75.3279751,LLUVIOSO,RESIDENCIAL,TRAMO RECTO,PLANA ,ASFALTADA,,,,,,
A-2021-01-287,23/01/2021,07:00,CHOQUE,1,2,2,PUNO,SAN ANTONIO DE PUTINA,QUILCAPUNCU,RURAL,CARRETERA,NACIONAL,PE-34H,NO,-14.9045924015088,-69.7541340962868,LLUVIOSO,RURAL,TRAMO RECTO,PLANA ,ASFALTADA,,,,,IMPRUDENCIA DEL CONDUCTOR,CONDUCIR EN SENTIDO CONTRARIO
A-2021-01-362,23/01/2021,08:31,CHOQUE,1,1,2,AYACUCHO,HUAMANGA,VINCHOS,URBANA,CARRETERA,NACIONAL,PE-28A,NO,-13.341398,-74.538772,DESPEJADO,RURAL,TRAMO RECTO,PLANA ,ASFALTADA,,,,,IMPRUDENCIA DEL CONDUCTOR,INVASIÓN DE CARRIL
A-2021-01-271,23/01/2021,13:00,ATROPELLO,1,0,,LIMA,LIMA,LOS OLIVOS,URBANA,AVENIDA,URBANO,NO CORRESPONDE,NO,-11.991702,-77.070611,DESPEJADO,COMERCIAL,TRAMO RECTO,PLANA ,ASFALTADA,,,,,IMPRUDENCIA DEL CONDUCTOR,EXCESO DE VELOCIDAD
A-2021-01-272,23/01/2021,17:35,ATROPELLO,1,0,0,LIMA,LIMA,PUENTE PIEDRA,URBANA,CARRETERA,NACIONAL,PE-1N,NO,-11.897187,-77.067866,DESPEJADO,COMERCIAL,TRAMO RECTO,PLANA ,ASFALTADA,,,,,NO IDENTIFICA LA CAUSA,
A-2021-01-244,23/01/2021,19:30,VOLCADURA,2,4,1,HUANCAVELICA,HUAYTARA,OCOYO,RURAL,CARRETERA,DEPARTAMENTAL,HV-121,NO,-13.968207,-75.049075,DESPEJADO,RURAL,SINUOSA,INCLINADA,TROCHA,,,,,INFRAESTRUCTURA Y ENTORNO VIAL,SUPERFICIE DETERIORADA
A-2021-01-218,23/01/2021,19:50,ATROPELLO,1,0,1,CUSCO,URUBAMBA,OLLANTAYTAMBO,RURAL,CARRETERA,NACIONAL,PE-28B,NO,-13.258314,-72.250823,DESPEJADO,RURAL,TRAMO RECTO,PLANA ,ASFALTADA,SI,REGULADORA (R),PREVENTIVA (P),SI,IMPRUDENCIA DEL CONDUCTOR,EXCESO DE VELOCIDAD
A-2021-01-176,23/01/2021,20:25,DESPISTE,2,0,1,AREQUIPA,AREQUIPA,CERRO COLORADO,URBANA,CARRETERA,NACIONAL,PE-34A,NO,-16.3944495,-71.5835,DESPEJADO,COMERCIAL,INTERSECCIÓN,PLANA ,ASFALTADA,SI,REGULADORA (R),,SI,,
A-2021-01-198,23/01/2021,23:30,ATROPELLO FUGA,1,0,1,CUSCO,CANCHIS,MARANGANI,RURAL,CARRETERA,VECINAL,CU-1421,NO,-14.304823,-71.000242,LLUVIOSO,RURAL,TRAMO RECTO,PLANA ,ASFALTADA,,,,,NEGLIGENCIA DEL CONDUCTOR,OTRO (NEGLIGENCIA DEL CONDUCTOR)
A-2022-01-272,23/01/2022,00:10,CHOQUE,1,0,2,PUNO,LAMPA,CALAPUJA,RURAL,CARRETERA,NACIONAL,PE-3S,NO,-15.3065146,-70.2330651,DESPEJADO,RURAL,TRAMO RECTO,PLANA ,ASFALTADA,,,,,IMPERICIA DEL CONDUCTOR,
A-2022-01-220,23/01/2022,01:30,DESPISTE,1,0,1,LAMBAYEQUE,LAMBAYEQUE,TUCUME,RURAL,CARRETERA,SIN CLASIFICAR,SIN CLASIFICAR,NO,-6.509704,-79.841312,DESPEJADO,RURAL,TRAMO RECTO,PLANA ,ASFALTADA,,,,,NO IDENTIFICA LA CAUSA,
A-2022-01-97,23/01/2022,01:30,DESPISTE,2,0,1,ICA,PISCO,INDEPENDENCIA,URBANA,CARRETERA,NACIONAL,PE-28A,NO,-13.716453,-75.970584,DESPEJADO,RURAL,TRAMO RECTO,PLANA ,ASFALTADA,,,,,NO IDENTIFICA LA CAUSA,
A-2022-01-265,23/01/2022,03:30,CHOQUE,1,1,2,PIURA,SECHURA,SECHURA,RURAL,CARRETERA,NACIONAL,PE-1N,NO,-6.026737,-80.522233,DESPEJADO,RURAL,TRAMO RECTO,PLANA ,ASFALTADA,,,,,NO IDENTIFICA LA CAUSA,
A-2022-01-191,23/01/2022,04:00,CHOQUE,1,0,2,SAN MARTIN,MOYOBAMBA,MOYOBAMBA,URBANA,CARRETERA,NACIONAL,PE-5N,NO,-6.047933,-76.979441,DESPEJADO,INDUSTRIAL,TRAMO RECTO,PLANA ,ASFALTADA,SI,PREVENTIVA (P),PREVENTIVA (P),NO,IMPRUDENCIA DEL CONDUCTOR,EXCESO DE VELOCIDAD
A-2022-01-253,23/01/2022,04:31,DESPISTE,1,0,1,CUSCO,PAUCARTAMBO,COLQUEPATA,RURAL,CARRETERA,SIN CLASIFICAR,SIN CLASIFICAR,NO,-13.3671075798466,-71.6703778511338,NUBLADO,RURAL,CURVA,PLANA ,TROCHA,,,,,IMPRUDENCIA DEL CONDUCTOR,EXCESO DE VELOCIDAD
A-2022-01-225,23/01/2022,06:30,ATROPELLO FUGA,1,0,0,LAMBAYEQUE,CHICLAYO,POMALCA,RURAL,CARRETERA,DEPARTAMENTAL,LA-116,NO,-6.7727843,-79.7700622,DESPEJADO,RURAL,TRAMO RECTO,PLANA ,ASFALTADA,,,,,NO IDENTIFICA LA CAUSA,
A-2022-01-338,23/01/2022,09:30,CHOQUE,2,0,1,ICA,CHINCHA,TAMBO DE MORA,RURAL,CARRETERA,NACIONAL,PE-1SE,NO,-13.4760752783067,-76.1839681188437,DESPEJADO,RURAL,TRAMO RECTO,PLANA ,ASFALTADA,NO,,,NO,IMPRUDENCIA DEL CONDUCTOR,OTRO (IMPRUDENCIA DEL CONDUCTOR)
A-2022-01-181,23/01/2022,10:30,ATROPELLO,1,0,1,PUNO,HUANCANE,HUATASANI,RURAL,CARRETERA,NACIONAL,PE-34H,NO,-15.0495215666255,-69.8017402974006,DESPEJADO,RURAL,TRAMO RECTO,PLANA ,ASFALTADA,,,,,IMPRUDENCIA DEL CONDUCTOR,EXCESO DE VELOCIDAD
A-2022-01-334,23/01/2022,12:50,DESPISTE,1,40,,LIMA,BARRANCA,PARAMONGA,RURAL,CARRETERA,NACIONAL,PE-1N,NO,-10.63917854,-77.85469021,DESPEJADO,RURAL,CURVA,PLANA ,ASFALTADA,SI,PREVENTIVA (P),,NO,,
A-2022-01-256,23/01/2022,17:20,ATROPELLO,1,0,1,LAMBAYEQUE,CHICLAYO,LA VICTORIA,RURAL,CARRETERA,NACIONAL,PE-1N,NO,-6.801423,-79.850091,DESPEJADO,COMERCIAL,TRAMO RECTO,PLANA ,ASFALTADA,,,,,NO IDENTIFICA LA CAUSA,
A-2022-01-263,23/01/2022,18:00,CHOQUE,4,4,,PIURA,PIURA,CASTILLA,RURAL,CARRETERA,NACIONAL,PE-1NJ,NO,-5.166927,-80.528331,DESPEJADO,RURAL,TRAMO RECTO,PLANA ,ASFALTADA,,,,,NO IDENTIFICA LA CAUSA,
A-2022-01-264,23/01/2022,19:30,CHOQUE FUGA,1,0,,PIURA,MORROPON,CHULUCANAS,RURAL,CARRETERA,NACIONAL,PE-1NR,NO,-5.0048659,-80.2229152,DESPEJADO,RURAL,TRAMO RECTO,PLANA ,ASFALTADA,,,,,NO IDENTIFICA LA CAUSA,
A-2022-01-324,23/01/2022,20:00,ATROPELLO FUGA,1,1,2,HUANUCO,HUANUCO,PILLCO MARCA,URBANA,CARRETERA,NACIONAL,PE-3N,NO,-10.011339,-76.235949,DESPEJADO,INDUSTRIAL,TRAMO RECTO,PLANA ,ASFALTADA,,,,,IMPRUDENCIA DEL PEATÓN,ESTADO DE EBRIEDAD Y/O DROGADICCIÓN
A-2022-01-291,23/01/2022,21:30,CHOQUE,1,1,2,LAMBAYEQUE,CHICLAYO,NUEVA ARICA,RURAL,CARRETERA,NACIONAL,PE-1NI,NO,-6.8718087,-79.3298177,DESPEJADO,RURAL,TRAMO RECTO,PLANA ,ASFALTADA,,,,,NO IDENTIFICA LA CAUSA,
A-2023-01-150,23/01/2023,01:10,DESPISTE,1,0,,LIMA,LIMA,COMAS,URBANA,JIRÓN,URBANO,NO CORRESPONDE,NO,-11.94507449,-77.06271568,DESPEJADO,RESIDENCIAL,TRAMO RECTO,PLANA ,ASFALTADA,,,,,IMPRUDENCIA DEL CONDUCTOR,CONDUCIR EN ESTADO DE EBRIEDAD Y/O DROGADICCIÓN
A-2023-01-121,23/01/2023,02:30,DESPISTE,1,0,1,PIURA,PIURA,VEINTISEIS DE OCTUBRE,URBANA,CARRETERA,NACIONAL,PE-1N,NO,-5.129106,-80.700489,DESPEJADO,INDUSTRIAL,TRAMO RECTO,PLANA ,ASFALTADA,,,,,IMPRUDENCIA DEL CONDUCTOR,CONDUCIR EN ESTADO DE EBRIEDAD Y/O DROGADICCIÓN
A-2023-01-102,23/01/2023,06:30,ATROPELLO FUGA,1,0,,JUNIN,JAUJA,JAUJA,RURAL,CARRETERA,NACIONAL,PE-3S,NO,-11.78752,-75.47391,DESPEJADO,RURAL,TRAMO RECTO,PLANA ,ASFALTADA,,,,,,
A-2023-01-24,23/01/2023,09:00,CHOQUE,1,0,2,ANCASH,HUARI,PAUCAS,RURAL,OTRO,URBANO,NO CORRESPONDE,NO,-9.14565727974163,-76.8414759980629,DESPEJADO,RURAL,CURVA,INCLINADA,AFIRMADO,SI,REGULADORA (R),PREVENTIVA (P),NO,NO IDENTIFICA LA CAUSA,
A-2021-02-183,23/02/2021,07:00,CHOQUE,1,1,2,LA LIBERTAD,GRAN CHIMU,CASCAS,RURAL,CARRETERA,NACIONAL,PE-1NF,NO,-7.530991,-78.806241,DESPEJADO,RURAL,TRAMO RECTO,PLANA ,ASFALTADA,,,,,IMPRUDENCIA DEL CONDUCTOR,CONDUCIR EN ESTADO DE EBRIEDAD Y/O DROGADICCIÓN
A-2021-02-214,23/02/2021,11:20,DESPISTE,1,0,1,LAMBAYEQUE,CHICLAYO,LA VICTORIA,URBANA,CARRETERA,NACIONAL,PE-1N,NO,-6.8379207,-79.8293674,DESPEJADO,RESIDENCIAL,TRAMO RECTO,PLANA ,ASFALTADA,,,,,NO IDENTIFICA LA CAUSA,
A-2021-02-184,23/02/2021,14:20,ATROPELLO,1,0,1,LA LIBERTAD,TRUJILLO,TRUJILLO,URBANA,AVENIDA,URBANO,NO CORRESPONDE,NO,-8.112031,-79.032938,DESPEJADO,COMERCIAL,INTERSECCIÓN,PLANA ,ASFALTADA,,,,,IMPRUDENCIA DEL PEATÓN,CRUCE INDEBIDO POR LA CALZADA
A-2021-02-236,23/02/2021,17:00,DESPISTE,1,0,1,CALLAO,CALLAO,CALLAO,URBANA,CARRETERA,NACIONAL,PE-20I,NO,-12.0502853639861,-77.1180639119032,DESPEJADO,RESIDENCIAL,TRAMO RECTO,PLANA ,CONCRETO,,,,,NO IDENTIFICA LA CAUSA,
A-2021-02-283,23/02/2021,20:05,ATROPELLO FUGA,1,0,,ANCASH,SANTA,SAMANCO,RURAL,CARRETERA,NACIONAL,PE-1N,NO,-9.25116071591091,-78.4393731434623,DESPEJADO,RURAL,TRAMO RECTO,PLANA ,ASFALTADA,,,,,NO IDENTIFICA LA CAUSA,
A-2021-02-267,23/02/2021,21:00,ATROPELLO FUGA,1,0,0,LIMA,LIMA,SANTA ANITA,URBANA,CARRETERA,NACIONAL,PE-1N,NO,-12.057,-76.974,DESPEJADO,RESIDENCIAL,TRAMO RECTO,PLANA ,ASFALTADA,,,,,NO IDENTIFICA LA CAUSA,
A-2022-02-185,23/02/2022,08:35,DESPISTE,1,0,1,LAMBAYEQUE,CHICLAYO,SANTA ROSA,RURAL,CARRETERA,VECINAL,LA-782,NO,-6.855076,-79.904741,DESPEJADO,RURAL,TRAMO RECTO,PLANA ,TROCHA,,,,,NO IDENTIFICA LA CAUSA,
A-2022-02-242,23/02/2022,09:50,CAÍDA DE PASAJERO,1,0,0,LIMA,LIMA,SAN MARTIN DE PORRES,URBANA,AVENIDA,URBANO,NO CORRESPONDE,NO,-12.0237641,-77.0744663,DESPEJADO,ESCOLAR,TRAMO RECTO,PLANA ,ASFALTADA,,,,,NO IDENTIFICA LA CAUSA,
A-2022-02-173,23/02/2022,11:10,VOLCADURA,2,13,,CAJAMARCA,SAN PABLO,TUMBADEN,RURAL,CARRETERA,NACIONAL,PE-08A,,-7.078767,-78.685603,,,,,,,,,,,
A-2022-02-197,23/02/2022,11:10,ATROPELLO,1,1,1,CAJAMARCA,CONTUMAZA,YONAN,URBANA,CARRETERA,NACIONAL,PE-08,NO,-7.19294555,-78.97348878,DESPEJADO,RURAL,TRAMO RECTO,PLANA ,ASFALTADA,,,,,NO IDENTIFICA LA CAUSA,
A-2022-02-128,23/02/2022,12:30,DESPISTE,2,3,1,LA LIBERTAD,PATAZ,PARCOY,RURAL,CARRETERA,NACIONAL,PE-10C,NO,-8.04452914628077,-77.4401218096806,LLUVIOSO,RURAL,CURVA,PLANA ,TROCHA,,,,,IMPRUDENCIA DEL CONDUCTOR,OTRO (IMPRUDENCIA DEL CONDUCTOR)
A-2022-02-123,23/02/2022,14:50,CHOQUE,1,6,2,AREQUIPA,CAYLLOMA,MAJES,RURAL,CARRETERA,NACIONAL,PE-1S,NO,-16.378563,-72.181366,DESPEJADO,RURAL,TRAMO RECTO,PLANA ,ASFALTADA,SI,REGULADORA (R),,SI,NO IDENTIFICA LA CAUSA,
A-2022-02-172,23/02/2022,18:30,ATROPELLO,1,0,1,LAMBAYEQUE,LAMBAYEQUE,MORROPE,URBANA,CARRETERA,NACIONAL,PE-1N,NO,-6.544446,-80.014918,DESPEJADO,RESIDENCIAL,TRAMO RECTO,PLANA ,ASFALTADA,,,,,NO IDENTIFICA LA CAUSA,
A-2022-02-170,23/02/2022,19:20,ATROPELLO,1,0,1,LAMBAYEQUE,CHICLAYO,REQUE,URBANA,CARRETERA,NACIONAL,PE-1N,NO,-6.872421,-79.817412,DESPEJADO,RESIDENCIAL,TRAMO RECTO,PLANA ,ASFALTADA,,,,,NO IDENTIFICA LA CAUSA,
A-2023-02-120,23/02/2023,06:30,CHOQUE,1,0,1,CALLAO,CALLAO,MI PERU,URBANA,CARRETERA,NACIONAL,PE-20,NO,-11.8493148704598,-77.1215267256503,DESPEJADO,COMERCIAL,TRAMO RECTO,PLANA ,ASFALTADA,SI,INFORMATIVA (I),,SI,NO IDENTIFICA LA CAUSA,