CODIGO_SINIESTRO,FECHA_SINIESTRO,HORA_SINIESTRO,CLASE_SINIESTRO,CANTIDAD_DE_FALLECIDOS,CANTIDAD_DE_LESIONADOS,CANTIDAD_DE_VEHICULOS_DANADOS,DEPARTAMENTO,PROVINCIA,DISTRITO,ZONA,TIPO_DE_VIA,RED_VIAL,COD_CARRETERA,EXISTE_CICLOVIA,COORDENADAS_LATITUD,COORDENADAS_LONGITUD,CONDICION_CLIMATICA,ZONIFICACION,CARACTERISTICAS_DE_VIA,PERFIL_LONGITUDINAL_VIA,SUPERFICIE_DE_CALZADA,EXISTE_SENAL_VERTICAL,CLASIFICACION_DE_LA_SENAL_VERTICAL_N_1,CLASIFICACION_DE_LA_SENAL_VERTICAL_N_2,EXISTE_SENAL_HORIZONTAL,CAUSA_FACTOR_PRINCIPAL,CAUSA_ESPECIFICA
A-2021-01-273,25/01/2021,08:00,ATROPELLO FUGA,1,0,,LIMA,LIMA,SAN MARTIN DE PORRES,URBANA,AVENIDA,URBANO,NO CORRESPONDE,NO,-11.9815573,-77.096882,DESPEJADO,COMERCIAL,TRAMO RECTO,PLANA ,ASFALTADA,,,,,IMPRUDENCIA DEL PEATÓN,OTRO (IMPRUDENCIA DEL PEATÓN)
A-2021-01-274,25/01/2021,11:30,CHOQUE,1,1,,LIMA,LIMA,VILLA MARIA DEL TRIUNFO,URBANA,AVENIDA,URBANO,NO CORRESPONDE,NO,-12.163841,-76.952571,DESPEJADO,COMERCIAL,TRAMO RECTO,PLANA ,ASFALTADA,,,,,NEGLIGENCIA DEL CONDUCTOR,OTRO (NEGLIGENCIA DEL CONDUCTOR)
A-2022-01-306,25/01/2022,01:55,CHOQUE,1,0,2,JUNIN,YAULI,LA OROYA,URBANA,CARRETERA,NACIONAL,PE-22,NO,-11.5246257,-75.9121852,DESPEJADO,INDUSTRIAL,TRAMO RECTO,PLANA ,ASFALTADA,SI,PREVENTIVA (P),,NO,IMPRUDENCIA DEL CONDUCTOR,CONDUCIR EN ESTADO DE EBRIEDAD Y/O DROGADICCIÓN
A-2022-01-267,25/01/2022,05:25,ATROPELLO,1,0,0,LIMA,LIMA,SAN JUAN DE MIRAFLORES,URBANA,CARRETERA,NACIONAL,PE-1S,NO,-12.1805924,-76.9760667,DESPEJADO,COMERCIAL,PUENTE,PLANA ,ASFALTADA,,,,,NO IDENTIFICA LA CAUSA,
A-2022-01-275,25/01/2022,07:20,CHOQUE,1,1,,AYACUCHO,HUAMANGA,CARMEN ALTO,URBANA,AVENIDA,URBANO,NO CORRESPONDE,NO,-13.175674,-74.218741,DESPEJADO,COMERCIAL,INTERSECCIÓN,PLANA ,CONCRETO,,,,,IMPRUDENCIA DEL CONDUCTOR,EXCESO DE VELOCIDAD
A-2022-01-197,25/01/2022,08:30,CHOQUE,1,2,2,LIMA,HUARAL,HUARAL,URBANA,CARRETERA,VECINAL,LM-678,NO,-11.480485,-77.20776,DESPEJADO,RESIDENCIAL,TRAMO RECTO,PLANA ,ASFALTADA,,,,,IMPRUDENCIA DEL CONDUCTOR,GIRAR IMPRUDENTEMENTE
A-2022-01-198,25/01/2022,08:45,CHOQUE,1,0,1,AREQUIPA,ISLAY,MEJIA,RURAL,CARRETERA,SIN CLASIFICAR,SIN CLASIFICAR,NO,-17.1073485,-71.8963428,DESPEJADO,RURAL,TRAMO RECTO,INCLINADA,ASFALTADA,,,,,NO IDENTIFICA LA CAUSA,
A-2022-01-196,25/01/2022,09:00,CHOQUE,1,0,2,AREQUIPA,CAYLLOMA,SAN ANTONIO DE CHUCA,RURAL,CARRETERA,NACIONAL,PE-34A,NO,-15.843563,-71.106597,DESPEJADO,RURAL,TRAMO RECTO,PLANA ,ASFALTADA,SI,PREVENTIVA (P),,SI,NO IDENTIFICA LA CAUSA,
A-2022-01-112,25/01/2022,09:40,CHOQUE,1,2,2,PUNO,CHUCUITO,ZEPITA,RURAL,CARRETERA,NACIONAL,PE-36A,NO,-16.5699213671197,-69.2569166802671,DESPEJADO,RURAL,TRAMO RECTO,PLANA ,ASFALTADA,NO,,,SI,IMPRUDENCIA DEL CONDUCTOR,GIRAR IMPRUDENTEMENTE
A-2022-01-273,25/01/2022,21:15,ATROPELLO FUGA,1,0,0,PUNO,HUANCANE,PUSI,RURAL,CARRETERA,NACIONAL,PE-34H,NO,-15.4178728,-70.0689953,DESPEJADO,RURAL,TRAMO RECTO,PLANA ,ASFALTADA,,,,,NO IDENTIFICA LA CAUSA,
A-2023-01-152,25/01/2023,07:30,ATROPELLO,1,0,,LIMA,LIMA,SAN ISIDRO,URBANA,AVENIDA,URBANO,NO CORRESPONDE,SI,-12.0906929040288,-77.0334800296881,DESPEJADO,COMERCIAL,INTERSECCIÓN,PLANA ,ASFALTADA,SI,REGULADORA (R),,SI,IMPRUDENCIA DEL CONDUCTOR,OTRO (IMPRUDENCIA DEL CONDUCTOR)
A-2023-01-153,25/01/2023,12:50,ATROPELLO,1,9,,LIMA,LIMA,LINCE,URBANA,AVENIDA,URBANO,NO CORRESPONDE,NO,-12.0841464,-77.03898862,DESPEJADO,COMERCIAL,INTERSECCIÓN,PLANA ,ASFALTADA,SI,REGULADORA (R),,SI,IMPRUDENCIA DEL CONDUCTOR,OTRO (IMPRUDENCIA DEL CONDUCTOR)
A-2023-01-154,25/01/2023,12:50,ATROPELLO,1,0,,LIMA,LIMA,VILLA MARIA DEL TRIUNFO,URBANA,AVENIDA,URBANO,NO CORRESPONDE,NO,-12.2201236940476,-76.9075342925876,DESPEJADO,COMERCIAL,INTERSECCIÓN,PLANA ,ASFALTADA,,,,,IMPRUDENCIA DEL PEATÓN,OTRO (IMPRUDENCIA DEL PEATÓN)
A-2023-01-33,25/01/2023,16:40,ATROPELLO,1,1,1,CUSCO,URUBAMBA,URUBAMBA,URBANA,CARRETERA,NACIONAL,PE-28B,NO,-13.3081738046581,-72.1185755933679,DESPEJADO,RESIDENCIAL,CURVA,PLANA ,ASFALTADA,,,,,IMPRUDENCIA DEL CONDUCTOR,OTRO (IMPRUDENCIA DEL CONDUCTOR)
A-2023-01-108,25/01/2023,16:50,ESPECIAL,1,0,2,ANCASH,SANTA,NUEVO CHIMBOTE,RURAL,CARRETERA,VECINAL,AN-879,NO,-9.082625,-78.523315,DESPEJADO,RURAL,TRAMO RECTO,PLANA ,ASFALTADA,,,,,NO IDENTIFICA LA CAUSA,
A-2023-01-35,25/01/2023,17:20,ATROPELLO FUGA,1,0,1,AREQUIPA,ISLAY,MOLLENDO,URBANA,AVENIDA,URBANO,NO CORRESPONDE,NO,-17.024754,-72.007649,DESPEJADO,RESIDENCIAL,INTERSECCIÓN,PLANA ,ASFALTADA,,,,,NO IDENTIFICA LA CAUSA,
A-2023-01-54,25/01/2023,22:10,CHOQUE,1,1,,APURIMAC,ABANCAY,ABANCAY,URBANA,JIRÓN,URBANO,NO CORRESPONDE,,-13.6350643685985,-72.8786014473109,,,,,,,,,,,
A-2021-02-190,25/02/2021,05:10,CHOQUE,1,1,2,LIMA,HUARAL,CHANCAY,URBANA,CARRETERA,NACIONAL,PE-1N,NO,-11.5983738161675,-77.2511070672192,DESPEJADO,RURAL,TRAMO RECTO,PLANA ,ASFALTADA,SI,REGULADORA (R),PREVENTIVA (P),NO,NO IDENTIFICA LA CAUSA,
A-2021-02-169,25/02/2021,07:30,CHOQUE FUGA,1,0,1,LA LIBERTAD,ASCOPE,PAIJAN,RURAL,CARRETERA,NACIONAL,PE-1N,NO,-7.704619,-79.314822,DESPEJADO,RURAL,TRAMO RECTO,PLANA ,ASFALTADA,,,,,IMPRUDENCIA DEL CONDUCTOR,OTRO (IMPRUDENCIA DEL CONDUCTOR)
A-2021-02-227,25/02/2021,12:40,DESPISTE,2,1,1,MOQUEGUA,MARISCAL NIETO,SAN CRISTOBAL,RURAL,CARRETERA,VECINAL,MO-528,NO,-16.664125,-70.734802,DESPEJADO,RURAL,SINUOSA,INCLINADA,TROCHA,,,,,IMPRUDENCIA DEL CONDUCTOR,FATIGA Y/O CANSANCIO
A-2022-02-253,25/02/2022,00:01,CHOQUE,1,2,2,CAJAMARCA,JAEN,JAEN,URBANA,CARRETERA,NACIONAL,PE-5N,NO,-5.721137,-78.800079,DESPEJADO,RESIDENCIAL,TRAMO RECTO,PLANA ,ASFALTADA,,,,,NO IDENTIFICA LA CAUSA,
A-2022-02-116,25/02/2022,04:50,CHOQUE,1,1,2,PUNO,PUNO,PUNO,RURAL,CARRETERA,NACIONAL,PE-3S,NO,-15.865961,-69.941804,DESPEJADO,RURAL,TRAMO RECTO,PLANA ,ASFALTADA,NO,,,SI,IMPRUDENCIA DEL CONDUCTOR,INVASIÓN DE CARRIL
A-2022-02-256,25/02/2022,05:00,CHOQUE FUGA,1,0,2,PIURA,MORROPON,BUENOS AIRES,RURAL,CALLE,URBANO,NO CORRESPONDE,NO,-5.26721946332063,-79.9674868205331,DESPEJADO,RURAL,TRAMO RECTO,PLANA ,ASFALTADA,,,,,NO IDENTIFICA LA CAUSA,
A-2022-02-294,25/02/2022,08:45,VOLCADURA,1,0,,APURIMAC,ANTABAMBA,ANTABAMBA,RURAL,CARRETERA,DEPARTAMENTAL,AP-109,,-14.3776819647449,-72.8900226372927,,,,,,,,,,,
A-2022-02-254,25/02/2022,10:10,DESPISTE,1,1,1,LAMBAYEQUE,LAMBAYEQUE,MORROPE,RURAL,CARRETERA,NACIONAL,PE-1N,NO,-6.42869747121557,-80.1621713909003,DESPEJADO,RURAL,TRAMO RECTO,PLANA ,ASFALTADA,,,,,NO IDENTIFICA LA CAUSA,
A-2022-02-246,25/02/2022,12:30,ATROPELLO,1,0,0,LIMA,LIMA,ATE,URBANA,CARRETERA,NACIONAL,PE-22,NO,-12.0059922107692,-76.8478148319245,DESPEJADO,COMERCIAL,TRAMO RECTO,PLANA ,ASFALTADA,,,,,NO IDENTIFICA LA CAUSA,
A-2022-02-297,25/02/2022,12:30,CHOQUE,1,1,2,CUSCO,LA CONVENCION,KIMBIRI,RURAL,CARRETERA,NACIONAL,PE-28B,NO,-12.601006,-73.755868,DESPEJADO,RURAL,CURVA,PLANA ,ASFALTADA,,,,,IMPRUDENCIA DEL CONDUCTOR,EXCESO DE VELOCIDAD
A-2022-02-309,25/02/2022,14:10,ATROPELLO,1,0,,LIMA,LIMA,SAN MARTIN DE PORRES,URBANA,AVENIDA,URBANO,NO CORRESPONDE,,-12.031263,-77.044221,,,,,,,,,,,
A-2022-02-212,25/02/2022,19:00,DESPISTE,2,0,1,AREQUIPA,CAMANA,QUILCA,RURAL,CARRETERA,NACIONAL,PE-1SD,NO,-16.6643396862158,-72.6041525447506,DESPEJADO,RURAL,OTRO,PLANA ,AFIRMADO,,,,,NO IDENTIFICA LA CAUSA,
A-2022-02-249,25/02/2022,23:30,CHOQUE,1,2,0,LIMA,LIMA,SANTA ANITA,URBANA,AVENIDA,URBANO,NO CORRESPONDE,NO,-12.035846417381,-76.9489342505915,DESPEJADO,COMERCIAL,INTERSECCIÓN,PLANA ,ASFALTADA,,,,,NO IDENTIFICA LA CAUSA,
A-2023-02-32,25/02/2023,07:30,ATROPELLO,1,0,1,LA LIBERTAD,VIRU,CHAO,RURAL,CARRETERA,DEPARTAMENTAL,LI-122,NO,-8.48209683624685,-78.6171826773753,DESPEJADO,RURAL,TRAMO RECTO,PLANA ,CONCRETO,,,,,NO IDENTIFICA LA CAUSA,
A-2023-03-131,25/02/2023,08:15,ATROPELLO FUGA,1,0,,LIMA,LIMA,SAN JUAN DE MIRAFLORES,URBANA,CARRETERA,NACIONAL,PE-1S,NO,-12.193135,-76.972682,DESPEJADO,COMERCIAL,TRAMO RECTO,PLANA ,ASFALTADA,,,,,NO IDENTIFICA LA CAUSA,
A-2023-02-125,25/02/2023,13:15,DESPISTE,1,1,1,PIURA,SULLANA,MIGUEL CHECA,RURAL,CARRETERA,NACIONAL,PE-02,NO,-5.144486,-80.8013583,DESPEJADO,RURAL,TRAMO RECTO,PLANA ,ASFALTADA,,,,,IMPRUDENCIA DEL CONDUCTOR,EXCESO DE VELOCIDAD
A-2023-02-132,25/02/2023,14:00,DESPISTE,2,0,1,JUNIN,YAULI,LA OROYA,URBANA,CARRETERA,NACIONAL,PE-3S,NO,-11.6924245802019,-75.768724600342,DESPEJADO,RURAL,CURVA,INCLINADA,ASFALTADA,SI,REGULADORA (R),,SI,IMPRUDENCIA DEL CONDUCTOR,OTRO (IMPRUDENCIA DEL CONDUCTOR)
A-2023-02-36,25/02/2023,18:10,ATROPELLO,1,0,1,AREQUIPA,AREQUIPA,JOSE LUIS BUSTAMANTE Y RIVERO,URBANA,AVENIDA,URBANO,NO CORRESPONDE,NO,-16.42119777,-71.5410749,DESPEJADO,COMERCIAL,TRAMO RECTO,PLANA ,ASFALTADA,NO,,,SI,NO IDENTIFICA LA CAUSA,
A-2023-02-59,25/02/2023,19:00,DESPISTE,1,0,1,CUSCO,QUISPICANCHI,CCARHUAYO,RURAL,CARRETERA,DEPARTAMENTAL,CU-116,NO,-13.5350144470823,-71.4493087886827,DESPEJADO,RURAL,CURVA,PLANA ,AFIRMADO,,,,,IMPRUDENCIA DEL CONDUCTOR,CONDUCIR EN ESTADO DE EBRIEDAD Y/O DROGADICCIÓN
A-2023-02-55,25/02/2023,22:30,ATROPELLO FUGA,1,0,1,CUSCO,QUISPICANCHI,URCOS,RURAL,CARRETERA,NACIONAL,PE-3S,NO,-13.726514,-71.601007,DESPEJADO,RURAL,TRAMO RECTO,PLANA ,ASFALTADA,SI,REGULADORA (R),,SI,IMPRUDENCIA DEL CONDUCTOR,EXCESO DE VELOCIDAD
A-2023-02-38,25/02/2023,23:15,ATROPELLO,1,0,1,AREQUIPA,AREQUIPA,SANTA RITA DE SIGUAS,RURAL,CARRETERA,NACIONAL,PE-1S,NO,-16.410143,-72.055948,DESPEJADO,RURAL,TRAMO RECTO,PLANA ,ASFALTADA,NO,,,SI,NO IDENTIFICA LA CAUSA,
A-2023-02-98,25/02/2023,23:30,DESPISTE,1,0,1,PUNO,CARABAYA,OLLACHEA,RURAL,CARRETERA,NACIONAL,PE-34B,NO,-13.8575790353029,-70.5098293937616,DESPEJADO,RURAL,CURVA,INCLINADA,ASFALTADA,,,,,IMPRUDENCIA DEL CONDUCTOR,OTRO (IMPRUDENCIA DEL CONDUCTOR)
A-2021-03-219,25/03/2021,05:30,DESPISTE,1,3,,APURIMAC,GRAU,CHUQUIBAMBILLA,RURAL,CARRETERA,NACIONAL,PE-3SF,,-14.1044148409769,-72.7461162520416,,,,,,,,,,,
A-2021-03-186,25/03/2021,18:32,ATROPELLO,1,1,1,AREQUIPA,AREQUIPA,AREQUIPA,URBANA,CALLE,URBANO,NO CORRESPONDE,NO,-16.400793,-71.54054,DESPEJADO,RESIDENCIAL,TRAMO RECTO,PLANA ,ADOQUINADO,NO,,,SI,IMPRUDENCIA DEL CONDUCTOR,OTRO (IMPRUDENCIA DEL CONDUCTOR)
A-2021-03-275,25/03/2021,18:40,CHOQUE,1,0,2,LAMBAYEQUE,LAMBAYEQUE,MOTUPE,URBANA,CARRETERA,NACIONAL,PE-1NJ,NO,-6.1578438,-79.7023381,DESPEJADO,COMERCIAL,TRAMO RECTO,PLANA ,ASFALTADA,SI,INFORMATIVA (I),PREVENTIVA (P),NO,NO IDENTIFICA LA CAUSA,
A-2021-03-271,25/03/2021,19:50,CHOQUE,1,0,2,LAMBAYEQUE,CHICLAYO,CHICLAYO,URBANA,OTRO,URBANO,NO CORRESPONDE,NO,-6.7654206,-79.8528301,DESPEJADO,RESIDENCIAL,ÓVALO,PLANA ,ASFALTADA,,,,,NO IDENTIFICA LA CAUSA,
A-2021-03-225,25/03/2021,20:45,CHOQUE FUGA,1,0,1,LA LIBERTAD,OTUZCO,SALPO,RURAL,CARRETERA,NACIONAL,PE-10A,NO,-7.99931101008216,-78.688046371439,DESPEJADO,RURAL,TRAMO RECTO,PLANA ,ASFALTADA,,,,,NO IDENTIFICA LA CAUSA,
A-2022-03-152,25/03/2022,10:00,ATROPELLO,1,0,,AYACUCHO,HUAMANGA,CARMEN ALTO,URBANA,CARRETERA,VECINAL,AY-836,NO,-13.178609,-74.22137,DESPEJADO,COMERCIAL,INTERSECCIÓN,INCLINADA,CONCRETO,,,,,IMPRUDENCIA DEL CONDUCTOR,FATIGA Y/O CANSANCIO
A-2022-03-222,25/03/2022,10:31,ATROPELLO,1,0,1,HUANUCO,LEONCIO PRADO,RUPA-RUPA,URBANA,JIRÓN,URBANO,NO CORRESPONDE,NO,-9.307166,-76.002489,DESPEJADO,COMERCIAL,TRAMO RECTO,PLANA ,CONCRETO,,,,,IMPRUDENCIA DEL PEATÓN,CRUCE INDEBIDO POR LA CALZADA
A-2022-03-278,25/03/2022,11:30,ATROPELLO,1,0,1,PIURA,PIURA,LAS LOMAS,RURAL,CARRETERA,NACIONAL,PE-1NL,NO,-4.75594792446089,-80.2978222826542,DESPEJADO,RURAL,TRAMO RECTO,PLANA ,ASFALTADA,,,,,IMPRUDENCIA DEL CONDUCTOR,OTRO (IMPRUDENCIA DEL CONDUCTOR)
A-2023-03-154,25/03/2023,01:45,CHOQUE FUGA,1,0,,LIMA,LIMA,CHACLACAYO,URBANA,CARRETERA,NACIONAL,PE-22,NO,-11.987369,-76.813531,DESPEJADO,RESIDENCIAL,TRAMO RECTO,PLANA ,ASFALTADA,,,,,IMPRUDENCIA DEL CONDUCTOR,EXCESO DE VELOCIDAD
A-2023-03-168,25/03/2023,08:30,CHOQUE,1,0,2,CAJAMARCA,CAJAMARCA,CAJAMARCA,URBANA,CARRETERA,NACIONAL,PE-3N,NO,-7.15940662270253,-78.5060620109711,DESPEJADO,COMERCIAL,TRAMO RECTO,PLANA ,CONCRETO,SI,REGULADORA (R),,SI,IMPRUDENCIA DEL CONDUCTOR,EXCESO DE VELOCIDAD
A-2023-03-105,25/03/2023,15:20,VOLCADURA,1,0,,APURIMAC,AYMARAES,COTARUSE,RURAL,CARRETERA,DEPARTAMENTAL,AP-111,,-14.610307132306,-73.2851756227022,,,,,,,,,,,
A-2023-03-155,25/03/2023,16:40,ATROPELLO,1,0,,LIMA,LIMA,LIMA,URBANA,AVENIDA,URBANO,NO CORRESPONDE,NO,-12.03553729,-77.06534623,DESPEJADO,RESIDENCIAL,INTERSECCIÓN,PLANA ,ASFALTADA,,,,,IMPRUDENCIA DEL PEATÓN,OTRO (IMPRUDENCIA DEL PEATÓN)
A-2023-03-97,25/03/2023,17:30,CHOQUE,1,0,2,PUNO,CARABAYA,CRUCERO,RURAL,CARRETERA,NACIONAL,PE-34K,NO,-14.358028300296,-70.0431792468245,DESPEJADO,RURAL,TRAMO RECTO,PLANA ,ASFALTADA,,,,,IMPRUDENCIA DEL CONDUCTOR,CONDUCIR EN ESTADO DE EBRIEDAD Y/O DROGADICCIÓN
A-2023-03-111,25/03/2023,18:30,CHOQUE,1,1,2,PIURA,PIURA,VEINTISEIS DE OCTUBRE,URBANA,CARRETERA,SIN CLASIFICAR,SIN CLASIFICAR,NO,-5.199162,-80.686734,DESPEJADO,RURAL,TRAMO RECTO,PLANA ,ASFALTADA,,,,,EN PROCESO DE INVESTIGACIÓN,NO CUENTA CON CAUSA ESPECIFICA
A-2023-03-86,25/03/2023,18:50,DESPISTE,1,0,1,ICA,ICA,ICA,URBANA,CARRETERA,DEPARTAMENTAL,IC-105,NO,-14.0741211,-75.7880492,DESPEJADO,RURAL,TRAMO RECTO,PLANA ,AFIRMADO,,,,,NO IDENTIFICA LA CAUSA,
A-2023-03-169,25/03/2023,19:00,DESPISTE,1,2,3,CAJAMARCA,CHOTA,CHOTA,URBANA,CARRETERA,NACIONAL,PE-3N,NO,-6.569412,-78.642637,DESPEJADO,COMERCIAL,SINUOSA,INCLINADA,ASFALTADA,NO,,,SI,IMPRUDENCIA DEL CONDUCTOR,CONDUCIR EN ESTADO DE EBRIEDAD Y/O DROGADICCIÓN
A-2023-03-44,25/03/2023,19:00,ATROPELLO,1,0,1,AREQUIPA,AREQUIPA,CERRO COLORADO,URBANA,CARRETERA,DEPARTAMENTAL,AR-123,NO,-16.360689,-71.619531,DESPEJADO,RESIDENCIAL,TRAMO RECTO,PLANA ,ASFALTADA,,,,,NO IDENTIFICA LA CAUSA,
A-2023-03-75,25/03/2023,19:15,CHOQUE FUGA,1,1,2,LAMBAYEQUE,LAMBAYEQUE,MOTUPE,RURAL,CARRETERA,NACIONAL,PE-1NJ,NO,-6.1529429,-79.7089523,DESPEJADO,RURAL,TRAMO RECTO,PLANA ,ASFALTADA,,,,,NO IDENTIFICA LA CAUSA,
A-2023-03-74,25/03/2023,19:30,CHOQUE,1,3,2,LAMBAYEQUE,LAMBAYEQUE,MOCHUMI,RURAL,CARRETERA,NACIONAL,PE-1NJ,NO,-6.5724738,-79.8729364,DESPEJADO,RURAL,TRAMO RECTO,PLANA ,ASFALTADA,,,,,NO IDENTIFICA LA CAUSA,
A-2023-03-73,25/03/2023,21:30,DESPISTE,1,0,1,LAMBAYEQUE,CHICLAYO,CHONGOYAPE,RURAL,CARRETERA,NACIONAL,PE-06A,NO,-6.6306573,-79.4031901,LLUVIOSO,RURAL,TRAMO RECTO,PLANA ,ASFALTADA,,,,,NO IDENTIFICA LA CAUSA,
A-2021-04-140,25/04/2021,02:15,ATROPELLO,1,0,0,CALLAO,CALLAO,CALLAO,URBANA,CARRETERA,NACIONAL,PE-20,NO,-12.0501279775876,-77.1396769258328,DESPEJADO,COMERCIAL,TRAMO RECTO,PLANA ,CONCRETO,,,,,,
A-2021-04-201,25/04/2021,04:30,CHOQUE,1,0,1,PUNO,HUANCANE,VILQUE CHICO,RURAL,CARRETERA,NACIONAL,PE-34L,NO,-15.1201561,-69.5422729,NUBLADO,RURAL,TRAMO RECTO,PLANA ,ASFALTADA,,,,,IMPRUDENCIA DEL CONDUCTOR,OTRO (IMPRUDENCIA DEL CONDUCTOR)
A-2021-04-312,25/04/2021,10:30,DESPISTE,2,6,1,HUANCAVELICA,HUANCAVELICA,ACORIA,RURAL,CARRETERA,DEPARTAMENTAL,HV-130,NO,-12.64179,-74.86311,DESPEJADO,RURAL,SINUOSA,INCLINADA,ASFALTADA,SI,REGULADORA (R),PREVENTIVA (P),NO,NO IDENTIFICA LA CAUSA,
A-2021-04-279,25/04/2021,11:30,ATROPELLO,1,1,,PASCO,PASCO,VICCO,URBANA,CARRETERA,NACIONAL,PE-20A,,-10.8669612753504,-76.2881987989864,,,,,,,,,,,
A-2021-04-152,25/04/2021,16:00,CHOQUE,1,2,2,PUNO,PUNO,PAUCARCOLLA,RURAL,CARRETERA,NACIONAL,PE-3S,NO,-15.778642,-70.032045,DESPEJADO,RURAL,CURVA,PLANA ,ASFALTADA,SI,REGULADORA (R),,SI,IMPRUDENCIA DEL CONDUCTOR,EXCESO DE VELOCIDAD
A-2021-04-153,25/04/2021,16:30,ATROPELLO FUGA,1,2,0,PUNO,CHUCUITO,DESAGUADERO,URBANA,CARRETERA,NACIONAL,PE-36A,NO,-16.577499,-69.053221,DESPEJADO,RURAL,TRAMO RECTO,PLANA ,ASFALTADA,,,,,IMPRUDENCIA DEL CONDUCTOR,EXCESO DE VELOCIDAD
A-2021-04-175,25/04/2021,18:20,VOLCADURA,1,0,0,SAN MARTIN,MOYOBAMBA,MOYOBAMBA,RURAL,CARRETERA,NACIONAL,PE-5N,NO,-5.775876,-77.169154,DESPEJADO,RURAL,OTRO,INCLINADA,CASCAJO/RIPIO,,,,,IMPRUDENCIA DEL CONDUCTOR,OTRO (IMPRUDENCIA DEL CONDUCTOR)
A-2021-04-300,25/04/2021,18:30,DESPISTE,1,0,1,AMAZONAS,CHACHAPOYAS,LEVANTO,RURAL,JIRÓN,URBANO,NO CORRESPONDE,NO,-6.30878014691716,-77.8978641355959,DESPEJADO,RURAL,INTERSECCIÓN,INCLINADA,AFIRMADO,,,,,,
A-2021-04-176,25/04/2021,20:00,CHOQUE,1,0,2,JUNIN,SATIPO,PANGOA,RURAL,CARRETERA,NACIONAL,PE-28C,NO,-11.5066400807425,-74.4593833250143,DESPEJADO,RURAL,TRAMO RECTO,PLANA ,ASFALTADA,,,,,IMPRUDENCIA DEL CONDUCTOR,CONDUCIR EN ESTADO DE EBRIEDAD Y/O DROGADICCIÓN
A-2021-04-141,25/04/2021,22:00,CHOQUE,1,0,1,CALLAO,CALLAO,CALLAO,URBANA,CARRETERA,NACIONAL,PE-20,NO,-11.9697492058593,-77.125482126541,DESPEJADO,COMERCIAL,TRAMO RECTO,PLANA ,CONCRETO,,,,,NO IDENTIFICA LA CAUSA,
A-2022-04-76,25/04/2022,02:45,ATROPELLO,1,0,1,TUMBES,CONTRALMIRANTE VILLAR,ZORRITOS,RURAL,CARRETERA,NACIONAL,PE-1N,NO,-3.66298124651523,-80.6263989110577,DESPEJADO,RURAL,CURVA,PLANA ,ASFALTADA,,,,,IMPRUDENCIA DEL PEATÓN,ESTADO DE EBRIEDAD Y/O DROGADICCIÓN
A-2022-04-141,25/04/2022,12:00,DESPISTE,1,0,1,CUSCO,CALCA,SAN SALVADOR,RURAL,CARRETERA,NACIONAL,PE-28B,NO,-13.5253973477803,-71.7385437299712,DESPEJADO,RURAL,TRAMO RECTO,PLANA ,ASFALTADA,,,,,IMPRUDENCIA DEL CONDUCTOR,EXCESO DE VELOCIDAD
A-2022-04-161,25/04/2022,17:00,ATROPELLO FUGA,1,0,,LAMBAYEQUE,CHICLAYO,CAYALTI,RURAL,CARRETERA,NACIONAL,PE-1NI,,-6.896417,-79.55292,,,,,,,,,,,
A-2022-04-77,25/04/2022,18:30,ATROPELLO,1,0,1,PUNO,YUNGUYO,CUTURAPI,RURAL,CARRETERA,SIN CLASIFICAR,SIN CLASIFICAR,NO,-16.2907659,-69.2001327,DESPEJADO,RURAL,OTRO,INCLINADA,TROCHA,,,,,IMPRUDENCIA DEL PEATÓN,OTRO (IMPRUDENCIA DEL PEATÓN)
A-2022-04-171,25/04/2022,21:45,CHOQUE,1,1,1,PUNO,CARABAYA,CRUCERO,URBANA,CARRETERA,NACIONAL,PE-34K,NO,-14.3608,-70.025842,DESPEJADO,RESIDENCIAL,TRAMO RECTO,PLANA ,ASFALTADA,,,,,IMPRUDENCIA DEL CONDUCTOR,OTRO (IMPRUDENCIA DEL CONDUCTOR)
A-2023-04-162,25/04/2023,05:40,CHOQUE,2,0,,JUNIN,CONCEPCION,CONCEPCION,RURAL,CARRETERA,NACIONAL,PE-3S,NO,-11.9086151697876,-75.3298132632152,DESPEJADO,RURAL,TRAMO RECTO,PLANA ,ASFALTADA,NO,,,SI,IMPRUDENCIA DEL CONDUCTOR,OTRO (IMPRUDENCIA DEL CONDUCTOR)
A-2023-04-114,25/04/2023,06:30,DESPISTE,1,3,1,ICA,CHINCHA,GROCIO PRADO,RURAL,CARRETERA,NACIONAL,PE-1S,NO,-13.383238,-76.204166,DESPEJADO,RURAL,TRAMO RECTO,PLANA ,ASFALTADA,,,,,NO IDENTIFICA LA CAUSA,
A-2023-04-50,25/04/2023,07:00,CHOQUE,1,1,2,CUSCO,CHUMBIVILCAS,COLQUEMARCA,RURAL,CARRETERA,DEPARTAMENTAL,CU-119,NO,-14.308751,-72.044617,DESPEJADO,RURAL,CURVA,INCLINADA,ASFALTADA,SI,PREVENTIVA (P),,SI,IMPRUDENCIA DEL CONDUCTOR,INVASIÓN DE CARRIL
A-2023-04-37,25/04/2023,14:30,DESPISTE,1,0,1,ICA,PALPA,LLIPATA,RURAL,CARRETERA,NACIONAL,PE-1S,NO,-14.55633,-75.200388,DESPEJADO,RURAL,TRAMO RECTO,PLANA ,ASFALTADA,,,,,NO IDENTIFICA LA CAUSA,