CODIGO_SINIESTRO,FECHA_SINIESTRO,HORA_SINIESTRO,CLASE_SINIESTRO,CANTIDAD_DE_FALLECIDOS,CANTIDAD_DE_LESIONADOS,CANTIDAD_DE_VEHICULOS_DANADOS,DEPARTAMENTO,PROVINCIA,DISTRITO,ZONA,TIPO_DE_VIA,RED_VIAL,COD_CARRETERA,EXISTE_CICLOVIA,COORDENADAS_LATITUD,COORDENADAS_LONGITUD,CONDICION_CLIMATICA,ZONIFICACION,CARACTERISTICAS_DE_VIA,PERFIL_LONGITUDINAL_VIA,SUPERFICIE_DE_CALZADA,EXISTE_SENAL_VERTICAL,CLASIFICACION_DE_LA_SENAL_VERTICAL_N_1,CLASIFICACION_DE_LA_SENAL_VERTICAL_N_2,EXISTE_SENAL_HORIZONTAL,CAUSA_FACTOR_PRINCIPAL,CAUSA_ESPECIFICA
A-2022-07-263,26/07/2022,20:20,CHOQUE FUGA,1,0,2,PIURA,PIURA,LAS LOMAS,RURAL,CARRETERA,NACIONAL,PE-1NL,NO,-4.67024173441454,-80.2463452216275,DESPEJADO,RURAL,TRAMO RECTO,PLANA ,ASFALTADA,,,,,EN PROCESO DE INVESTIGACIÓN,NO CUENTA CON CAUSA ESPECIFICA
A-2022-07-83,26/07/2022,20:20,ATROPELLO FUGA,1,0,1,AREQUIPA,AREQUIPA,YURA,URBANA,CARRETERA,NACIONAL,PE-34A,NO,-16.29761,-71.62601,DESPEJADO,COMERCIAL,TRAMO RECTO,PLANA ,ASFALTADA,NO,,,SI,NO IDENTIFICA LA CAUSA,
A-2022-07-106,26/07/2022,21:40,CHOQUE,1,0,2,LA LIBERTAD,TRUJILLO,LA ESPERANZA,URBANA,AVENIDA,URBANO,NO CORRESPONDE,NO,-8.062323,-79.052442,DESPEJADO,COMERCIAL,INTERSECCIÓN,PLANA ,ASFALTADA,,,,,IMPRUDENCIA DEL CONDUCTOR,DESACATO DE SEÑAL DE TRÁNSITO
A-2022-07-57,26/07/2022,23:00,ATROPELLO FUGA,1,0,,PUNO,PUNO,PICHACANI,RURAL,CARRETERA,NACIONAL,PE-36B,NO,-16.1410773898814,-70.0522881553746,DESPEJADO,RURAL,TRAMO RECTO,PLANA ,ASFALTADA,,,,,IMPRUDENCIA DEL PEATÓN,OTRO (IMPRUDENCIA DEL PEATÓN)
A-2023-07-62,26/07/2023,00:10,CHOQUE FUGA,1,0,1,CUSCO,ESPINAR,PICHIGUA,RURAL,CARRETERA,NACIONAL,PE-34F,NO,-14.69015601,-71.2827434,DESPEJADO,RURAL,TRAMO RECTO,PLANA ,ASFALTADA,NO,,,SI,EN PROCESO DE INVESTIGACIÓN,NO CUENTA CON CAUSA ESPECIFICA
A-2023-07-39,26/07/2023,03:20,ATROPELLO FUGA,1,0,,PUNO,CHUCUITO,JULI,RURAL,CARRETERA,DEPARTAMENTAL,PU-129,NO,-16.230081,-69.486051,DESPEJADO,RURAL,TRAMO RECTO,PLANA ,ASFALTADA,,,,,NO IDENTIFICA LA CAUSA,
A-2023-07-78,26/07/2023,06:30,ATROPELLO,1,0,1,LA LIBERTAD,CHEPEN,CHEPEN,RURAL,CARRETERA,NACIONAL,PE-08,NO,-7.30472731,-79.3348948,DESPEJADO,RURAL,TRAMO RECTO,PLANA ,ASFALTADA,,,,,NO IDENTIFICA LA CAUSA,
A-2023-07-92,26/07/2023,07:00,CHOQUE,1,0,,PIURA,MORROPON,LA MATANZA,RURAL,CARRETERA,VECINAL,PI-970,NO,-5.22061,-80.10604,DESPEJADO,RESIDENCIAL,TRAMO RECTO,PLANA ,ASFALTADA,,,,,,
A-2023-07-150,26/07/2023,07:40,CHOQUE,1,0,,LIMA,LIMA,CARABAYLLO,URBANA,AVENIDA,URBANO,NO CORRESPONDE,NO,-11.88595174,-77.03517614,DESPEJADO,COMERCIAL,TRAMO RECTO,INCLINADA,ASFALTADA,,,,,EN PROCESO DE INVESTIGACIÓN,NO CUENTA CON CAUSA ESPECIFICA
A-2023-07-49,26/07/2023,08:30,CHOQUE,1,0,2,ANCASH,RECUAY,TICAPAMPA,RURAL,CARRETERA,DEPARTAMENTAL,AN-110,SI,-9.688896,-77.252331,DESPEJADO,RURAL,TRAMO RECTO,PLANA ,ASFALTADA,SI,PREVENTIVA (P),,SI,NO IDENTIFICA LA CAUSA,
A-2023-07-53,26/07/2023,11:35,ATROPELLO,1,0,1,CUSCO,ESPINAR,OCORURO,RURAL,CARRETERA,NACIONAL,PE-34J,NO,-15.004788,-71.163553,DESPEJADO,RURAL,TRAMO RECTO,PLANA ,ASFALTADA,SI,REGULADORA (R),,NO,NO IDENTIFICA LA CAUSA,
A-2023-07-40,26/07/2023,17:45,CHOQUE,1,0,2,PUNO,PUNO,ACORA,RURAL,CARRETERA,NACIONAL,PE-3S,NO,-16.047864,-69.708915,DESPEJADO,RURAL,TRAMO RECTO,PLANA ,TROCHA,,,,,IMPRUDENCIA DEL CONDUCTOR,OTRO (IMPRUDENCIA DEL CONDUCTOR)
A-2023-07-94,26/07/2023,18:30,VOLCADURA,1,0,1,SAN MARTIN,MOYOBAMBA,CALZADA,RURAL,CARRETERA,NACIONAL,PE-5N,NO,-6.041742,-77.141574,DESPEJADO,RURAL,TRAMO RECTO,PLANA ,ASFALTADA,SI,REGULADORA (R),REGULADORA (R),NO,IMPRUDENCIA DEL CONDUCTOR,OTRO (IMPRUDENCIA DEL CONDUCTOR)
A-2023-07-169,26/07/2023,19:40,DESPISTE,2,1,1,AYACUCHO,HUANTA,UCHURACCAY,RURAL,CARRETERA,NACIONAL,PE-28B,NO,-12.7636194787032,-74.0048074181461,NIEBLA,RURAL,CURVA,INCLINADA,ASFALTADA,SI,PREVENTIVA (P),,NO,INFRAESTRUCTURA Y ENTORNO VIAL,FACTOR AMBIENTAL
A-2023-07-90,26/07/2023,22:00,CHOQUE,1,0,1,CALLAO,CALLAO,CALLAO,URBANA,AVENIDA,URBANO,NO CORRESPONDE,NO,-12.0487186,-77.10384117,DESPEJADO,INDUSTRIAL,TRAMO RECTO,PLANA ,ASFALTADA,,,,,,
A-2021-08-317,26/08/2021,10:00,CHOQUE,2,0,2,SAN MARTIN,LAMAS,LAMAS,RURAL,CARRETERA,DEPARTAMENTAL,SM-104,NO,-6.43085272978211,-76.5141481119447,SOLEADO,RURAL,TRAMO RECTO,PLANA ,ASFALTADA,SI,PREVENTIVA (P),,SI,IMPRUDENCIA DEL CONDUCTOR,EXCESO DE VELOCIDAD
A-2021-08-313,26/08/2021,14:15,DESPISTE,1,0,1,ANCASH,CASMA,COMANDANTE NOEL,RURAL,CARRETERA,NACIONAL,PE-1N,NO,-9.3971390677849,-78.377551244694,DESPEJADO,RURAL,TRAMO RECTO,PLANA ,ASFALTADA,,,,,NO IDENTIFICA LA CAUSA,
A-2021-08-144,26/08/2021,18:30,DESPISTE,1,0,1,CAJAMARCA,CHOTA,TACABAMBA,RURAL,CARRETERA,VECINAL,CA-919,NO,-6.4048889,-78.580102,DESPEJADO,RURAL,TRAMO RECTO,PLANA ,AFIRMADO,,,,,NO IDENTIFICA LA CAUSA,
A-2021-08-253,26/08/2021,19:35,CHOQUE,1,0,,LIMA,LIMA,SAN ISIDRO,URBANA,AVENIDA,URBANO,NO CORRESPONDE,NO,-12.0946751321445,-77.033037487832,NUBLADO,RESIDENCIAL,INTERSECCIÓN,PLANA ,ASFALTADA,,,,,IMPRUDENCIA DEL CONDUCTOR,DESACATO DE SEÑAL DE TRÁNSITO
A-2022-08-274,26/08/2022,04:25,CHOQUE,1,0,,LIMA,LIMA,SAN MARTIN DE PORRES,URBANA,AVENIDA,URBANO,NO CORRESPONDE,SI,-12.02945217,-77.06436898,DESPEJADO,COMERCIAL,CURVA,PLANA ,ASFALTADA,,,,,IMPRUDENCIA DEL CONDUCTOR,OTRO (IMPRUDENCIA DEL CONDUCTOR)
A-2022-08-89,26/08/2022,10:30,DESPISTE,1,0,1,CUSCO,CANCHIS,CHECACUPE,RURAL,CARRETERA,VECINAL,CU-1454,NO,-14.0305661,-71.3410491,DESPEJADO,RURAL,TRAMO RECTO,INCLINADA,TROCHA,,,,,NO IDENTIFICA LA CAUSA,
A-2022-08-82,26/08/2022,15:00,CHOQUE,1,2,2,ICA,PISCO,SAN ANDRES,URBANA,CARRETERA,NACIONAL,PE-1SG,NO,-13.7524192237255,-76.230022562846,DESPEJADO,INDUSTRIAL,TRAMO RECTO,PLANA ,ASFALTADA,,,,,IMPRUDENCIA DEL CONDUCTOR,GIRAR IMPRUDENTEMENTE
A-2022-08-137,26/08/2022,17:15,CHOQUE,1,0,2,PUNO,MELGAR,SANTA ROSA,RURAL,CARRETERA,NACIONAL,PE-3S,NO,-14.5110908713861,-70.9233891748091,DESPEJADO,RURAL,TRAMO RECTO,PLANA ,ASFALTADA,,,,,IMPRUDENCIA DEL CONDUCTOR,INVASIÓN DE CARRIL
A-2022-08-147,26/08/2022,18:40,ATROPELLO FUGA,1,0,1,LIMA,LIMA,ANCON,URBANA,CARRETERA,NACIONAL,PE-1N,NO,-11.773241,-77.159443,DESPEJADO,COMERCIAL,TRAMO RECTO,PLANA ,ASFALTADA,,,,,NO IDENTIFICA LA CAUSA,
A-2022-08-182,26/08/2022,20:00,ATROPELLO,1,0,1,TACNA,TACNA,CORONEL GREGORIO ALBARRACIN LANCHIPA,URBANA,CARRETERA,VECINAL,TA-634,NO,-18.046278,-70.249627,DESPEJADO,COMERCIAL,INTERSECCIÓN,INCLINADA,ASFALTADA,,,,,IMPRUDENCIA DEL CONDUCTOR,EXCESO DE VELOCIDAD
A-2022-08-84,26/08/2022,20:30,CHOQUE,1,0,2,LAMBAYEQUE,CHICLAYO,LAGUNAS,URBANA,CARRETERA,NACIONAL,PE-1N,NO,-6.9788991,-79.6453884,DESPEJADO,RURAL,CURVA,PLANA ,ASFALTADA,SI,INFORMATIVA (I),,NO,NO IDENTIFICA LA CAUSA,
A-2022-08-146,26/08/2022,21:20,ATROPELLO,1,0,1,LIMA,LIMA,VILLA EL SALVADOR,URBANA,AVENIDA,URBANO,NO CORRESPONDE,NO,-12.218494,-76.921427,DESPEJADO,COMERCIAL,TRAMO RECTO,PLANA ,ASFALTADA,,,,,NO IDENTIFICA LA CAUSA,
A-2022-08-74,26/08/2022,23:30,CHOQUE,1,0,2,ICA,ICA,SANTIAGO,URBANA,CARRETERA,NACIONAL,PE-1S,NO,-14.1368377330864,-75.7175221611007,DESPEJADO,RURAL,CURVA,PLANA ,ASFALTADA,,,,,IMPRUDENCIA DEL CONDUCTOR,INVASIÓN DE CARRIL
A-2023-08-143,26/08/2023,00:42,CHOQUE CON OBJETO FIJO,1,1,1,AYACUCHO,HUAMANGA,AYACUCHO,URBANA,AVENIDA,URBANO,NO CORRESPONDE,NO,-13.1475633313188,-74.2236651285285,DESPEJADO,RESIDENCIAL,TRAMO RECTO,INCLINADA,ASFALTADA,,,,,IMPRUDENCIA DEL CONDUCTOR,CONDUCIR EN ESTADO DE EBRIEDAD Y/O DROGADICCIÓN
A-2023-08-152,26/08/2023,19:30,ATROPELLO,1,0,,CALLAO,CALLAO,LA PERLA,URBANA,AVENIDA,URBANO,NO CORRESPONDE,NO,-12.06418051,-77.11217547,DESPEJADO,RESIDENCIAL,TRAMO RECTO,PLANA ,ASFALTADA,SI,REGULADORA (R),,SI,IMPRUDENCIA DEL PEATÓN,CRUCE INDEBIDO POR LA CALZADA
A-2021-09-99,26/09/2021,00:50,VOLCADURA,1,3,1,ICA,NASCA,MARCONA,RURAL,CARRETERA,SIN CLASIFICAR,SIN CLASIFICAR,NO,-15.3975951,-75.142132,NUBLADO,RURAL,OTRO,PLANA ,TROCHA,,,,,IMPRUDENCIA DEL CONDUCTOR,CONDUCIR EN ESTADO DE EBRIEDAD Y/O DROGADICCIÓN
A-2021-09-142,26/09/2021,15:40,ATROPELLO,1,0,1,LA LIBERTAD,TRUJILLO,TRUJILLO,URBANA,AVENIDA,URBANO,NO CORRESPONDE,NO,-8.092923,-79.017566,DESPEJADO,COMERCIAL,TRAMO RECTO,PLANA ,ASFALTADA,,,,,NO IDENTIFICA LA CAUSA,
A-2021-09-169,26/09/2021,16:30,DESPISTE,1,6,1,CUSCO,CHUMBIVILCAS,VELILLE,RURAL,CARRETERA,NACIONAL,PE-3SW,NO,-14.618753,-71.740671,DESPEJADO,RURAL,SINUOSA,INCLINADA,ASFALTADA,,,,,IMPRUDENCIA DEL CONDUCTOR,EXCESO DE VELOCIDAD
A-2021-09-141,26/09/2021,19:30,DESPISTE,1,11,1,SAN MARTIN,MOYOBAMBA,MOYOBAMBA,RURAL,CARRETERA,DEPARTAMENTAL,SM-100,NO,-6.049048,-76.956868,DESPEJADO,RURAL,CURVA,INCLINADA,CASCAJO/RIPIO,,,,,NO IDENTIFICA LA CAUSA,
A-2021-09-105,26/09/2021,21:00,ATROPELLO FUGA,1,0,0,AREQUIPA,AREQUIPA,SACHACA,URBANA,AVENIDA,URBANO,NO CORRESPONDE,NO,-16.4173344,-71.5834855,DESPEJADO,RESIDENCIAL,TRAMO RECTO,PLANA ,ASFALTADA,,,,,NO IDENTIFICA LA CAUSA,
A-2022-09-196,26/09/2022,02:45,CHOQUE,1,2,,LIMA,LIMA,LOS OLIVOS,URBANA,AVENIDA,URBANO,NO CORRESPONDE,,-11.9914993973518,-77.0769828195868,,,,,,,,,,,
A-2022-09-128,26/09/2022,18:10,ATROPELLO,1,0,1,CUSCO,CUSCO,SAN JERONIMO,URBANA,CARRETERA,VECINAL,CU-1297,NO,-13.5507357450174,-71.8962316888108,DESPEJADO,INDUSTRIAL,CURVA,PLANA ,TROCHA,,,,,NO IDENTIFICA LA CAUSA,
A-2022-09-195,26/09/2022,18:30,ATROPELLO,1,0,,LIMA,LIMA,LOS OLIVOS,URBANA,CARRETERA,NACIONAL,PE-1N,NO,-11.9373254892634,-77.0718383410714,DESPEJADO,COMERCIAL,TRAMO RECTO,PLANA ,ASFALTADA,,,,,NO IDENTIFICA LA CAUSA,
A-2022-09-214,26/09/2022,18:30,DESPISTE,1,0,,CAJAMARCA,CUTERVO,SOCOTA,RURAL,CARRETERA,VECINAL,CA-807,NO,-6.309768,-78.731268,SOLEADO,RURAL,TRAMO RECTO,INCLINADA,AFIRMADO,,,,,NO IDENTIFICA LA CAUSA,
A-2022-09-264,26/09/2022,19:05,ATROPELLO,1,0,,JUNIN,CHANCHAMAYO,CHANCHAMAYO,URBANA,CARRETERA,NACIONAL,PE-22B,NO,-11.0551394083934,-75.3250709519465,SOLEADO,COMERCIAL,INTERSECCIÓN,PLANA ,ASFALTADA,,,,,IMPRUDENCIA DEL CONDUCTOR,EXCESO DE VELOCIDAD
A-2022-09-111,26/09/2022,20:20,CHOQUE CON OBJETO FIJO,1,3,1,PUNO,EL COLLAO,ILAVE,RURAL,CARRETERA,VECINAL,PU-1161,NO,-16.023256,-69.46735,DESPEJADO,RURAL,CURVA,PLANA ,ASFALTADA,,,,,IMPRUDENCIA DEL CONDUCTOR,CONDUCIR EN ESTADO DE EBRIEDAD Y/O DROGADICCIÓN
A-2023-09-138,26/09/2023,01:30,VOLCADURA,1,0,,LIMA,LIMA,RIMAC,URBANA,CARRETERA,NACIONAL,PE-1N,NO,-12.0424368,-77.03060399,DESPEJADO,COMERCIAL,TRAMO RECTO,PLANA ,ASFALTADA,,,,,IMPRUDENCIA DEL CONDUCTOR,OTRO (IMPRUDENCIA DEL CONDUCTOR)
A-2023-09-45,26/09/2023,07:55,CHOQUE,1,0,,AREQUIPA,AREQUIPA,AREQUIPA,URBANA,AVENIDA,URBANO,NO CORRESPONDE,NO,-16.409531,-71.533565,DESPEJADO,RESIDENCIAL,TRAMO RECTO,PLANA ,ASFALTADA,,,,,NO IDENTIFICA LA CAUSA,
A-2023-09-139,26/09/2023,19:25,ATROPELLO,1,1,,LIMA,LIMA,ANCON,URBANA,CARRETERA,NACIONAL,PE-1N,NO,-11.769943,-77.158992,DESPEJADO,RURAL,TRAMO RECTO,PLANA ,ASFALTADA,,,,,NO IDENTIFICA LA CAUSA,
A-2021-10-277,26/10/2021,12:00,CHOQUE,2,2,2,SAN MARTIN,LAMAS,CAYNARACHI,RURAL,CARRETERA,NACIONAL,PE-5NB,NO,-6.30668,-76.28044,DESPEJADO,RURAL,CURVA,INCLINADA,ASFALTADA,SI,REGULADORA (R),,SI,IMPRUDENCIA DEL CONDUCTOR,INVASIÓN DE CARRIL
A-2021-10-126,26/10/2021,16:00,CAÍDA DE PASAJERO,1,0,1,LA LIBERTAD,TRUJILLO,LA ESPERANZA,URBANA,CALLE,URBANO,NO CORRESPONDE,NO,-8.063115,-79.078798,DESPEJADO,RESIDENCIAL,TRAMO RECTO,PLANA ,ASFALTADA,,,,,IMPRUDENCIA DEL CONDUCTOR,OTRO (IMPRUDENCIA DEL CONDUCTOR)
A-2021-10-203,26/10/2021,17:30,ATROPELLO,1,0,0,LIMA,LIMA,SANTA ANITA,URBANA,AVENIDA,URBANO,NO CORRESPONDE,NO,-12.0408,-76.96171,DESPEJADO,COMERCIAL,TRAMO RECTO,PLANA ,ASFALTADA,,,,,NO IDENTIFICA LA CAUSA,
A-2022-10-88,26/10/2022,00:10,CHOQUE,1,13,2,LAMBAYEQUE,LAMBAYEQUE,LAMBAYEQUE,RURAL,CARRETERA,NACIONAL,PE-1N,NO,-6.673352,-79.9135,DESPEJADO,RURAL,TRAMO RECTO,PLANA ,ASFALTADA,,,,,NO IDENTIFICA LA CAUSA,
A-2022-10-211,26/10/2022,09:10,CHOQUE,1,0,,UCAYALI,CORONEL PORTILLO,CAMPOVERDE,RURAL,CARRETERA,NACIONAL,PE-18C,NO,-8.524143,-74.865134,DESPEJADO,RURAL,TRAMO RECTO,INCLINADA,ASFALTADA,SI,REGULADORA (R),PREVENTIVA (P),SI,IMPRUDENCIA DEL CONDUCTOR,OTRO (IMPRUDENCIA DEL CONDUCTOR)
A-2022-10-131,26/10/2022,11:27,ATROPELLO,1,0,,CAJAMARCA,CHOTA,CHOTA,URBANA,CARRETERA,NACIONAL,PE-3N,NO,-6.55847833,-78.64608833,DESPEJADO,RESIDENCIAL,INTERSECCIÓN,INCLINADA,CONCRETO,SI,REGULADORA (R),,NO,NO IDENTIFICA LA CAUSA,
A-2022-10-50,26/10/2022,11:30,DESPISTE,1,0,1,ANCASH,HUARAZ,LA LIBERTAD,RURAL,CARRETERA,SIN CLASIFICAR,SIN CLASIFICAR,NO,-9.58575448260596,-77.7497250155561,NUBLADO,RURAL,OTRO,INCLINADA,TROCHA,,,,,NO IDENTIFICA LA CAUSA,
A-2022-10-22,26/10/2022,22:00,CHOQUE FUGA,1,0,1,CUSCO,CANCHIS,SICUANI,URBANA,CARRETERA,NACIONAL,PE-3S,NO,-14.2671904714842,-71.2350806314782,DESPEJADO,RESIDENCIAL,TRAMO RECTO,PLANA ,ASFALTADA,,,,,IMPRUDENCIA DEL CONDUCTOR,EXCESO DE VELOCIDAD
A-2022-10-192,26/10/2022,23:50,ATROPELLO,1,0,1,ICA,NASCA,VISTA ALEGRE,URBANA,CARRETERA,NACIONAL,PE-1S,NO,-14.852785,-74.960668,DESPEJADO,COMERCIAL,TRAMO RECTO,PLANA ,ASFALTADA,,,,,NO IDENTIFICA LA CAUSA,
A-2023-10-127,26/10/2023,05:45,ATROPELLO,1,0,,LIMA,LIMA,SAN LUIS,URBANA,AVENIDA,URBANO,NO CORRESPONDE,NO,-12.07004287,-76.99492787,DESPEJADO,COMERCIAL,TRAMO RECTO,PLANA ,ASFALTADA,,,,,NO IDENTIFICA LA CAUSA,
A-2023-10-54,26/10/2023,06:00,CHOQUE,1,1,2,PUNO,PUNO,COATA,RURAL,CARRETERA,DEPARTAMENTAL,PU-118,NO,-15.5658622428654,-69.9565131310587,DESPEJADO,RURAL,TRAMO RECTO,PLANA ,ASFALTADA,,,,,IMPRUDENCIA DEL CONDUCTOR,GIRAR IMPRUDENTEMENTE
A-2021-11-64,26/11/2021,01:45,ATROPELLO FUGA,1,0,1,LIMA,HUAURA,SANTA MARIA,RURAL,CARRETERA,NACIONAL,PE-1N,NO,-11.087076,-77.583176,DESPEJADO,RURAL,TRAMO RECTO,INCLINADA,ASFALTADA,,,,,NO IDENTIFICA LA CAUSA,
A-2021-11-71,26/11/2021,04:30,CHOQUE,1,0,1,PUNO,SAN ROMAN,JULIACA,URBANA,CARRETERA,NACIONAL,PE-3S,NO,-15.4740654301971,-70.1372390623389,DESPEJADO,COMERCIAL,TRAMO RECTO,PLANA ,ASFALTADA,,,,,IMPRUDENCIA DEL CONDUCTOR,INVASIÓN DE CARRIL
A-2021-11-233,26/11/2021,05:00,CHOQUE FUGA,1,1,2,AREQUIPA,CARAVELI,CHAPARRA,RURAL,CARRETERA,NACIONAL,PE-1S,NO,-15.9230911323181,-74.1162915449223,DESPEJADO,RURAL,TRAMO RECTO,PLANA ,ASFALTADA,,,,,NO IDENTIFICA LA CAUSA,
A-2021-11-187,26/11/2021,14:00,ATROPELLO FUGA,1,0,0,LIMA,LIMA,LA VICTORIA,URBANA,AVENIDA,URBANO,NO CORRESPONDE,SI,-12.0802354862508,-77.0079011080733,DESPEJADO,COMERCIAL,TRAMO RECTO,PLANA ,ASFALTADA,,,,,NO IDENTIFICA LA CAUSA,
A-2021-11-73,26/11/2021,20:00,ATROPELLO,1,0,1,PUNO,SAN ROMAN,SAN MIGUEL,RURAL,CARRETERA,NACIONAL,PE-3S,NO,-15.4067364,-70.1510499,DESPEJADO,RURAL,TRAMO RECTO,PLANA ,ASFALTADA,,,,,IMPRUDENCIA DEL PEATÓN,CRUCE INDEBIDO POR LA CALZADA
A-2021-11-74,26/11/2021,22:42,CHOQUE,1,0,1,PUNO,LAMPA,CALAPUJA,RURAL,CARRETERA,NACIONAL,PE-3S,NO,-15.3169838711257,-70.2013545703828,NUBLADO,RURAL,TRAMO RECTO,PLANA ,ASFALTADA,,,,,IMPRUDENCIA DEL CONDUCTOR,INVASIÓN DE CARRIL
A-2022-11-234,26/11/2022,07:50,DESPISTE,1,0,,LIMA,LIMA,LOS OLIVOS,URBANA,AVENIDA,URBANO,NO CORRESPONDE,NO,-11.9618974278533,-77.0633492782587,DESPEJADO,RESIDENCIAL,INTERSECCIÓN,PLANA ,ASFALTADA,,,,,IMPRUDENCIA DEL CONDUCTOR,OTRO (IMPRUDENCIA DEL CONDUCTOR)
A-2022-11-96,26/11/2022,11:40,CHOQUE,1,1,2,LA LIBERTAD,TRUJILLO,LAREDO,RURAL,CARRETERA,NACIONAL,PE-10A,NO,-8.098803,-78.95821,DESPEJADO,RURAL,TRAMO RECTO,PLANA ,ASFALTADA,,,,,NO IDENTIFICA LA CAUSA,
A-2022-11-27,26/11/2022,15:20,DESPISTE,1,0,1,AREQUIPA,AREQUIPA,CAYMA,URBANA,CALLE,URBANO,NO CORRESPONDE,NO,-16.3328122,-71.5518908,DESPEJADO,RURAL,TRAMO RECTO,INCLINADA,ASFALTADA,,,,,NO IDENTIFICA LA CAUSA,
A-2022-11-130,26/11/2022,16:00,ATROPELLO,1,0,1,CAJAMARCA,CUTERVO,CUTERVO,URBANA,CARRETERA,NACIONAL,PE-3N,NO,-6.382676,-78.835499,DESPEJADO,RESIDENCIAL,TRAMO RECTO,PLANA ,AFIRMADO,,,,,IMPRUDENCIA DEL CONDUCTOR,EXCESO DE VELOCIDAD
A-2022-11-35,26/11/2022,19:20,ATROPELLO,1,0,1,CUSCO,CALCA,PISAC,RURAL,CARRETERA,DEPARTAMENTAL,CU-112,NO,-13.4073417104378,-71.8301931424822,DESPEJADO,RURAL,CURVA,INCLINADA,ASFALTADA,SI,PREVENTIVA (P),REGULADORA (R),SI,IMPRUDENCIA DEL PEATÓN,ESTADO DE EBRIEDAD Y/O DROGADICCIÓN
A-2022-11-78,26/11/2022,19:35,ATROPELLO FUGA,1,0,,TACNA,TACNA,TACNA,RURAL,CARRETERA,NACIONAL,PE-1S,NO,-18.292291,-70.316267,DESPEJADO,RURAL,TRAMO RECTO,PLANA ,ASFALTADA,,,,,IMPRUDENCIA DEL CONDUCTOR,EXCESO DE VELOCIDAD
A-2022-11-110,26/11/2022,22:00,CHOQUE,1,3,1,PUNO,SAN ROMAN,JULIACA,RURAL,CARRETERA,NACIONAL,PE-34A,NO,-15.5057408,-70.1625425,NUBLADO,RURAL,TRAMO RECTO,PLANA ,ASFALTADA,,,,,IMPRUDENCIA DEL CONDUCTOR,EXCESO DE VELOCIDAD
A-2023-11-133,26/11/2023,00:30,ATROPELLO FUGA,1,0,,LIMA,LIMA,LURIN,URBANA,CARRETERA,NACIONAL,PE-1S,NO,-12.297378,-76.8552,DESPEJADO,RURAL,TRAMO RECTO,PLANA ,ASFALTADA,,,,,,
A-2023-11-148,26/11/2023,14:30,DESPISTE,1,0,,PIURA,AYABACA,PACAIPAMPA,RURAL,CARRETERA,NACIONAL,PE-3N,NO,-4.946504,-79.57293,DESPEJADO,RURAL,TRAMO RECTO,PLANA ,ASFALTADA,,,,,,
A-2021-12-243,26/12/2021,04:00,DESPISTE,1,0,1,LIMA,LIMA,CHACLACAYO,URBANA,CARRETERA,NACIONAL,PE-22,NO,-11.990416,-76.820875,DESPEJADO,RESIDENCIAL,TRAMO RECTO,PLANA ,ASFALTADA,,,,,NO IDENTIFICA LA CAUSA,
A-2021-12-186,26/12/2021,04:40,ATROPELLO FUGA,1,0,0,LAMBAYEQUE,LAMBAYEQUE,OLMOS,RURAL,CARRETERA,NACIONAL,PE-1NJ,NO,-5.74703963952395,-79.8704284246179,DESPEJADO,RURAL,TRAMO RECTO,PLANA ,ASFALTADA,SI,REGULADORA (R),INFORMATIVA (I),NO,NO IDENTIFICA LA CAUSA,
A-2021-12-122,26/12/2021,13:00,DESPISTE,1,1,1,HUANCAVELICA,ANGARAES,CHINCHO,RURAL,CARRETERA,VECINAL,HV-667,NO,-13.03333,-74.28189,DESPEJADO,RURAL,CURVA,INCLINADA,AFIRMADO,,,,,NO IDENTIFICA LA CAUSA,
A-2021-12-245,26/12/2021,16:00,VOLCADURA,1,0,1,LIMA,LIMA,LA VICTORIA,URBANA,AVENIDA,URBANO,NO CORRESPONDE,NO,-12.067019,-76.997399,SOLEADO,COMERCIAL,INTERSECCIÓN,PLANA ,ASFALTADA,,,,,NO IDENTIFICA LA CAUSA,
A-2021-12-244,26/12/2021,17:15,ATROPELLO,2,1,1,LIMA,LIMA,CHORRILLOS,URBANA,AVENIDA,URBANO,NO CORRESPONDE,NO,-12.181323,-77.012318,DESPEJADO,RESIDENCIAL,INTERSECCIÓN,PLANA ,ASFALTADA,,,,,NO IDENTIFICA LA CAUSA,
A-2021-12-279,26/12/2021,21:30,DESPISTE,1,0,1,AREQUIPA,CARAVELI,HUANUHUANU,RURAL,CARRETERA,SIN CLASIFICAR,SIN CLASIFICAR,NO,-15.538040513216,-74.1252374788763,DESPEJADO,RURAL,CURVA,INCLINADA,TROCHA,,,,,NO IDENTIFICA LA CAUSA,
A-2021-12-83,26/12/2021,23:30,DESPISTE,1,0,1,ICA,PISCO,SAN ANDRES,URBANA,CARRETERA,NACIONAL,PE-28,NO,-13.7114134,-76.1871595,DESPEJADO,COMERCIAL,TRAMO RECTO,PLANA ,ASFALTADA,,,,,NO IDENTIFICA LA CAUSA,