CODIGO_SINIESTRO,FECHA_SINIESTRO,HORA_SINIESTRO,CLASE_SINIESTRO,CANTIDAD_DE_FALLECIDOS,CANTIDAD_DE_LESIONADOS,CANTIDAD_DE_VEHICULOS_DANADOS,DEPARTAMENTO,PROVINCIA,DISTRITO,ZONA,TIPO_DE_VIA,RED_VIAL,COD_CARRETERA,EXISTE_CICLOVIA,COORDENADAS_LATITUD,COORDENADAS_LONGITUD,CONDICION_CLIMATICA,ZONIFICACION,CARACTERISTICAS_DE_VIA,PERFIL_LONGITUDINAL_VIA,SUPERFICIE_DE_CALZADA,EXISTE_SENAL_VERTICAL,CLASIFICACION_DE_LA_SENAL_VERTICAL_N_1,CLASIFICACION_DE_LA_SENAL_VERTICAL_N_2,EXISTE_SENAL_HORIZONTAL,CAUSA_FACTOR_PRINCIPAL,CAUSA_ESPECIFICA
A-2021-04-261,28/04/2021,16:30,ATROPELLO,1,0,,LIMA,LIMA,LURIN,URBANA,CALLE,URBANO,NO CORRESPONDE,NO,-12.28618,-76.87237,DESPEJADO,INDUSTRIAL,TRAMO RECTO,PLANA ,ASFALTADA,,,,,IMPRUDENCIA DEL CONDUCTOR,OTRO (IMPRUDENCIA DEL CONDUCTOR)
A-2021-04-184,28/04/2021,17:30,DESPISTE,1,2,0,PUNO,CHUCUITO,JULI,,CARRETERA,VECINAL,PU-1274,NO,-16.249499,-69.390472,DESPEJADO,RURAL,SINUOSA,INCLINADA,TROCHA,,,,,IMPRUDENCIA DEL CONDUCTOR,EXCESO DE VELOCIDAD
A-2021-04-189,28/04/2021,19:30,ATROPELLO,1,0,1,CUSCO,QUISPICANCHI,QUIQUIJANA,RURAL,CARRETERA,NACIONAL,PE-3S,NO,-13.804365,-71.545984,DESPEJADO,RURAL,TRAMO RECTO,PLANA ,ASFALTADA,,,,,IMPRUDENCIA DEL CONDUCTOR,EXCESO DE VELOCIDAD
A-2022-04-151,28/04/2022,04:00,CHOQUE,3,1,2,PIURA,SECHURA,SECHURA,RURAL,CARRETERA,NACIONAL,PE-1N,NO,-5.888105,-80.535133,DESPEJADO,RURAL,TRAMO RECTO,PLANA ,ASFALTADA,,,,,IMPRUDENCIA DEL CONDUCTOR,INVASIÓN DE CARRIL
A-2022-04-211,28/04/2022,06:45,CHOQUE,2,0,,ANCASH,HUARMEY,HUARMEY,RURAL,CARRETERA,NACIONAL,PE-1N,NO,-10.406937,-77.967914,DESPEJADO,RURAL,CURVA,PLANA ,ASFALTADA,,,,,NO IDENTIFICA LA CAUSA,
A-2022-04-261,28/04/2022,16:30,CHOQUE,1,0,,LIMA,LIMA,LINCE,URBANA,PASAJE,URBANO,NO CORRESPONDE,,-12.083654,-77.043243,,,,,,,,,,,
A-2022-04-157,28/04/2022,17:15,ATROPELLO,1,0,1,LIMA,HUARAL,AUCALLAMA,URBANA,CARRETERA,NACIONAL,PE-20C,NO,-11.5850924436157,-77.201952308762,DESPEJADO,RESIDENCIAL,TRAMO RECTO,PLANA ,ASFALTADA,,,,,IMPRUDENCIA DEL PEATÓN,CRUCE INDEBIDO POR LA CALZADA
A-2022-04-262,28/04/2022,17:50,CHOQUE,1,0,,LIMA,LIMA,LURIGANCHO,URBANA,CARRETERA,VECINAL,LM-711,,-11.969253,-76.937386,,,,,,,,,,,
A-2023-04-121,28/04/2023,09:10,ATROPELLO,1,0,,LIMA,LIMA,BARRANCO,URBANA,AVENIDA,URBANO,NO CORRESPONDE,NO,-12.15348967,-77.01962601,DESPEJADO,ESCOLAR,INTERSECCIÓN,INCLINADA,ASFALTADA,SI,PREVENTIVA (P),REGULADORA (R),SI,IMPRUDENCIA DEL CONDUCTOR,OTRO (IMPRUDENCIA DEL CONDUCTOR)
A-2023-04-178,28/04/2023,15:20,DESPISTE,1,0,1,TACNA,TACNA,POCOLLAY,URBANA,AVENIDA,URBANO,NO CORRESPONDE,NO,-17.9863805902212,-70.2229892634225,DESPEJADO,RESIDENCIAL,CURVA,PLANA ,ASFALTADA,,,,,IMPRUDENCIA DEL CONDUCTOR,CONDUCIR EN ESTADO DE EBRIEDAD Y/O DROGADICCIÓN
A-2023-04-163,28/04/2023,17:20,CHOQUE,1,0,,JUNIN,HUANCAYO,HUANCAN,URBANA,CARRETERA,NACIONAL,PE-3S,NO,-12.116567,-75.216672,DESPEJADO,RURAL,CURVA,PLANA ,ASFALTADA,SI,REGULADORA (R),,SI,IMPRUDENCIA DEL CONDUCTOR,OTRO (IMPRUDENCIA DEL CONDUCTOR)
A-2023-04-102,28/04/2023,23:40,CHOQUE,1,0,2,PASCO,PASCO,YANACANCHA,RURAL,CARRETERA,NACIONAL,PE-3N,NO,-10.6269550202684,-76.1770533974552,DESPEJADO,RURAL,CURVA,INCLINADA,ASFALTADA,,,,,IMPRUDENCIA DEL CONDUCTOR,INVASIÓN DE CARRIL
A-2021-05-198,28/05/2021,04:20,DESPISTE,1,0,1,APURIMAC,GRAU,PROGRESO,RURAL,CARRETERA,NACIONAL,PE-3SF,NO,-14.0915482054179,-72.4669091751593,DESPEJADO,RURAL,CURVA,INCLINADA,ASFALTADA,,,,,IMPRUDENCIA DEL CONDUCTOR,FATIGA Y/O CANSANCIO
A-2021-05-267,28/05/2021,05:00,DESPISTE,3,0,1,PUNO,AZANGARO,SANTIAGO DE PUPUJA,RURAL,CARRETERA,NACIONAL,PE-34B,NO,-15.0097694100568,-70.1810931569851,DESPEJADO,RURAL,TRAMO RECTO,PLANA ,ASFALTADA,,,,,IMPRUDENCIA DEL CONDUCTOR,EXCESO DE VELOCIDAD
A-2021-05-172,28/05/2021,06:00,CHOQUE,1,1,2,PIURA,PIURA,CASTILLA,URBANA,CARRETERA,DEPARTAMENTAL,PI-126,NO,-4.989286677,-80.58363662,DESPEJADO,RURAL,CURVA,PLANA ,ASFALTADA,SI,REGULADORA (R),INFORMATIVA (I),SI,,
A-2021-05-212,28/05/2021,08:20,CHOQUE,1,1,2,LA LIBERTAD,TRUJILLO,HUANCHACO,RURAL,CARRETERA,NACIONAL,PE-1N,NO,-8.064051,-79.090253,DESPEJADO,RURAL,TRAMO RECTO,PLANA ,ASFALTADA,,,,,IMPRUDENCIA DEL CONDUCTOR,GIRAR IMPRUDENTEMENTE
A-2021-05-199,28/05/2021,09:00,ATROPELLO,1,0,1,APURIMAC,ANTABAMBA,HUAQUIRCA,URBANA,CALLE,URBANO,NO CORRESPONDE,NO,-14.339813536651,-72.8950592666448,DESPEJADO,RURAL,TRAMO RECTO,PLANA ,TROCHA,,,,,,
A-2021-05-203,28/05/2021,10:10,CHOQUE,1,0,2,CUSCO,CHUMBIVILCAS,VELILLE,RURAL,CARRETERA,NACIONAL,PE-3SG,NO,-14.574877,-71.722283,DESPEJADO,RURAL,CURVA,INCLINADA,TROCHA,,,,,IMPRUDENCIA DEL CONDUCTOR,EXCESO DE VELOCIDAD
A-2021-05-237,28/05/2021,11:35,DESPISTE,1,1,1,ANCASH,RECUAY,COTAPARACO,RURAL,CARRETERA,VECINAL,AN-1225,NO,-10.0042909530918,-77.596593603535,DESPEJADO,RURAL,TRAMO RECTO,PLANA ,TROCHA,,,,,INFRAESTRUCTURA Y ENTORNO VIAL,OTRO (INFRAESTRUCTURA Y ENTORNO VIAL)
A-2021-05-277,28/05/2021,15:30,CHOQUE,1,0,2,SAN MARTIN,RIOJA,YURACYACU,RURAL,CARRETERA,NACIONAL,PE-5N,NO,-5.956872,-77.228726,DESPEJADO,RURAL,CURVA,PLANA ,ASFALTADA,,,,,IMPRUDENCIA DEL CONDUCTOR,INVASIÓN DE CARRIL
A-2021-05-173,28/05/2021,16:30,CHOQUE,1,2,2,TACNA,TACNA,LA YARADA LOS PALOS,RURAL,CARRETERA,NACIONAL,PE-1SD,NO,-18.122931,-70.38478,DESPEJADO,RURAL,TRAMO RECTO,INCLINADA,ASFALTADA,,,,,IMPRUDENCIA DEL CONDUCTOR,OTRO (IMPRUDENCIA DEL CONDUCTOR)
A-2021-05-313,28/05/2021,19:00,ATROPELLO,2,0,0,LIMA,LIMA,LURIN,URBANA,CARRETERA,NACIONAL,PE-1S,NO,-12.249579685482,-76.9317592700767,DESPEJADO,RESIDENCIAL,TRAMO RECTO,PLANA ,ASFALTADA,,,,,IMPRUDENCIA DEL PEATÓN,ESTADO DE EBRIEDAD Y/O DROGADICCIÓN
A-2021-05-286,28/05/2021,19:10,DESPISTE,2,0,1,MOQUEGUA,ILO,PACOCHA,RURAL,CARRETERA,NACIONAL,PE-1SD,NO,-17.287596,-71.452845,DESPEJADO,RURAL,CURVA,INCLINADA,ASFALTADA,SI,PREVENTIVA (P),,SI,IMPRUDENCIA DEL CONDUCTOR,EXCESO DE VELOCIDAD
A-2021-05-208,28/05/2021,20:15,ATROPELLO FUGA,1,0,1,JUNIN,TARMA,TARMA,RURAL,JIRÓN,URBANO,NO CORRESPONDE,NO,-11.4164276335238,-75.6873356186478,DESPEJADO,RURAL,INTERSECCIÓN,PLANA ,ASFALTADA,,,,,,
A-2021-05-197,28/05/2021,22:20,CHOQUE,2,0,2,JUNIN,SATIPO,RIO NEGRO,RURAL,CARRETERA,NACIONAL,PE-5S,NO,-11.2140330573703,-74.6558337264273,DESPEJADO,RURAL,TRAMO RECTO,INCLINADA,ASFALTADA,,,,,,
A-2022-05-141,28/05/2022,02:00,DESPISTE,1,1,1,ANCASH,HUARI,RAPAYAN,RURAL,CARRETERA,SIN CLASIFICAR,SIN CLASIFICAR,NO,-9.23053754072146,-76.7435741125523,LLUVIOSO,RURAL,SINUOSA,PLANA ,AFIRMADO,SI,PREVENTIVA (P),,NO,IMPRUDENCIA DEL CONDUCTOR,FATIGA Y/O CANSANCIO
A-2022-05-201,28/05/2022,03:30,CHOQUE FUGA,1,0,,ANCASH,SANTA,NUEVO CHIMBOTE,URBANA,CARRETERA,NACIONAL,PE-1N,NO,-9.132806,-78.526513,DESPEJADO,COMERCIAL,TRAMO RECTO,PLANA ,ASFALTADA,,,,,NO IDENTIFICA LA CAUSA,
A-2022-05-131,28/05/2022,13:00,DESPISTE,1,1,1,LA LIBERTAD,JULCAN,JULCAN,RURAL,CARRETERA,SIN CLASIFICAR,SIN CLASIFICAR,NO,-8.01788,-78.492144,DESPEJADO,RURAL,TRAMO RECTO,PLANA ,TROCHA,,,,,NO IDENTIFICA LA CAUSA,
A-2022-05-119,28/05/2022,16:30,DESPISTE,1,0,1,PUNO,CHUCUITO,JULI,RURAL,CARRETERA,NACIONAL,PE-3S,NO,-16.1970959,-69.5231013,DESPEJADO,RURAL,TRAMO RECTO,PLANA ,ASFALTADA,,,,,IMPRUDENCIA DEL CONDUCTOR,FATIGA Y/O CANSANCIO
A-2022-05-266,28/05/2022,16:40,CHOQUE,1,0,,LIMA,LIMA,LURIN,URBANA,CARRETERA,VECINAL,LM-797,,-12.27257,-76.873766,,,,,,,,,,,
A-2022-05-234,28/05/2022,18:20,DESPISTE,1,0,,JUNIN,CHANCHAMAYO,CHANCHAMAYO,RURAL,CARRETERA,NACIONAL,PE-22B,,-10.9954297033544,-75.3145998208021,,,,,,,,,,,
A-2022-05-103,28/05/2022,20:00,CHOQUE,1,0,2,ICA,ICA,PUEBLO NUEVO,URBANA,CARRETERA,NACIONAL,PE-1S,NO,-14.127625,-75.716393,DESPEJADO,RURAL,CURVA,PLANA ,ASFALTADA,,,,,NO IDENTIFICA LA CAUSA,
A-2022-05-120,28/05/2022,20:40,CHOQUE,1,2,2,AREQUIPA,AREQUIPA,UCHUMAYO,RURAL,CARRETERA,SIN CLASIFICAR,SIN CLASIFICAR,NO,-16.540684,-71.697909,DESPEJADO,RURAL,TRAMO RECTO,PLANA ,ASFALTADA,NO,,,SI,NO IDENTIFICA LA CAUSA,
A-2023-05-112,28/05/2023,05:30,CHOQUE CON OBJETO FIJO,1,1,,LIMA,LIMA,SAN MARTIN DE PORRES,URBANA,CARRETERA,NACIONAL,PE-1N,NO,-12.03520243,-77.04900501,DESPEJADO,ESCOLAR,TRAMO RECTO,INCLINADA,ASFALTADA,SI,PREVENTIVA (P),PREVENTIVA (P),SI,EN PROCESO DE INVESTIGACIÓN,NO CUENTA CON CAUSA ESPECIFICA
A-2023-05-49,28/05/2023,11:30,CHOQUE,1,18,2,CUSCO,QUISPICANCHI,OROPESA,URBANA,CARRETERA,NACIONAL,PE-3S,NO,-13.583174,-71.809139,DESPEJADO,COMERCIAL,TRAMO RECTO,PLANA ,ASFALTADA,NO,,,SI,IMPRUDENCIA DEL CONDUCTOR,INVASIÓN DE CARRIL
A-2023-05-51,28/05/2023,19:30,DESPISTE,1,1,1,ICA,ICA,SALAS,RURAL,CARRETERA,NACIONAL,PE-1S,NO,-13.9359444092574,-75.8491343109834,DESPEJADO,RURAL,TRAMO RECTO,PLANA ,ASFALTADA,,,,,IMPRUDENCIA DEL CONDUCTOR,EXCESO DE VELOCIDAD
A-2023-05-109,28/05/2023,19:55,ATROPELLO,1,0,1,ICA,CHINCHA,CHINCHA ALTA,URBANA,CARRETERA,NACIONAL,PE-1S,NO,-13.43404,-76.13442,DESPEJADO,RESIDENCIAL,TRAMO RECTO,PLANA ,ASFALTADA,,,,,NO IDENTIFICA LA CAUSA,
A-2023-05-77,28/05/2023,20:25,ATROPELLO,1,0,,ANCASH,YUNGAY,YUNGAY,RURAL,CARRETERA,NACIONAL,PE-3N,,-9.13966016076447,-77.749192513215,,,,,,,,,,,
A-2023-05-26,28/05/2023,21:00,ATROPELLO,1,0,1,ICA,ICA,SALAS,RURAL,CARRETERA,NACIONAL,PE-1S,NO,-13.9432475,-75.8094135,DESPEJADO,INDUSTRIAL,TRAMO RECTO,PLANA ,ASFALTADA,SI,PREVENTIVA (P),,NO,NO IDENTIFICA LA CAUSA,
A-2021-06-223,28/06/2021,04:50,DESPISTE,1,1,1,CUSCO,ANTA,HUAROCONDO,RURAL,CARRETERA,NACIONAL,PE-3S,NO,-13.427364,-72.218355,DESPEJADO,RURAL,TRAMO RECTO,PLANA ,ASFALTADA,,,,,IMPRUDENCIA DEL CONDUCTOR,EXCESO DE VELOCIDAD
A-2021-06-227,28/06/2021,05:05,CHOQUE,1,1,2,PIURA,PIURA,CASTILLA,URBANA,CARRETERA,NACIONAL,PE-1NJ,NO,-5.231254,-80.635399,DESPEJADO,RURAL,CURVA,PLANA ,ASFALTADA,SI,INFORMATIVA (I),REGULADORA (R),NO,,
A-2021-06-325,28/06/2021,05:45,CHOQUE,2,0,2,LAMBAYEQUE,LAMBAYEQUE,MOTUPE,RURAL,CARRETERA,NACIONAL,PE-1NJ,NO,-6.0373276,-79.677065,DESPEJADO,RURAL,TRAMO RECTO,PLANA ,ASFALTADA,,,,,NO IDENTIFICA LA CAUSA,
A-2021-06-261,28/06/2021,09:00,CHOQUE,1,2,0,LIMA,LIMA,COMAS,URBANA,CARRETERA,NACIONAL,PE-1N,NO,-11.9249983975151,-77.0728730723752,DESPEJADO,COMERCIAL,TRAMO RECTO,PLANA ,ASFALTADA,,,,,NO IDENTIFICA LA CAUSA,
A-2021-06-216,28/06/2021,10:30,DESPISTE,1,0,1,PASCO,DANIEL ALCIDES CARRION,YANAHUANCA,RURAL,CARRETERA,DEPARTAMENTAL,PA-102,NO,-10.4971692325505,-76.5133806919062,NUBLADO,RURAL,CURVA,INCLINADA,ASFALTADA,,,,,IMPRUDENCIA DEL CONDUCTOR,CONDUCIR EN ESTADO DE EBRIEDAD Y/O DROGADICCIÓN
A-2021-06-303,28/06/2021,12:30,DESPISTE,1,1,1,HUANCAVELICA,TAYACAJA,AHUAYCHA,RURAL,CARRETERA,NACIONAL,PE-3SD,NO,-12.39026,-74.89023,DESPEJADO,RURAL,CURVA,INCLINADA,ASFALTADA,SI,PREVENTIVA (P),PREVENTIVA (P),SI,NO IDENTIFICA LA CAUSA,
A-2021-06-262,28/06/2021,20:30,ATROPELLO FUGA,1,0,0,LIMA,LIMA,EL AGUSTINO,URBANA,CARRETERA,NACIONAL,PE-1N,NO,-12.0323652586697,-77.0065338314092,DESPEJADO,INDUSTRIAL,TRAMO RECTO,PLANA ,ASFALTADA,,,,,NO IDENTIFICA LA CAUSA,
A-2021-06-226,28/06/2021,22:00,CHOQUE,1,0,2,PIURA,PIURA,CASTILLA,URBANA,CARRETERA,NACIONAL,PE-1NJ,NO,-5.211506667,-80.62212667,DESPEJADO,RURAL,INTERSECCIÓN,PLANA ,ASFALTADA,NO,,,SI,,
A-2021-06-244,28/06/2021,22:00,ATROPELLO FUGA,1,0,,CAJAMARCA,SAN PABLO,SAN BERNARDINO,RURAL,CARRETERA,VECINAL,CA-1302,NO,-7.21276886421931,-78.7654387588797,DESPEJADO,RURAL,CURVA,INCLINADA,TROCHA,,,,,NEGLIGENCIA DEL CONDUCTOR,OTRO (NEGLIGENCIA DEL CONDUCTOR)
A-2021-06-263,28/06/2021,23:00,ATROPELLO,1,0,0,LIMA,LIMA,BREÑA,URBANA,AVENIDA,URBANO,NO CORRESPONDE,NO,-12.0684561290219,-77.048247104427,DESPEJADO,INDUSTRIAL,TRAMO RECTO,PLANA ,ASFALTADA,,,,,NO IDENTIFICA LA CAUSA,
A-2022-06-233,28/06/2022,00:40,CHOQUE,1,0,,JUNIN,SATIPO,PANGOA,URBANA,CARRETERA,NACIONAL,PE-28C,,-11.4430638434703,-74.4919174674897,,,,,,,,,,,
A-2022-06-191,28/06/2022,05:48,ATROPELLO FUGA,1,0,,LIMA,LIMA,LURIN,RURAL,CARRETERA,NACIONAL,PE-1S,NO,-12.2503313788646,-76.9305127643248,DESPEJADO,INDUSTRIAL,TRAMO RECTO,PLANA ,ASFALTADA,,,,,NO IDENTIFICA LA CAUSA,
A-2022-06-192,28/06/2022,13:45,DESPISTE,2,2,,LIMA,LIMA,VILLA EL SALVADOR,RURAL,CARRETERA,NACIONAL,PE-1N,NO,-12.2222313189744,-76.9744419770715,DESPEJADO,INDUSTRIAL,INTERSECCIÓN,PLANA ,ASFALTADA,,,,,NO IDENTIFICA LA CAUSA,
A-2022-06-229,28/06/2022,15:00,CHOQUE,1,3,2,JUNIN,JAUJA,CURICACA,RURAL,CARRETERA,NACIONAL,PE-3S,NO,-11.78715,-75.67505,DESPEJADO,RURAL,TRAMO RECTO,PLANA ,ASFALTADA,,,,,IMPRUDENCIA DEL CONDUCTOR,EXCESO DE VELOCIDAD
A-2022-06-104,28/06/2022,19:23,DESPISTE,1,0,1,ICA,ICA,ICA,URBANA,AVENIDA,URBANO,NO CORRESPONDE,NO,-14.08007,-75.721941,DESPEJADO,RESIDENCIAL,TRAMO RECTO,PLANA ,ASFALTADA,,,,,NO IDENTIFICA LA CAUSA,
A-2023-06-104,28/06/2023,06:00,DESPISTE,1,1,,PIURA,HUANCABAMBA,HUANCABAMBA,RURAL,CARRETERA,VECINAL,PI-815,NO,-5.171133,-79.59643,DESPEJADO,RURAL,CURVA,INCLINADA,AFIRMADO,,,,,EN PROCESO DE INVESTIGACIÓN,NO CUENTA CON CAUSA ESPECIFICA
A-2023-06-150,28/06/2023,07:00,CHOQUE,1,0,,LIMA,LIMA,CARABAYLLO,URBANA,AVENIDA,URBANO,NO CORRESPONDE,NO,-11.847752,-77.001702,DESPEJADO,RESIDENCIAL,TRAMO RECTO,INCLINADA,ASFALTADA,SI,PREVENTIVA (P),,SI,EN PROCESO DE INVESTIGACIÓN,NO CUENTA CON CAUSA ESPECIFICA
A-2023-06-166,28/06/2023,12:20,DESPISTE,1,1,,JUNIN,JAUJA,PARCO,RURAL,CARRETERA,NACIONAL,PE-3S,NO,-11.784689,-75.567452,DESPEJADO,RURAL,CURVA,PLANA ,ASFALTADA,SI,PREVENTIVA (P),,SI,,
A-2023-06-62,28/06/2023,13:30,DESPISTE,1,1,1,CUSCO,CANCHIS,PITUMARCA,RURAL,CARRETERA,VECINAL,CU-1462,NO,-13.971587,-71.292346,DESPEJADO,RURAL,TRAMO RECTO,INCLINADA,TROCHA,,,,,IMPRUDENCIA DEL CONDUCTOR,FATIGA Y/O CANSANCIO
A-2023-06-58,28/06/2023,21:00,VOLCADURA,1,0,1,SAN MARTIN,RIOJA,NUEVA CAJAMARCA,RURAL,CARRETERA,NACIONAL,PE-5N,NO,-5.895687,-77.33009,DESPEJADO,RURAL,TRAMO RECTO,PLANA ,ASFALTADA,,,,,IMPRUDENCIA DEL CONDUCTOR,OTRO (IMPRUDENCIA DEL CONDUCTOR)
A-2021-07-152,28/07/2021,05:20,CHOQUE,1,0,2,PUNO,EL COLLAO,ILAVE,RURAL,CARRETERA,NACIONAL,PE-3S,NO,-16.1573249503931,-69.5500069603747,DESPEJADO,RURAL,TRAMO RECTO,PLANA ,ASFALTADA,,,,,NEGLIGENCIA DEL CONDUCTOR,OTRO (NEGLIGENCIA DEL CONDUCTOR)
A-2021-07-154,28/07/2021,05:30,DESPISTE,3,0,1,ANCASH,CARHUAZ,AMASHCA,RURAL,CARRETERA,VECINAL,AN-800,NO,-9.20773243099423,-77.6368830464442,DESPEJADO,RURAL,TRAMO RECTO,INCLINADA,TROCHA,,,,,IMPRUDENCIA DEL CONDUCTOR,
A-2021-07-262,28/07/2021,06:45,CHOQUE,1,0,0,LIMA,LIMA,SANTIAGO DE SURCO,URBANA,CARRETERA,NACIONAL,PE-1S,SI,-12.1221291810412,-76.9770900023511,DESPEJADO,RESIDENCIAL,TRAMO RECTO,PLANA ,ASFALTADA,,,,,IMPRUDENCIA DEL CONDUCTOR,EXCESO DE VELOCIDAD
A-2021-07-170,28/07/2021,09:50,ATROPELLO,1,0,0,AYACUCHO,HUAMANGA,PACAYCASA,RURAL,CARRETERA,SIN CLASIFICAR,SIN CLASIFICAR,NO,-13.062846,-74.229671,DESPEJADO,RURAL,CURVA,PLANA ,AFIRMADO,,,,,NEGLIGENCIA DEL CONDUCTOR,OTRO (NEGLIGENCIA DEL CONDUCTOR)
A-2021-07-202,28/07/2021,18:25,CHOQUE,1,0,2,AREQUIPA,ISLAY,DEAN VALDIVIA,RURAL,CARRETERA,SIN CLASIFICAR,SIN CLASIFICAR,NO,-17.140725,-71.801246,DESPEJADO,RURAL,CURVA,INCLINADA,ASFALTADA,NO,,,SI,NO IDENTIFICA LA CAUSA,
A-2022-07-209,28/07/2022,02:45,DESPISTE,4,2,,ANCASH,PALLASCA,TAUCA,RURAL,CARRETERA,NACIONAL,PE-3N,NO,-8.43635712212674,-78.095187536924,DESPEJADO,RURAL,OTRO,INCLINADA,TROCHA,,,,,NO IDENTIFICA LA CAUSA,
A-2022-07-265,28/07/2022,04:15,DESPISTE,1,1,1,LIMA,HUAURA,HUACHO,RURAL,CARRETERA,NACIONAL,PE-1N,NO,-11.39592,-77.39865,DESPEJADO,RURAL,TRAMO RECTO,INCLINADA,ASFALTADA,SI,REGULADORA (R),,NO,IMPRUDENCIA DEL CONDUCTOR,EXCESO DE VELOCIDAD
A-2022-07-82,28/07/2022,07:00,DESPISTE,3,1,1,ANCASH,CARLOS FERMIN FITZCARRALD,SAN NICOLAS,RURAL,CARRETERA,VECINAL,AN-625,NO,-8.94472841849595,-77.2509929354088,SOLEADO,RURAL,SINUOSA,INCLINADA,AFIRMADO,,,,,IMPRUDENCIA DEL CONDUCTOR,FATIGA Y/O CANSANCIO
A-2022-07-236,28/07/2022,09:30,DESPISTE,1,3,,AYACUCHO,CANGALLO,PARAS,RURAL,CARRETERA,NACIONAL,PE-28A,NO,-13.358444,-74.82262,DESPEJADO,RURAL,SINUOSA,PLANA ,ASFALTADA,SI,PREVENTIVA (P),,NO,IMPRUDENCIA DEL CONDUCTOR,EXCESO DE VELOCIDAD
A-2022-07-251,28/07/2022,14:50,DESPISTE,3,0,,JUNIN,CHANCHAMAYO,SAN RAMON,RURAL,CARRETERA,NACIONAL,PE-22B,NO,-11.1811637629186,-75.4554640689718,DESPEJADO,RURAL,CURVA,INCLINADA,ASFALTADA,,,,,IMPRUDENCIA DEL CONDUCTOR,FATIGA Y/O CANSANCIO
A-2022-07-95,28/07/2022,16:00,CHOQUE,2,1,2,LAMBAYEQUE,LAMBAYEQUE,OLMOS,RURAL,CARRETERA,VECINAL,LA-517,NO,-6.02938567788112,-79.806545691682,DESPEJADO,RURAL,TRAMO RECTO,PLANA ,TROCHA,,,,,NO IDENTIFICA LA CAUSA,
A-2022-07-163,28/07/2022,16:20,ATROPELLO FUGA,1,0,,LIMA,LIMA,RIMAC,URBANA,CARRETERA,NACIONAL,PE-1N,NO,-12.0412132878713,-77.0328951228268,DESPEJADO,RESIDENCIAL,TRAMO RECTO,PLANA ,ASFALTADA,SI,INFORMATIVA (I),,SI,NO IDENTIFICA LA CAUSA,
A-2022-07-108,28/07/2022,19:30,ATROPELLO,1,0,1,LA LIBERTAD,VIRU,VIRU,RURAL,CARRETERA,NACIONAL,PE-1N,NO,-8.362982,-78.871678,DESPEJADO,RURAL,TRAMO RECTO,PLANA ,ASFALTADA,,,,,IMPRUDENCIA DEL PEATÓN,CRUCE INDEBIDO POR LA CALZADA
A-2023-07-155,28/07/2023,03:30,DESPISTE,1,0,,PIURA,PIURA,PIURA,URBANA,AVENIDA,URBANO,NO CORRESPONDE,NO,-5.164166,-80.647215,DESPEJADO,RURAL,TRAMO RECTO,PLANA ,ASFALTADA,,,,,,
A-2023-07-179,28/07/2023,03:30,ATROPELLO FUGA,1,0,0,TACNA,TACNA,TACNA,RURAL,CARRETERA,VECINAL,TA-645,NO,-18.305434,-70.320481,DESPEJADO,RURAL,TRAMO RECTO,PLANA ,ASFALTADA,,,,,NO IDENTIFICA LA CAUSA,
A-2023-07-48,28/07/2023,07:50,DESPISTE,1,5,1,LIMA,HUAURA,HUACHO,RURAL,CARRETERA,NACIONAL,PE-1N,NO,-11.3995,-77.39173,DESPEJADO,RURAL,TRAMO RECTO,INCLINADA,ASFALTADA,,,,,EN PROCESO DE INVESTIGACIÓN,NO CUENTA CON CAUSA ESPECIFICA
A-2023-07-80,28/07/2023,11:30,CHOQUE,1,0,1,LA LIBERTAD,SANCHEZ CARRION,HUAMACHUCO,RURAL,CARRETERA,NACIONAL,PE-3N,NO,-7.81110386481998,-78.0528379592268,DESPEJADO,RURAL,TRAMO RECTO,PLANA ,ASFALTADA,,,,,NO IDENTIFICA LA CAUSA,
A-2023-07-64,28/07/2023,12:15,ATROPELLO,1,1,1,PUNO,PUNO,PUNO,URBANA,AVENIDA,URBANO,NO CORRESPONDE,NO,-15.8360125,-70.0231588,DESPEJADO,COMERCIAL,INTERSECCIÓN,PLANA ,ASFALTADA,,,,,IMPRUDENCIA DEL CONDUCTOR,EXCESO DE VELOCIDAD
A-2023-07-79,28/07/2023,20:15,DESPISTE,1,0,1,LA LIBERTAD,ASCOPE,SANTIAGO DE CAO,RURAL,CARRETERA,VECINAL,LI-667,NO,-7.962023,-79.217277,DESPEJADO,RURAL,INTERSECCIÓN,PLANA ,ASFALTADA,,,,,NO IDENTIFICA LA CAUSA,
A-2023-07-160,28/07/2023,20:20,CHOQUE CON OBJETO FIJO,1,3,,HUANCAVELICA,TAYACAJA,ACOSTAMBO,RURAL,CARRETERA,NACIONAL,PE-3S,NO,-12.3783007293629,-75.0485996535858,DESPEJADO,RURAL,CURVA,PLANA ,ASFALTADA,,,,,EN PROCESO DE INVESTIGACIÓN,NO CUENTA CON CAUSA ESPECIFICA
A-2021-08-143,28/08/2021,00:00,ATROPELLO FUGA,1,0,,PUNO,PUNO,PAUCARCOLLA,RURAL,CARRETERA,NACIONAL,PE-3S,NO,-15.741107,-70.055667,DESPEJADO,RURAL,TRAMO RECTO,PLANA ,ASFALTADA,,,,,NO IDENTIFICA LA CAUSA,