CODIGO_SINIESTRO,FECHA_SINIESTRO,HORA_SINIESTRO,CLASE_SINIESTRO,CANTIDAD_DE_FALLECIDOS,CANTIDAD_DE_LESIONADOS,CANTIDAD_DE_VEHICULOS_DANADOS,DEPARTAMENTO,PROVINCIA,DISTRITO,ZONA,TIPO_DE_VIA,RED_VIAL,COD_CARRETERA,EXISTE_CICLOVIA,COORDENADAS_LATITUD,COORDENADAS_LONGITUD,CONDICION_CLIMATICA,ZONIFICACION,CARACTERISTICAS_DE_VIA,PERFIL_LONGITUDINAL_VIA,SUPERFICIE_DE_CALZADA,EXISTE_SENAL_VERTICAL,CLASIFICACION_DE_LA_SENAL_VERTICAL_N_1,CLASIFICACION_DE_LA_SENAL_VERTICAL_N_2,EXISTE_SENAL_HORIZONTAL,CAUSA_FACTOR_PRINCIPAL,CAUSA_ESPECIFICA
A-2023-11-77,28/11/2023,19:00,CHOQUE,1,1,2,LA LIBERTAD,SANTIAGO DE CHUCO,QUIRUVILCA,RURAL,CARRETERA,NACIONAL,PE-3N,NO,-7.993094,-78.293283,LLUVIOSO,RURAL,TRAMO RECTO,PLANA ,ASFALTADA,,,,,NO IDENTIFICA LA CAUSA,
A-2021-12-152,28/12/2021,11:20,CHOQUE,1,0,1,PUNO,CARABAYA,CRUCERO,RURAL,CARRETERA,NACIONAL,PE-34K,NO,-14.3529249,-70.081084,DESPEJADO,RURAL,TRAMO RECTO,PLANA ,ASFALTADA,,,,,IMPRUDENCIA DEL CONDUCTOR,EXCESO DE VELOCIDAD
A-2022-12-74,28/12/2022,06:20,CHOQUE,1,1,2,LA LIBERTAD,TRUJILLO,VICTOR LARCO HERRERA,RURAL,CARRETERA,NACIONAL,PE-1N,NO,-8.133712,-79.064233,DESPEJADO,RURAL,TRAMO RECTO,PLANA ,ASFALTADA,,,,,IMPRUDENCIA DEL CONDUCTOR,EXCESO DE VELOCIDAD
A-2022-12-214,28/12/2022,08:30,CHOQUE,1,0,,JUNIN,CHANCHAMAYO,SAN RAMON,RURAL,CARRETERA,NACIONAL,PE-22B,NO,-11.1100626559242,-75.3426289488776,DESPEJADO,RURAL,CURVA,PLANA ,ASFALTADA,,,,,IMPRUDENCIA DEL CONDUCTOR,INVASIÓN DE CARRIL
A-2022-12-46,28/12/2022,19:00,CHOQUE FUGA,1,0,2,CUSCO,ANTA,LIMATAMBO,RURAL,CARRETERA,NACIONAL,PE-3S,NO,-13.5020023542712,-72.4952346239632,LLUVIOSO,RURAL,TRAMO RECTO,INCLINADA,ASFALTADA,SI,REGULADORA (R),,SI,IMPRUDENCIA DEL CONDUCTOR,EXCESO DE VELOCIDAD
A-2022-12-182,28/12/2022,21:00,ATROPELLO FUGA,1,0,,JUNIN,HUANCAYO,CULLHUAS,RURAL,CARRETERA,NACIONAL,PE-3S,NO,-12.2685745,-75.1248819,LLUVIOSO,RURAL,TRAMO RECTO,PLANA ,ASFALTADA,NO,,,SI,NO IDENTIFICA LA CAUSA,
A-2022-12-56,28/12/2022,21:15,CHOQUE,4,1,2,ICA,PISCO,PARACAS,RURAL,CARRETERA,NACIONAL,PE-1S,NO,-13.8058437189232,-76.1534953254719,DESPEJADO,RURAL,INTERSECCIÓN,PLANA ,ASFALTADA,,,,,NO IDENTIFICA LA CAUSA,
A-2023-12-13,28/12/2023,01:30,DESPISTE,1,0,1,PASCO,PASCO,SIMON BOLIVAR,RURAL,CARRETERA,DEPARTAMENTAL,PA-102,NO,-10.6026386806107,-76.3322243321788,DESPEJADO,RURAL,TRAMO RECTO,PLANA ,ASFALTADA,,,,,IMPRUDENCIA DEL CONDUCTOR,EXCESO DE VELOCIDAD
A-2023-12-49,28/12/2023,17:00,CHOQUE,1,1,2,LA LIBERTAD,SANTIAGO DE CHUCO,QUIRUVILCA,RURAL,CARRETERA,VECINAL,LI-931,NO,-8.0029553613037,-78.2893947353976,DESPEJADO,RURAL,TRAMO RECTO,PLANA ,ASFALTADA,,,,,NO IDENTIFICA LA CAUSA,
A-2023-12-29,28/12/2023,18:50,DESPISTE,1,5,15,CUSCO,CUSCO,SANTIAGO,RURAL,CARRETERA,DEPARTAMENTAL,CU-117,NO,-13.588124,-71.977648,LLUVIOSO,RURAL,CURVA,INCLINADA,ASFALTADA,SI,PREVENTIVA (P),,SI,IMPRUDENCIA DEL CONDUCTOR,EXCESO DE VELOCIDAD
A-2023-12-117,28/12/2023,21:10,ATROPELLO,1,0,,LIMA,LIMA,SAN BARTOLO,RURAL,CARRETERA,NACIONAL,PE-1S,NO,-12.387481,-76.767881,DESPEJADO,RURAL,TRAMO RECTO,PLANA ,ASFALTADA,,,,,,
A-2023-12-130,28/12/2023,23:30,ATROPELLO,1,0,1,TACNA,TACNA,PALCA,RURAL,CARRETERA,SIN CLASIFICAR,SIN CLASIFICAR,NO,-17.548349,-69.535402,DESPEJADO,RURAL,OTRO,PLANA ,TROCHA,,,,,IMPRUDENCIA DEL CONDUCTOR,OTRO (IMPRUDENCIA DEL CONDUCTOR)
A-2021-01-341,29/01/2021,07:00,ATROPELLO,1,0,1,LAMBAYEQUE,CHICLAYO,REQUE,URBANA,CARRETERA,NACIONAL,PE-1N,NO,-6.876218,-79.816787,DESPEJADO,RESIDENCIAL,TRAMO RECTO,INCLINADA,AFIRMADO,,,,,NO IDENTIFICA LA CAUSA,
A-2021-01-340,29/01/2021,08:20,DESPISTE,2,0,1,AMAZONAS,RODRIGUEZ DE MENDOZA,MARISCAL BENAVIDES,RURAL,CARRETERA,NACIONAL,PE-08B,NO,-6.34076822863986,-77.5070585746642,DESPEJADO,RURAL,CURVA,PLANA ,AFIRMADO,,,,,NO IDENTIFICA LA CAUSA,
A-2021-01-288,29/01/2021,10:14,CHOQUE,1,0,,LIMA,LIMA,SAN JUAN DE LURIGANCHO,URBANA,AVENIDA,URBANO,NO CORRESPONDE,NO,-12.0293993828879,-77.0100805163383,DESPEJADO,COMERCIAL,TRAMO RECTO,PLANA ,ASFALTADA,,,,,IMPRUDENCIA DEL CONDUCTOR,OTRO (IMPRUDENCIA DEL CONDUCTOR)
A-2021-01-292,29/01/2021,11:10,CHOQUE,4,0,2,PUNO,SAN ROMAN,CABANILLAS,RURAL,CARRETERA,NACIONAL,PE-34A,NO,-15.6609065,-70.4690692,SOLEADO,RURAL,TRAMO RECTO,PLANA ,ASFALTADA,NO,,,SI,IMPRUDENCIA DEL CONDUCTOR,EXCESO DE VELOCIDAD
A-2021-01-290,29/01/2021,17:40,DESPISTE,1,5,1,ANCASH,HUARAZ,PIRA,RURAL,CARRETERA,NACIONAL,PE-14,NO,-9.54632942229133,-77.6223579713726,LLUVIOSO,RURAL,CURVA,INCLINADA,ASFALTADA,SI,PREVENTIVA (P),,NO,IMPRUDENCIA DEL CONDUCTOR,EXCESO DE VELOCIDAD
A-2021-01-325,29/01/2021,20:30,ATROPELLO,1,0,1,PUNO,SAN ROMAN,CARACOTO,RURAL,CARRETERA,NACIONAL,PE-3S,NO,-15.5359261,-70.1144705,DESPEJADO,RURAL,TRAMO RECTO,PLANA ,ASFALTADA,NO,,,SI,NEGLIGENCIA DEL CONDUCTOR,OTRO (NEGLIGENCIA DEL CONDUCTOR)
A-2021-01-349,29/01/2021,20:58,DESPISTE,1,2,1,PUNO,LAMPA,CALAPUJA,RURAL,CARRETERA,NACIONAL,PE-3S,NO,-15.2802355,-70.2564289,DESPEJADO,RURAL,CURVA,PLANA ,ASFALTADA,SI,INFORMATIVA (I),PREVENTIVA (P),SI,IMPRUDENCIA DEL CONDUCTOR,EXCESO DE VELOCIDAD
A-2022-01-322,29/01/2022,05:00,DESPISTE,1,0,,ANCASH,YUNGAY,QUILLO,RURAL,CARRETERA,SIN CLASIFICAR,SIN CLASIFICAR,NO,-9.32631771539353,-78.0123802080485,DESPEJADO,RURAL,SINUOSA,INCLINADA,TROCHA,,,,,NO IDENTIFICA LA CAUSA,
A-2022-01-309,29/01/2022,11:00,ATROPELLO,1,0,1,JUNIN,HUANCAYO,EL TAMBO,URBANA,CARRETERA,NACIONAL,PE-3S,NO,-12.029801,-75.234779,DESPEJADO,COMERCIAL,TRAMO RECTO,PLANA ,ASFALTADA,,,,,IMPRUDENCIA DEL PEATÓN,CRUCE INDEBIDO POR LA CALZADA
A-2022-01-258,29/01/2022,15:00,CHOQUE,1,0,2,CUSCO,ESPINAR,OCORURO,RURAL,CARRETERA,NACIONAL,PE-34J,NO,-15.0480689048486,-71.1311887863141,NUBLADO,RURAL,TRAMO RECTO,PLANA ,ASFALTADA,,,,,IMPERICIA DEL CONDUCTOR,
A-2022-01-328,29/01/2022,15:13,CHOQUE,2,0,2,HUANUCO,HUANUCO,SANTA MARIA DEL VALLE,URBANA,CARRETERA,NACIONAL,PE-18A,NO,-9.842552,-76.136056,DESPEJADO,RURAL,CURVA,PLANA ,ASFALTADA,,,,,IMPRUDENCIA DEL CONDUCTOR,OTRO (IMPRUDENCIA DEL CONDUCTOR)
A-2022-01-259,29/01/2022,16:30,CHOQUE,1,0,2,LA LIBERTAD,TRUJILLO,EL PORVENIR,URBANA,AVENIDA,URBANO,NO CORRESPONDE,NO,-8.08562,-79.001736,DESPEJADO,COMERCIAL,INTERSECCIÓN,PLANA ,ASFALTADA,,,,,IMPRUDENCIA DEL CONDUCTOR,NO ESTABLECER EL DERECHO DE PASO
A-2022-01-214,29/01/2022,21:30,CHOQUE FUGA,1,0,2,SAN MARTIN,RIOJA,NUEVA CAJAMARCA,URBANA,CARRETERA,NACIONAL,PE-5N,NO,-5.927639,-77.314049,DESPEJADO,COMERCIAL,TRAMO RECTO,PLANA ,ASFALTADA,,,,,NEGLIGENCIA DEL CONDUCTOR,OTRO (NEGLIGENCIA DEL CONDUCTOR)
A-2022-01-326,29/01/2022,23:00,DESPISTE,2,3,1,HUANUCO,HUANUCO,CHURUBAMBA,RURAL,CARRETERA,VECINAL,HU-788,NO,-9.805828,-76.132483,DESPEJADO,RURAL,TRAMO RECTO,INCLINADA,TROCHA,,,,,IMPRUDENCIA DEL CONDUCTOR,OTRO (IMPRUDENCIA DEL CONDUCTOR)
A-2023-01-158,29/01/2023,08:24,ATROPELLO FUGA,1,0,,LIMA,LIMA,LURIN,URBANA,AVENIDA,URBANO,NO CORRESPONDE,NO,-12.24223259,-76.86837913,DESPEJADO,RESIDENCIAL,CURVA,PLANA ,ASFALTADA,,,,,IMPRUDENCIA DEL CONDUCTOR,OTRO (IMPRUDENCIA DEL CONDUCTOR)
A-2023-01-36,29/01/2023,11:10,DESPISTE,2,0,1,AREQUIPA,AREQUIPA,YURA,RURAL,CARRETERA,NACIONAL,PE-34A,NO,-16.104889,-71.618319,DESPEJADO,RURAL,CURVA,INCLINADA,ASFALTADA,NO,,,SI,NO IDENTIFICA LA CAUSA,
A-2023-01-159,29/01/2023,15:30,ATROPELLO,1,0,,LIMA,LIMA,COMAS,URBANA,AVENIDA,URBANO,NO CORRESPONDE,NO,-11.95293236,-77.05133771,DESPEJADO,ESCOLAR,INTERSECCIÓN,INCLINADA,ASFALTADA,NO,,,SI,EN PROCESO DE INVESTIGACIÓN,NO CUENTA CON CAUSA ESPECIFICA
A-2023-01-100,29/01/2023,16:00,DESPISTE,1,1,1,LAMBAYEQUE,FERREÑAFE,FERREÑAFE,RURAL,CARRETERA,DEPARTAMENTAL,LA-111,NO,-6.5958054,-79.7866521,DESPEJADO,RURAL,TRAMO RECTO,PLANA ,ASFALTADA,,,,,NO IDENTIFICA LA CAUSA,
A-2023-01-99,29/01/2023,19:45,CHOQUE,1,0,2,LAMBAYEQUE,CHICLAYO,PUCALA,RURAL,CARRETERA,DEPARTAMENTAL,LA-117,NO,-6.7743365,-79.6101911,DESPEJADO,RURAL,TRAMO RECTO,PLANA ,ASFALTADA,,,,,NO IDENTIFICA LA CAUSA,
A-2023-01-85,29/01/2023,21:30,CHOQUE FUGA,1,0,2,CAJAMARCA,JAEN,BELLAVISTA,RURAL,CARRETERA,VECINAL,CA-745,NO,-5.66332,-78.65324833,DESPEJADO,RURAL,TRAMO RECTO,PLANA ,ASFALTADA,NO,,,SI,NO IDENTIFICA LA CAUSA,
A-2023-01-48,29/01/2023,23:30,DESPISTE,1,0,1,LA LIBERTAD,VIRU,VIRU,URBANA,CARRETERA,NACIONAL,PE-1N,NO,-8.41952644408686,-78.7671017154705,DESPEJADO,RURAL,TRAMO RECTO,PLANA ,ASFALTADA,,,,,NO IDENTIFICA LA CAUSA,
A-2021-03-371,29/03/2021,01:30,CHOQUE,1,2,2,HUANUCO,HUANUCO,PILLCO MARCA,URBANA,CARRETERA,NACIONAL,PE-3N,NO,-9.987041,-76.244492,DESPEJADO,COMERCIAL,TRAMO RECTO,PLANA ,ASFALTADA,,,,,IMPRUDENCIA DEL CONDUCTOR,CONDUCIR EN ESTADO DE EBRIEDAD Y/O DROGADICCIÓN
A-2021-03-295,29/03/2021,03:40,DESPISTE,1,0,1,LIMA,BARRANCA,PARAMONGA,RURAL,CARRETERA,NACIONAL,PE-1N,NO,-10.6484403284423,-77.8504476079503,DESPEJADO,RURAL,TRAMO RECTO,PLANA ,ASFALTADA,,,,,NO IDENTIFICA LA CAUSA,
A-2021-03-357,29/03/2021,05:50,CHOQUE,1,2,2,LIMA,LIMA,VILLA EL SALVADOR,URBANA,AVENIDA,URBANO,NO CORRESPONDE,NO,-12.224975,-76.932972,DESPEJADO,ESCOLAR,INTERSECCIÓN,INCLINADA,ASFALTADA,,,,,IMPRUDENCIA DEL CONDUCTOR,OTRO (IMPRUDENCIA DEL CONDUCTOR)
A-2021-03-358,29/03/2021,07:45,CHOQUE,1,0,2,LIMA,LIMA,CHORRILLOS,URBANA,AVENIDA,URBANO,NO CORRESPONDE,NO,-12.183982,-77.008011,DESPEJADO,RESIDENCIAL,INTERSECCIÓN,PLANA ,ASFALTADA,,,,,IMPRUDENCIA DEL CONDUCTOR,EXCESO DE VELOCIDAD
A-2021-03-359,29/03/2021,19:00,ATROPELLO,1,0,1,LIMA,LIMA,SAN JUAN DE LURIGANCHO,URBANA,AVENIDA,URBANO,NO CORRESPONDE,NO,-12.027828,-77.001119,DESPEJADO,RESIDENCIAL,INTERSECCIÓN,PLANA ,ASFALTADA,,,,,IMPRUDENCIA DEL CONDUCTOR,EXCESO DE VELOCIDAD
A-2021-03-360,29/03/2021,20:00,DESPISTE,1,0,1,LIMA,LIMA,COMAS,URBANA,JIRÓN,URBANO,NO CORRESPONDE,NO,-11.9103990738461,-77.0209266497108,DESPEJADO,RESIDENCIAL,INTERSECCIÓN,INCLINADA,TROCHA,,,,,NO IDENTIFICA LA CAUSA,
A-2022-03-268,29/03/2022,01:00,VOLCADURA,1,0,,MADRE DE DIOS,TAMBOPATA,LAS PIEDRAS,RURAL,CARRETERA,NACIONAL,PE-30C,NO,-12.5421106765209,-69.1429493838584,DESPEJADO,RURAL,TRAMO RECTO,PLANA ,ASFALTADA,,,,,EN PROCESO DE INVESTIGACIÓN,NO CUENTA CON CAUSA ESPECIFICA
A-2022-03-200,29/03/2022,04:30,CHOQUE,1,0,1,CUSCO,LA CONVENCION,SANTA ANA,URBANA,CARRETERA,NACIONAL,PE-28B,NO,-12.8659087845587,-72.6935467593244,DESPEJADO,RESIDENCIAL,TRAMO RECTO,PLANA ,CONCRETO,,,,,IMPRUDENCIA DEL CONDUCTOR,CONDUCIR EN ESTADO DE EBRIEDAD Y/O DROGADICCIÓN
A-2022-03-120,29/03/2022,07:00,DESPISTE,2,2,1,LA LIBERTAD,VIRU,GUADALUPITO,RURAL,CARRETERA,NACIONAL,PE-1N,NO,-8.928619,-78.635569,DESPEJADO,RURAL,TRAMO RECTO,PLANA ,ASFALTADA,,,,,IMPRUDENCIA DEL CONDUCTOR,OTRO (IMPRUDENCIA DEL CONDUCTOR)
A-2022-03-282,29/03/2022,11:00,CHOQUE,1,0,2,PIURA,SULLANA,SULLANA,URBANA,CARRETERA,NACIONAL,PE-1NL,NO,-4.91338927327177,-80.6721572893954,DESPEJADO,RURAL,INTERSECCIÓN,PLANA ,ASFALTADA,,,,,IMPRUDENCIA DEL CONDUCTOR,NO DAR PASO PREFERENTE AL PEATÓN
A-2022-03-187,29/03/2022,14:40,CHOQUE,1,0,2,LAMBAYEQUE,LAMBAYEQUE,OLMOS,URBANA,CARRETERA,NACIONAL,PE-1NJ,NO,-5.988544,-79.737082,SOLEADO,COMERCIAL,TRAMO RECTO,PLANA ,ASFALTADA,,,,,NO IDENTIFICA LA CAUSA,
A-2022-03-127,29/03/2022,18:00,CHOQUE,2,0,2,ICA,NASCA,NASCA,URBANA,CARRETERA,NACIONAL,PE-1S,NO,-14.82183,-74.965426,DESPEJADO,RESIDENCIAL,TRAMO RECTO,PLANA ,ASFALTADA,,,,,NO IDENTIFICA LA CAUSA,
A-2023-03-106,29/03/2023,03:00,VOLCADURA,1,0,,APURIMAC,COTABAMBAS,COYLLURQUI,RURAL,CARRETERA,DEPARTAMENTAL,AP-114,,-13.8086530481583,-72.4263321181003,,,,,,,,,,,
A-2023-03-161,29/03/2023,10:05,ESPECIAL,1,0,1,JUNIN,HUANCAYO,SICAYA,RURAL,CARRETERA,NACIONAL,PE-3SB,NO,-12.0309284,-75.2654001,SOLEADO,RURAL,TRAMO RECTO,PLANA ,ASFALTADA,NO,,,SI,INFRAESTRUCTURA Y ENTORNO VIAL,OTRO (INFRAESTRUCTURA Y ENTORNO VIAL)
A-2023-03-52,29/03/2023,14:30,DESPISTE,1,2,1,AREQUIPA,AREQUIPA,CAYMA,URBANA,OTRO,URBANO,NO CORRESPONDE,NO,-16.3002056,-71.5259325,DESPEJADO,RESIDENCIAL,CURVA,INCLINADA,TROCHA,,,,,NO IDENTIFICA LA CAUSA,
A-2021-04-260,29/04/2021,00:10,CHOQUE,1,1,0,LIMA,LIMA,LOS OLIVOS,URBANA,AVENIDA,URBANO,NO CORRESPONDE,NO,-11.9378246033623,-77.0788811293812,DESPEJADO,INDUSTRIAL,TRAMO RECTO,PLANA ,ASFALTADA,,,,,NO IDENTIFICA LA CAUSA,
A-2021-04-292,29/04/2021,07:00,DESPISTE,1,2,1,JUNIN,YAULI,PACCHA,RURAL,CARRETERA,NACIONAL,PE-3N,NO,-11.485281,-75.9531612,SOLEADO,RURAL,CURVA,PLANA ,ASFALTADA,SI,REGULADORA (R),PREVENTIVA (P),NO,IMPRUDENCIA DEL CONDUCTOR,EXCESO DE VELOCIDAD
A-2021-04-202,29/04/2021,09:00,DESPISTE,1,1,1,CUSCO,CANCHIS,PITUMARCA,RURAL,CARRETERA,DEPARTAMENTAL,CU-125,NO,-13.92986,-71.0209,DESPEJADO,RURAL,CURVA,INCLINADA,TROCHA,,,,,NEGLIGENCIA DEL CONDUCTOR,OTRO (NEGLIGENCIA DEL CONDUCTOR)
A-2021-04-280,29/04/2021,10:50,DESPISTE,1,1,1,LIMA,HUARAL,CHANCAY,RURAL,CARRETERA,NACIONAL,PE-18,NO,-11.3981124530197,-77.3346460926169,DESPEJADO,RURAL,TRAMO RECTO,PLANA ,ASFALTADA,,,,,NEGLIGENCIA DEL CONDUCTOR,CONDUCIR CON FALLAS DE NEUMÁTICOS
A-2021-04-211,29/04/2021,11:00,ATROPELLO FUGA,1,0,1,LA LIBERTAD,TRUJILLO,LAREDO,RURAL,CARRETERA,VECINAL,LI-734,NO,-8.092592,-78.956074,DESPEJADO,RURAL,TRAMO RECTO,PLANA ,ASFALTADA,,,,,IMPRUDENCIA DEL CONDUCTOR,NO DAR PASO PREFERENTE AL PEATÓN
A-2021-04-281,29/04/2021,11:30,ATROPELLO,1,0,1,LIMA,HUARAL,AUCALLAMA,RURAL,CARRETERA,SIN CLASIFICAR,SIN CLASIFICAR,NO,-11.4307817999228,-77.0814312655755,DESPEJADO,RURAL,SINUOSA,INCLINADA,CASCAJO/RIPIO,,,,,NO IDENTIFICA LA CAUSA,
A-2021-04-217,29/04/2021,15:30,CHOQUE,1,3,2,PIURA,PIURA,CASTILLA,URBANA,AVENIDA,URBANO,NO CORRESPONDE,NO,-5.187268,-80.613112,DESPEJADO,RURAL,INTERSECCIÓN,PLANA ,ASFALTADA,,,,,,
A-2021-04-200,29/04/2021,16:00,ATROPELLO,1,0,1,CALLAO,CALLAO,CALLAO,URBANA,CARRETERA,NACIONAL,PE-20,NO,-11.9944074019102,-77.1259919022354,DESPEJADO,COMERCIAL,TRAMO RECTO,PLANA ,CONCRETO,,,,,NO IDENTIFICA LA CAUSA,
A-2021-04-285,29/04/2021,18:45,ATROPELLO,1,0,0,LIMA,HUAURA,VEGUETA,URBANA,CARRETERA,NACIONAL,PE-1N,NO,-10.989429946855,-77.6379148555133,DESPEJADO,RURAL,TRAMO RECTO,PLANA ,ASFALTADA,SI,REGULADORA (R),,NO,IMPRUDENCIA DEL CONDUCTOR,
A-2021-04-204,29/04/2021,23:40,CHOQUE CON OBJETO FIJO,1,0,1,TUMBES,TUMBES,CORRALES,RURAL,CARRETERA,NACIONAL,PE-1N,NO,-3.60304292635461,-80.4970353089727,DESPEJADO,RURAL,TRAMO RECTO,PLANA ,ASFALTADA,SI,PREVENTIVA (P),,SI,IMPRUDENCIA DEL CONDUCTOR,EXCESO DE VELOCIDAD
A-2022-04-119,29/04/2022,00:30,DESPISTE,1,0,1,ANCASH,RECUAY,HUAYLLAPAMPA,RURAL,CARRETERA,VECINAL,AN-1236,NO,-10.0552178659075,-77.5363492740804,DESPEJADO,RURAL,CURVA,INCLINADA,TROCHA,SI,PREVENTIVA (P),,NO,IMPRUDENCIA DEL CONDUCTOR,CONDUCIR EN ESTADO DE EBRIEDAD Y/O DROGADICCIÓN
A-2022-04-267,29/04/2022,16:00,ATROPELLO,1,0,,LORETO,MAYNAS,SAN JUAN BAUTISTA,URBANA,CARRETERA,DEPARTAMENTAL,LO-103,NO,-3.8854225,-73.3516438,DESPEJADO,RURAL,CURVA,INCLINADA,ASFALTADA,NO,,,NO,IMPRUDENCIA DEL PEATÓN,ESTADO DE EBRIEDAD Y/O DROGADICCIÓN
A-2022-04-263,29/04/2022,17:00,DESPISTE,1,0,,LIMA,LIMA,EL AGUSTINO,URBANA,CARRETERA,NACIONAL,PE-1N,,-12.037878,-76.987189,,,,,,,,,,,
A-2022-04-100,29/04/2022,19:10,ATROPELLO,1,1,1,AREQUIPA,AREQUIPA,PAUCARPATA,URBANA,AVENIDA,URBANO,NO CORRESPONDE,NO,-16.41071,-71.504341,DESPEJADO,COMERCIAL,INTERSECCIÓN,INCLINADA,ASFALTADA,NO,,,SI,NO IDENTIFICA LA CAUSA,
A-2022-04-146,29/04/2022,20:00,ATROPELLO,1,0,1,CUSCO,QUISPICANCHI,LUCRE,RURAL,CARRETERA,NACIONAL,PE-3S,NO,-13.6060237739236,-71.7527789836053,DESPEJADO,RURAL,TRAMO RECTO,PLANA ,ASFALTADA,,,,,IMPRUDENCIA DEL CONDUCTOR,EXCESO DE VELOCIDAD
A-2022-04-124,29/04/2022,20:15,CHOQUE,1,0,2,LA LIBERTAD,PACASMAYO,GUADALUPE,URBANA,CARRETERA,VECINAL,LI-508,NO,-7.239658,-79.464864,DESPEJADO,COMERCIAL,TRAMO RECTO,PLANA ,ASFALTADA,,,,,IMPRUDENCIA DEL CONDUCTOR,GIRAR IMPRUDENTEMENTE
A-2022-04-127,29/04/2022,21:00,CHOQUE,1,0,2,LA LIBERTAD,OTUZCO,AGALLPAMPA,RURAL,CARRETERA,NACIONAL,PE-10A,NO,-7.99759582267827,-78.4334564210622,DESPEJADO,RURAL,TRAMO RECTO,PLANA ,ASFALTADA,,,,,NO IDENTIFICA LA CAUSA,
A-2022-04-265,29/04/2022,21:40,ATROPELLO,1,0,,LIMA,LIMA,LURIGANCHO,URBANA,CARRETERA,NACIONAL,PE-22,,-11.930346,-76.691038,,,,,,,,,,,
A-2022-04-102,29/04/2022,22:00,CHOQUE,1,2,2,ICA,PISCO,SAN ANDRES,RURAL,CARRETERA,NACIONAL,PE-1S,NO,-13.815436,-76.147472,DESPEJADO,RURAL,TRAMO RECTO,PLANA ,ASFALTADA,,,,,NO IDENTIFICA LA CAUSA,
A-2023-04-176,29/04/2023,00:35,DESPISTE,1,0,1,CAJAMARCA,CHOTA,CHOTA,RURAL,CARRETERA,NACIONAL,PE-3N,NO,-6.543833,-78.681006,DESPEJADO,INDUSTRIAL,CURVA,PLANA ,ASFALTADA,NO,,,SI,IMPRUDENCIA DEL CONDUCTOR,CONDUCIR EN ESTADO DE EBRIEDAD Y/O DROGADICCIÓN
A-2023-04-54,29/04/2023,04:00,CHOQUE,1,0,2,CUSCO,CUSCO,CUSCO,RURAL,CARRETERA,NACIONAL,PE-3S,NO,-13.503908,-72.019702,DESPEJADO,RURAL,TRAMO RECTO,INCLINADA,ASFALTADA,SI,REGULADORA (R),REGULADORA (R),SI,IMPRUDENCIA DEL CONDUCTOR,EXCESO DE VELOCIDAD
A-2023-04-58,29/04/2023,04:10,CHOQUE,1,0,2,SAN MARTIN,RIOJA,NUEVA CAJAMARCA,RURAL,CARRETERA,NACIONAL,PE-5N,NO,-5.959961,-77.298212,DESPEJADO,RURAL,TRAMO RECTO,PLANA ,ASFALTADA,SI,REGULADORA (R),REGULADORA (R),NO,IMPRUDENCIA DEL CONDUCTOR,OTRO (IMPRUDENCIA DEL CONDUCTOR)
A-2023-04-95,29/04/2023,07:00,CHOQUE,1,0,3,LA LIBERTAD,TRUJILLO,TRUJILLO,RURAL,CARRETERA,NACIONAL,PE-10A,NO,-8.1302045,-79.0136583,DESPEJADO,RURAL,TRAMO RECTO,PLANA ,ASFALTADA,,,,,NO IDENTIFICA LA CAUSA,
A-2023-04-61,29/04/2023,08:45,DESPISTE,4,0,1,HUANCAVELICA,CASTROVIRREYNA,ARMA,RURAL,CARRETERA,NACIONAL,PE-26,NO,-13.134932,-75.54407,DESPEJADO,RURAL,CURVA,PLANA ,ASFALTADA,,,,,NO IDENTIFICA LA CAUSA,
A-2023-04-97,29/04/2023,10:00,ATROPELLO,1,0,1,LA LIBERTAD,TRUJILLO,TRUJILLO,URBANA,AVENIDA,URBANO,NO CORRESPONDE,NO,-8.111718077,-79.01885088,DESPEJADO,COMERCIAL,INTERSECCIÓN,PLANA ,ASFALTADA,,,,,NO IDENTIFICA LA CAUSA,
A-2023-04-100,29/04/2023,11:00,DESPISTE,1,0,,APURIMAC,ABANCAY,CURAHUASI,RURAL,CARRETERA,SIN CLASIFICAR,SIN CLASIFICAR,,-13.7456475526885,-72.5044704393305,,,,,,,,,,,
A-2023-04-128,29/04/2023,13:00,VOLCADURA,1,0,,LIMA,LIMA,VILLA EL SALVADOR,RURAL,CARRETERA,NACIONAL,PE-1S,NO,-12.242372,-76.944312,DESPEJADO,RURAL,TRAMO RECTO,PLANA ,ASFALTADA,,,,,EN PROCESO DE INVESTIGACIÓN,NO CUENTA CON CAUSA ESPECIFICA
A-2023-04-127,29/04/2023,13:45,CHOQUE,2,0,,LIMA,LIMA,CARABAYLLO,URBANA,AVENIDA,URBANO,NO CORRESPONDE,NO,-11.87353797,-77.01561197,DESPEJADO,COMERCIAL,INTERSECCIÓN,INCLINADA,ASFALTADA,SI,PREVENTIVA (P),,NO,EN PROCESO DE INVESTIGACIÓN,NO CUENTA CON CAUSA ESPECIFICA